Nr.;Vorname;Nachname;Geburtsdatum
1;Babette;Theile;23.09.1916
2;Michael;Passon;04.10.1975
3;Klaudius;Triebel;08.08.2000
4;Hanny;Frank;30.09.1967
5;Herold;Greco;19.11.1993
6;Wiltrud;Lewandowski;26.02.2009
7;Annarose;Viertel;05.03.1944
8;Edda;Knaup;22.07.2019
9;Annegreth;Gora;25.11.1905
10;Brünhild;Höfling;02.01.1927
11;Rudolfina;Tröger;22.09.1962
12;Ingemarie;Silber;14.09.1922
13;Käthe;Kaya;21.11.1998
14;Ignazia;Benner;15.10.1999
15;Mathis;Dudda;09.02.1984
16;Heinzdieter;Bühl;09.05.1988
17;Vincenz;Hüls;24.12.1918
18;Barbara;Eberlein;28.02.1928
19;Wingolf;Döring;28.04.1937
20;Friedemar;Kanter;04.04.1914
21;Franz;Klingberg;11.09.2006
22;Hansgünter;Tänzer;10.09.1952
23;Samuel;Bäuerle;16.01.1967
24;Marilu;Lein;26.06.2003
25;Emilie;Kappe;04.09.1926
26;Uranius;Aumann;12.03.1924
27;Ferdinandus;Gräff;29.08.1996
28;Ehrhard;Himstedt;13.04.2001
29;Gebhart;Bungert;29.04.1909
30;Liselotte;Raffel;08.02.1975
31;Ortfried;Lütjen;28.07.1960
32;Bertlinde;Wolfer;20.09.1926
33;Katy;Neubert;02.06.1966
34;Ivo;Niehues;29.03.2006
35;Liborius;Schrodt;16.04.2011
36;Peggy;Otterbein;18.05.1986
37;Gesine;Dey;10.03.1953
38;Hansgerd;Klimpel;06.01.1979
39;Sofie;Lynch;15.08.1984
40;Ursus;Gutermuth;06.04.1906
41;Bianka;Karstens;15.10.1998
42;Detlev;Werling;18.09.2002
43;Liebgard;Petrat;16.01.1913
44;Ehrengard;Schwer;01.08.2005
45;Sylvio;Harnisch;14.02.1978
46;Joel;Sachau;20.06.1908
47;Jolantha;Laakmann;01.09.1927
48;Eckart;Seck;09.12.1928
49;Siegharda;Jankowiak;18.06.1935
50;Gritt;Brieger;16.01.1927
51;Luitwin;Johann;21.06.2015
52;Wladislaus;Weinhardt;21.10.1918
53;Leonard;Karbe;05.09.1981
54;Burgunde;Fricke;15.04.2007
55;Barbara;Sutton;15.04.2021
56;Erlgard;Joseph;20.04.1971
57;Henriette;Krein;30.03.2017
58;Gunhild;Kasten;14.02.1960
59;Bardo;Venus;26.10.1979
60;Olinde;Hettler;09.10.1993
61;Mohammed;Luhmann;02.07.1976
62;Melisande;Harders;23.02.1909
63;Lotta;Kirsch;24.01.2004
64;Jill;Banse;20.03.1991
65;Leonie;Schilz;04.08.2016
66;Caspar;Halbach;31.10.2011
67;Willibert;Wanka;06.03.1971
68;Helmtraut;Wand;10.02.1984
69;Inkmar;Autenrieth;27.10.1933
70;Marcellus;Schott;07.02.2016
71;Wendelin;Förster;21.07.2017
72;Joschua;Goetze;27.02.2005
73;Falko;Holsten;07.11.1964
74;Patrik;Flade;13.04.1963
75;Erdwin;Wucherpfennig;14.10.1962
76;Gertraute;Wiener;08.08.1916
77;Irmhilde;Magin;10.06.1934
78;Leni;Plock;23.05.1933
79;Giselher;Klopsch;01.05.1995
80;Reinhildis;Ludwigs;20.05.2005
81;Hartmann;Bongard;13.07.2014
82;Burgfried;Zeilinger;28.04.1984
83;Reinfried;Pratt;17.12.1978
84;Ehrentraud;Baldwin;08.10.1980
85;Erwin;Franzen;08.04.2002
86;Samira;Seewald;13.04.1981
87;Wanda;Pleines;24.04.2004
88;Otwald;Hanselmann;24.09.1958
89;Falko;Friebel;23.05.2008
90;Winfried;Baldwin;19.04.1963
91;Thomas;Dahlmann;27.10.1968
92;Gerthilde;Eßmann;02.09.2013
93;Brita;Hesse;18.03.1930
94;Ingowart;Wischer;25.08.2015
95;Helen;Goetz;04.10.1975
96;Melisande;Lühmann;30.06.2016
97;Marina;Geppert;02.06.1924
98;Corinna;Rubin;21.11.1992
99;Siegmund;Gras;04.01.1934
100;Burgfried;Gier;04.06.1904
101;Notfried;Belz;11.01.1972
102;Lienhardt;Schönherr;08.08.1938
103;Kathrin;Sandra;30.10.2003
104;Rosie;Dillmann;26.09.1940
105;Hatto;Denzer;27.02.1977
106;Ignatia;Schwandt;22.10.1989
107;Christhelm;Krapf;20.10.1941
108;Barbara;Chambers;29.12.1981
109;Malwine;Nienstedt;17.05.1937
110;Romanus;Poloczek;23.04.2011
111;Hanna;Jeß;27.12.1932
112;Kay;Göke;09.07.1984
113;Helmfried;Behler;07.02.2015
114;Susann;Sänger;05.12.1946
115;Walburga;Nadolny;29.12.1961
116;Evchen;Welge;22.01.1940
117;Benedicta;Sacher;08.04.1910
118;Kathi;Schau;02.04.2004
119;Arite;Sehr;14.04.1946
120;Rico;Steffes;23.08.1905
121;Arwin;Lohoff;26.01.1903
122;Wulf;Striegl;19.08.1927
123;Alina;Stelzner;09.06.2003
124;Edwine;Riedle;17.11.1914
125;Hanni;Hubrich;16.05.1973
126;Linde;Jennings;12.03.2004
127;Isidor;Thalheim;30.05.2019
128;Karl;Französisch;17.10.1919
129;Jonny;Dießner;26.05.1950
130;Folkhardt;Hasenstab;11.02.1927
131;Theresia;Asbeck;09.07.1927
132;Evelyn;Kegler;27.12.2014
133;Idamarie;Ammer;08.12.2021
134;Adeline;Gohr;26.11.1972
135;Hardy;Kammler;13.02.1944
136;Elfrieda;Hübl;12.03.1966
137;Helgert;Bechtold;11.05.1948
138;Sigfried;Hintzen;09.12.1974
139;Sybil;Erol;23.01.1941
140;Elmar;Zeeb;14.02.1966
141;Leonardo;Trautvetter;16.07.1922
142;Marli;Spiller;21.01.2010
143;Ferdinande;Welle;07.05.1987
144;Jonny;Ziebell;26.12.1984
145;Hannelie;Nissen;13.10.1968
146;Alfinus;Schäfer;03.07.1984
147;Edeltraude;Alberti;26.09.1982
148;Ingfried;Glover;28.12.1980
149;Annkathrin;Ott;31.12.1930
150;Hoimar;Bretz;14.08.2001
151;Dorle;Leitner;17.03.1978
152;Aylin;Hunke;07.10.1907
153;Griseldis;Gonsior;17.09.1998
154;Marlies;Petrick;09.08.1975
155;Donat;Klemt;22.05.1911
156;Friedhard;Davis;19.12.1910
157;Patrick;Berger;04.03.1929
158;Burga;Marshall;02.10.1911
159;Roswita;Hardt;27.10.1903
160;Adelheid;Lindenau;15.01.1993
161;Marvin;Hüttig;02.11.1906
162;Anneros;Matuschek;17.03.2014
163;Jo;Jungen;19.05.1931
164;Ingomar;Lüke;05.04.1909
165;Wiglaf;Rosenfeld;24.11.1971
166;Jobst;Lies;10.08.1954
167;Karlheiner;Persch;23.07.1989
168;Joelina;Klimpel;21.02.1926
169;Diethart;Kittler;04.08.1961
170;Bodo;Muth;11.03.1936
171;Philipp;Kleimann;26.06.2021
172;Dana;Berges;03.10.1933
173;Godelind;Zielinski;18.07.1946
174;Sieghelm;Konietzko;01.01.2001
175;Gerta;Manhart;11.01.1905
176;Antonie;Godau;16.07.2024
177;Tassilo;Bruckner;17.08.1952
178;Heinzdieter;Baltzer;29.12.1989
179;Margreth;Kistler;15.02.1908
180;Diethelm;Hülsen;11.06.1978
181;Uwe;Lüttge;08.11.1902
182;Gerda;Sarikaya;16.09.1932
183;Boto;Glienke;09.08.1944
184;Lilli;Greuel;08.06.2008
185;Claudius;Knauer;12.03.2025
186;Elselore;Göller;02.08.1971
187;Erdmuthe;Caspari;29.05.2004
188;Kurd;Löber;21.08.1980
189;Alphonsus;Graupner;31.05.1985
190;Dorchen;Fengler;14.08.1970
191;Freimut;Fuhrmann;15.01.1940
192;Siegenot;Rinn;27.01.1973
193;Hildetraud;Knoth;04.03.1987
194;Arnd;Grob;29.09.1968
195;Ilsegard;Rubin;20.09.2016
196;Roseliese;Glaab;22.11.1907
197;Annedoris;Möbus;15.04.1957
198;Liselore;Grossmann;26.11.1980
199;Wennemar;Hornemann;08.02.2016
200;Marielene;Sitzmann;28.02.1999
201;Siegberta;Keim;23.02.2000
202;Birghild;Kitzmann;11.02.2000
203;Maren;Bornschein;11.04.1943
204;Bernd;Hetzel;02.02.2015
205;Eddi;Fäth;16.12.2009
206;Sigwart;Goldschmidt;15.11.2020
207;Joschua;Klöcker;30.08.1992
208;Hadubert;Bücher;04.03.2006
209;Wilmar;Galonska;11.02.1943
210;Annagret;Rödel;25.11.1942
211;Sigunde;Jöst;25.03.1906
212;Marko;Brinkhoff;24.10.1942
213;Ursula;Hausdorf;08.04.2013
214;Alina;Grützmacher;25.05.1918
215;Friedmar;Stamm;10.07.1999
216;Biggi;Gottschalk;07.11.1911
217;Sidonie;Degner;30.06.1998
218;Käte;Rieg;15.12.1938
219;Theodeline;Pilger;27.07.1902
220;Alphonsus;Penning;22.12.1950
221;Margolf;Wigger;09.06.1992
222;Isbert;Seeber;04.02.1938
223;Jochen;Lang;07.05.1930
224;Edeltraut;Eisenblätter;17.03.1942
225;Annedörte;Bad;30.03.2025
226;Traugott;Faul;05.05.1924
227;Valentine;Heße;31.12.1925
228;Scholastika;Gerlach;28.08.1991
229;Anna;Beckers;15.08.1953
230;Toralf;Scheid;16.12.1976
231;Siegrid;Ellinghaus;25.02.2010
232;Huldine;Kossmann;20.02.1957
233;Rosetraut;Fürstenau;01.04.1919
234;Iven;Mahlberg;07.05.2010
235;Wilbert;Krüger;08.12.1998
236;Raik;Kruck;24.11.1947
237;Othmar;Holzmann;07.10.1949
238;Kristina;Topal;31.07.1951
239;Sindy;Adkins;30.07.1980
240;Erdfried;Willig;30.01.1907
241;Yannik;Petrat;22.03.2008
242;Bringfried;Schiffers;19.08.1917
243;Susi;Steinbauer;29.07.2008
244;Carina;Sauter;07.05.1995
245;Friedhard;Zintl;14.06.1986
246;Heinzdieter;Wiegel;02.11.1961
247;Hartger;Würfel;28.04.1981
248;Gertmund;Bartelt;24.04.1996
249;Marielene;Spiekermann;10.05.1907
250;Helma;Aldinger;08.02.1903
251;Andy;Zens;22.11.1987
252;Annik;Späth;18.08.2010
253;Elia;Wang;15.09.2022
254;Babett;Prieß;13.06.1919
255;Marilu;Ellermann;26.08.1949
256;Patricia;Sönnichsen;08.03.1947
257;Leandro;Markowski;05.12.1948
258;Fabian;Damerow;10.05.1945
259;Tristan;Bäumer;18.02.1949
260;Steve;Heuberger;23.08.1960
261;Adrian;Deiß;11.12.1951
262;Tilla;Eisenhardt;05.06.1988
263;Veronika;Glienke;13.03.1974
264;Eckehardt;Malcher;07.06.2014
265;Jürgen;Dopfer;28.04.1934
266;Renilde;Rüth;30.11.2014
267;Freddy;Gabriel;05.11.2007
268;Achaz;Wille;18.01.1944
269;Isabella;Diem;29.05.1996
270;Heinzwerner;Steininger;02.08.1943
271;Irmin;Schillings;15.07.2021
272;Caroline;Roters;07.11.1984
273;Kaspar;Arslan;14.06.1958
274;Fabienne;Pavlovic;21.04.1910
275;Annetrud;Bailey;23.03.1992
276;Juli;Knape;28.09.1954
277;Margarete;Bokelmann;14.03.1911
278;Bertlinde;Burton;17.02.1981
279;Loremarie;Gruhn;04.12.1926
280;Hanskarl;Taube;22.07.1921
281;Meta;Lasch;10.06.1915
282;Sepp;Olthoff;11.08.1923
283;Ortwin;Colditz;13.08.2018
284;Anneros;Krell;17.09.1923
285;Heyo;Tammen;22.05.1963
286;Dorchen;Wiegert;10.04.1957
287;Willhart;Dettmann;14.07.1936
288;Josef;Kalmbach;11.07.1905
289;Hetty;Austermann;13.12.1992
290;Sascha;Oschmann;14.02.1989
291;Rosegret;Erber;01.07.1909
292;Werngard;Dichtl;05.02.1922
293;Klothildis;Gehlert;04.12.2014
294;Hildeburg;Schirra;28.10.1972
295;Burkhard;Püschel;31.08.1982
296;Yasmin;Menz;22.11.2008
297;Wilfried;Gombert;27.04.1940
298;Bernhart;Ohl;15.10.1963
299;Arist;Uhlenbrock;13.01.1967
300;Arne;Witschel;22.01.1971
301;Rochus;Recktenwald;25.10.1933
302;Kathrin;Schneid;30.11.2010
303;Erni;Spranger;03.10.1963
304;Robby;Luhmann;21.09.1938
305;Burckhardt;Kohnle;19.06.1972
306;Ludwiga;Nölke;16.01.1968
307;Oslinde;Schreck;29.05.2017
308;Susanne;Aßmann;06.12.1954
309;Janett;Staub;20.06.2012
310;Willmar;Reed;01.12.1925
311;Myrta;Wallbaum;05.07.2002
312;Gertraute;Gensch;20.06.1922
313;Aline;Giebel;01.03.2006
314;Heinzkarl;Lehnhardt;29.01.2013
315;Eitelbert;Riethmüller;09.04.1950
316;Harry;Classen;29.12.1930
317;Ullrich;Tack;15.11.1930
318;Albin;Wildt;27.08.1966
319;Irmhilde;Eirich;13.07.1986
320;Ingunde;Harder;01.04.1905
321;Traudlinde;Borth;13.04.2000
322;Gerda;Eber;05.09.1994
323;Gitti;Deger;14.03.2000
324;Annetraude;Hankel;20.08.1954
325;Curd;Mitterer;22.04.1975
326;Christoph;Maisch;01.08.2002
327;Vincent;Gruschka;11.01.1961
328;Marielouise;Pollmann;31.03.1961
329;Emmeran;Hölz;11.01.1950
330;Gundhart;Leicher;30.06.1999
331;Anselm;Luber;16.07.1940
332;Hanswolf;Olszewski;08.03.1985
333;Tabea;Holzmüller;03.03.2003
334;Friedegard;Buchmüller;03.05.1966
335;Nike;Wodtke;28.11.1907
336;Wigand;Hübener;21.02.1933
337;Claudius;Albrecht;19.07.1952
338;Dominikus;Wischmann;13.06.1934
339;Delia;Elbers;03.04.1995
340;Anneli;Rathgeb;01.06.2005
341;Lennart;Rieker;22.02.2016
342;Fenja;Graham;12.12.1925
343;Swen;Nübel;12.02.1967
344;Riccardo;Gramsch;09.03.1980
345;York;Davidson;22.11.1926
346;Ali;Lange;20.12.1972
347;Gottfriede;Nienhaus;11.02.1935
348;Antja;Brüggen;15.07.1986
349;Birgitta;Bertz;20.01.1920
350;Fabian;Biener;05.11.1941
351;Tristan;Grandt;10.05.1921
352;Viola;Holle;09.02.1932
353;Cordian;Warkentin;03.05.1991
354;Heintje;Chapman;01.04.1987
355;Alicia;Otte;13.03.1985
356;Mariegret;Wischmann;30.09.1999
357;Jaqueline;Weiher;31.12.2009
358;Jonah;Spiekermann;05.08.1940
359;Helbert;Röckl;23.02.2007
360;Bjarne;Melchert;11.06.1974
361;Luise;Lukas;28.05.1995
362;Julius;Haase;06.05.2017
363;Gertraud;Bösel;04.10.1925
364;Dela;Eppler;27.03.1998
365;Philine;Balzer;03.07.1927
366;Irminfried;Pichler;25.08.1971
367;Arnhild;Worm;18.09.1937
368;Ottheinrich;Belz;06.06.1928
369;Ingunde;Thorn;03.09.1915
370;Mark;Eroglu;31.05.1958
371;Achaz;Kurtz;20.03.1998
372;Wilmar;Jaksch;09.03.1931
373;Heinzkarl;Börner;17.10.2023
374;Irmengild;Runkel;21.04.2003
375;Friedhold;Fichtl;06.03.2000
376;Marlitt;Alt;10.07.1977
377;Irmin;Willer;27.04.2023
378;Conrad;Timpe;21.03.1938
379;Jennifer;Niklas;20.07.1995
380;Editha;Winkelmann;05.12.1949
381;Anneheide;Löffler;12.05.1938
382;Elisa;Ehrmann;14.02.1994
383;Dietram;Hantke;31.07.1933
384;Kordelia;Niedermeier;13.02.2017
385;Jana;Trenz;03.10.1987
386;Arved;Krupp;12.06.1909
387;Leopold;Emig;06.02.2009
388;Karli;Eichinger;29.01.1954
389;Otheinrich;Konradi;01.12.1910
390;Rico;Freyer;26.06.2012
391;Zita;Hütter;25.03.2009
392;Margrit;Scharfe;17.07.1988
393;Mona;Neudeck;02.01.1966
394;Gernulf;Yang;16.04.2022
395;Marius;Hofheinz;13.08.1976
396;Malwine;Domnick;16.06.2013
397;Holle;Krenzer;19.05.1922
398;Hanny;Bultmann;10.07.1907
399;Erdmann;Büchel;06.10.1914
400;Treufried;Sperber;25.02.1968
401;Liesel;Lederer;15.02.1950
402;Dierk;Summer;26.09.1990
403;Friedlenchen;Gutmann;03.08.1971
404;Edeltrud;Gentner;10.12.1928
405;Dora;Schweda;26.12.1904
406;Katrin;Streich;30.12.1939
407;Haimo;Ettl;01.09.2010
408;Didi;Löhr;01.12.1958
409;Egidius;Berghammer;30.06.1909
410;Frowine;Klopfer;19.08.2001
411;Roselius;Hamm;12.05.1905
412;Trudbert;Höfner;04.09.2023
413;Edgar;Jäkel;06.03.1995
414;Ludwig;Methner;24.05.1974
415;Walburga;Bernd;08.03.2006
416;Heike;Schill;19.01.2007
417;Lottemaria;Staudenmaier;01.11.1973
418;Nanni;Heyse;14.05.2007
419;Germar;Nied;04.02.1902
420;Alex;Krogmann;27.08.1933
421;Wigbert;Selent;16.03.1983
422;Roselius;Hettich;05.01.1934
423;Kornelius;Geldmacher;12.11.1916
424;Edeltrud;Germann;21.11.1909
425;Bodo;Schedlbauer;16.07.1911
426;Irmo;Scherer;05.07.1972
427;Kathrein;Märkl;01.04.1983
428;Irmin;Simons;19.02.1948
429;Christhard;Poth;26.09.1976
430;Bernfried;Richters;07.06.1913
431;Stina;Weiske;29.08.1938
432;Dorothea;Tautz;19.11.1932
433;Heideliese;Dams;18.08.2022
434;Korbinian;Bittermann;25.10.1923
435;Cora;Bahr;26.08.1902
436;Karlhans;Körber;22.11.1978
437;Ishild;Sonnenschein;06.04.1980
438;Gunda;Cohrs;16.07.1961
439;Gina;Cinar;14.12.2002
440;Luitpold;Feser;07.09.1944
441;Freiwald;Knüpfer;19.02.1959
442;Herbert;Castillo;02.04.1967
443;Melitta;Lauer;05.08.2013
444;Telse;Mergenthaler;04.09.2007
445;Katrin;Baran;13.07.1992
446;Leona;Prochnow;03.04.1950
447;Ursl;Buscher;27.08.2023
448;Wernher;Eisenhuth;27.08.1922
449;Kimberly;Sari;28.04.1999
450;Mariegret;Deuerling;20.08.1974
451;Arlinde;Moritz;26.03.1982
452;Diethart;Williamson;06.05.1968
453;Mirko;Wienand;18.12.2023
454;Richardis;Krajewski;07.11.1944
455;Othmar;Lohaus;18.07.1989
456;Hilar;Stuke;01.02.1915
457;Harda;Goldschmidt;10.12.1903
458;Torben;Johann;10.12.1962
459;Melitta;Schnitzer;10.01.1908
460;Wilbrand;Markowski;09.01.1923
461;Malwine;Bohnen;29.09.1936
462;Albin;Rist;01.03.1978
463;Lindmar;Caspar;02.05.1906
464;Mara;Kösling;27.07.1943
465;Nicholas;Unglaub;06.12.1976
466;Vincenz;Keinath;27.03.1927
467;Klementine;Reiss;22.10.1964
468;Wiltrude;Eisenreich;01.10.1910
469;Nikodem;Gering;20.01.1920
470;Mayk;Grigo;16.09.1959
471;Herger;Mühleisen;07.08.1928
472;Kora;Bald;10.05.1975
473;Florentius;Wanders;01.05.2016
474;Birglinde;Eckerle;16.12.1959
475;Sofie;Friedemann;04.02.1946
476;Can;Klammer;12.03.1992
477;Nortrun;Kreibich;23.05.1962
478;Rosegret;Oehmichen;14.01.1987
479;Alfhard;Sandmann;04.12.1973
480;Alexander;Nüsse;25.07.1980
481;Albrecht;Papadopoulos;11.07.1947
482;Idamarie;Stutz;17.06.1924
483;Edelbert;Mühlbauer;23.07.2016
484;Erlfried;Hildenbrand;01.03.1947
485;Bringfried;Noske;14.04.2019
486;Carola;Recke;31.07.1988
487;Altfried;Conen;22.03.1988
488;Rafael;Klingberg;26.02.1920
489;Fiona;Brandenburg;25.07.2002
490;Walter;Gleißner;31.05.1993
491;Auguste;Kornmann;07.05.1915
492;Lennox;Hasselberg;24.02.1950
493;Erna;Biller;27.10.2023
494;Verena;Jakubowski;30.03.2023
495;Dietolf;Borges;04.04.2025
496;Sonnhardt;Stengl;22.10.1917
497;Annedorle;Pink;23.05.1947
498;Roselene;Mark;19.01.1938
499;Jeannette;Kielmann;06.05.2006
500;Merlinde;Helwig;07.01.1996
501;Brünhilde;Mehner;31.08.2008
502;Welfhard;Jopp;28.09.1974
503;Ela;Steinhaus;05.04.1943
504;Thies;Schwanke;10.05.1954
505;Inghard;Ehnert;26.03.1968
506;Keno;Marggraf;06.04.1947
507;Lilian;Imhoff;27.08.1923
508;Willy;Schnitzer;25.06.1924
509;Gebhart;Sonne;12.06.1978
510;Sepp;Faltermeier;28.04.1985
511;Sylvelin;Mergner;22.02.1932
512;Bartosch;Männel;01.06.2015
513;Helmtrud;Stoffregen;09.04.1949
514;Margret;Helten;05.12.1960
515;Cindy;Heidinger;16.07.2017
516;Jolanta;Bonin;15.12.1976
517;Swenja;Riepe;08.03.1940
518;Lennox;Engel;11.07.1950
519;Bertwin;Nelles;13.10.1921
520;Frigga;Rehfeld;03.08.1967
521;Goswin;Klink;26.01.1959
522;Cordian;Brunotte;17.12.1915
523;Christhardt;Goretzki;21.03.1913
524;Edeltraudt;Carstensen;12.07.1961
525;Friedoline;Wegner;28.05.1969
526;Tilla;Golombek;08.06.1940
527;Oswin;Wehrle;22.11.1912
528;Liselore;Bosbach;07.11.2016
529;Oskar;Matthews;10.04.1906
530;Katharina;Noe;13.03.1975
531;Elfy;Rinck;10.12.1996
532;Zeno;Bähre;09.07.1981
533;Kunigunda;Mauermann;12.07.1988
534;Gotthilf;Lichtenberg;22.01.1961
535;Oswald;Rösler;22.02.1923
536;Matis;Knoblich;27.04.1977
537;Volkard;Kost;28.04.1930
538;Carl;Weser;28.03.1952
539;Freddy;Feyerabend;15.03.1915
540;Hellmut;Kretschmer;02.09.1982
541;Florentius;Scheu;03.03.1956
542;Barbli;Ehrig;22.09.2005
543;Meinrad;Siepe;08.11.1942
544;Agathe;Luft;01.03.1962
545;Kuno;Kroner;19.11.1950
546;Lotti;Zell;20.08.1926
547;Andre;Hund;03.02.1932
548;Kristian;Stenger;21.05.1947
549;Leah;Nonn;05.11.1939
550;Lilli;Schellhorn;13.11.1970
551;Tankred;Schemmel;25.06.1964
552;Steffen;Gebhart;25.10.2006
553;Siegmar;Allen;21.09.1940
554;Friedewald;Stadelmann;01.01.2000
555;Bärbel;Andrae;15.10.1904
556;Ottokar;Lueg;24.09.1956
557;Kristof;Siekmann;25.09.2010
558;Pascal;Maass;28.03.2001
559;Hartlieb;Heger;21.05.2016
560;Torben;Lotter;11.05.1909
561;Sieglind;Stolper;20.12.1996
562;Volkard;Saathoff;29.09.1968
563;Sylke;Grüninger;17.10.1997
564;Ingeburg;Meer;10.03.1923
565;Eunike;Wald;21.01.2007
566;Sofia;Welsch;24.09.1949
567;Sylvana;Hempen;04.05.1975
568;Roswita;Witt;26.07.1919
569;Rosie;Zwirner;07.02.1998
570;Friedeborg;Diers;12.05.1949
571;Kaja;Larsen;18.10.1936
572;Helbert;Gensler;10.10.1923
573;Annamarie;Seibert;17.02.1984
574;Hanswolf;Kelle;27.11.1946
575;Ekhardt;Eichenseer;25.12.2000
576;Gordian;Wetzel;29.01.2000
577;Margareth;Peinemann;24.05.1920
578;Ferdinande;Krisch;14.07.2010
579;Nadja;Löb;23.02.1910
580;Ralph;Klimpel;15.06.1982
581;Willehad;Birr;11.07.1910
582;Astrid;Stehle;02.09.2020
583;Hanni;Möckel;23.12.1962
584;Hilgrun;Hemmersbach;28.12.1903
585;Freya;Golling;06.08.1918
586;Rena;Hillers;22.12.1931
587;Otthold;Stelzer;12.05.2005
588;Ole;Celik;30.05.1948
589;Pierre;Becher;18.04.1957
590;Bernhardin;Hansen;25.07.1935
591;Freiwald;Kroll;07.06.1981
592;Heimwald;Gude;09.10.1954
593;Friedemar;Kammerl;01.07.1919
594;Ernst;Raddatz;04.06.1947
595;Justin;Bräunig;29.10.1938
596;Leo;Dicke;11.08.1993
597;Jana;Spengler;05.12.1926
598;Hanshelmut;Gründer;27.07.1968
599;Lenard;Walkowiak;03.06.1989
600;Anneliese;Kelley;07.08.1912
601;Esther;Metz;22.10.1918
602;Gebhart;Wischer;08.02.1940
603;Florentine;Epple;03.11.2013
604;Kätchen;Schwöbel;01.11.1973
605;Karlhans;Moormann;10.07.2009
606;Gaby;Manning;23.03.1921
607;Ishild;Tesche;01.08.1931
608;Kläre;Wernet;05.10.2024
609;Friedemar;Eickmann;28.05.1982
610;Kaja;Zastrow;31.03.1966
611;Inka;Hoss;12.07.1972
612;Balthasar;Keppler;28.08.1916
613;Hildrun;Wittek;28.06.1938
614;Adela;Schrade;12.08.1954
615;Annekäthe;Walsh;19.11.1984
616;Emil;Köhnlein;29.11.1979
617;Marc;Herbig;28.09.1938
618;Hasko;Gehling;28.04.2002
619;Treufried;Küper;24.04.1952
620;Herold;Kunisch;23.03.1949
621;Kjell;Zanker;16.03.1907
622;Iris;Tischler;30.11.2023
623;Laurens;Rothmund;02.09.2000
624;Lisanne;Andreas;12.04.1908
625;Adelheide;Tost;30.06.2000
626;Gerritdina;Streich;15.07.1962
627;Marcus;Korsch;29.03.1955
628;Remigius;Fellner;26.06.1987
629;Helmut;Neher;28.06.1958
630;Marzel;Stute;18.06.1960
631;Hartmut;Seiffert;22.04.1975
632;Annehild;Humpert;03.02.1938
633;Gerdhild;Prothmann;14.12.2024
634;Hansdieter;Leitz;10.04.1903
635;Randolf;Haun;30.04.2005
636;Schwanhild;Seeger;02.01.2014
637;Caren;Seeger;17.11.1989
638;Wiltrud;Ling;08.07.1970
639;Janina;Linner;09.02.1992
640;Clotilde;Tiedt;29.09.1918
641;Svea;Giesa;12.01.1962
642;Elias;Röck;18.04.2012
643;Karlheiner;Schindele;11.07.1939
644;Elgard;Siems;06.05.1942
645;Laurin;Ramin;03.11.1967
646;Goldina;Plischke;16.01.1922
647;Aribert;Klever;17.07.1966
648;Markwart;Knittel;07.04.2014
649;Eckardt;Luthardt;08.09.1940
650;Arved;Matic;05.11.1924
651;Reinhardine;Illig;25.02.2003
652;Immanuel;Kilger;26.09.1971
653;Eddi;Gatz;11.05.1988
654;Ermenhild;Stade;01.10.1943
655;Martin;Ide;20.10.1930
656;Susann;Hugo;12.04.2025
657;Zoe;Macke;27.07.2000
658;Corina;Copeland;07.07.1976
659;Bernhardt;Koschinski;11.05.1941
660;Dennis;Wunderlich;19.02.2011
661;Herko;Rudolf;16.02.1937
662;Helene;Knipping;29.07.1948
663;Paul;Wilts;04.08.1907
664;Mathias;Bockholt;04.01.1957
665;Hermelinde;Winters;19.04.2025
666;Isedore;Frazier;25.01.1981
667;Eduard;Burkhardt;16.11.1933
668;Emre;Timpe;02.07.1910
669;Heimar;Menzel;01.11.1993
670;Frithjof;Mehling;30.03.1956
671;Beate;Wachsmuth;19.09.2011
672;Willmar;Lohmüller;25.12.1988
673;Joana;Schamberger;22.08.1971
674;Emeram;Hüter;14.04.2016
675;Birgitta;Barber;30.10.1986
676;Kurt;Heun;22.03.1953
677;Caspar;Mönnich;29.05.1977
678;Janin;Michl;29.07.2015
679;Loisl;Zingler;08.04.2006
680;Nicole;Deiters;08.06.1962
681;Odilo;Merle;28.10.1994
682;Willibert;Dudek;18.05.1978
683;Rico;Klingelhöfer;13.11.2022
684;Gerdfried;Nägele;14.01.1986
685;Stella;Liebetrau;07.04.1998
686;Karlfrieder;Plümer;01.06.1932
687;Torsten;Neidhardt;11.08.1944
688;Friedrun;Rogge;10.08.1945
689;Fini;Dworschak;18.01.1999
690;Willibald;Rödel;03.05.1956
691;Othmar;Klemp;08.12.1906
692;Christiane;Hund;20.10.2021
693;Kai;Miersch;21.02.1966
694;Hieronimus;Köhn;03.09.1977
695;Zenzi;Sepp;14.06.2018
696;Friedbert;Fäth;06.08.1980
697;Emmely;Aumüller;13.06.1932
698;Ronald;Welsch;22.09.1972
699;Michaela;Schanz;21.04.1937
700;Ingetraut;Hutter;10.02.1912
701;Friedewald;Glaab;13.08.1993
702;Huldine;Bruchmann;22.08.1917
703;Matilda;Mertens;15.06.1921
704;Annebärbel;Zeller;20.05.1904
705;Burkard;Rost;04.11.1997
706;Lydia;Redemann;29.04.1980
707;Gernulf;Stieber;09.07.1934
708;Notfried;Schmal;21.04.1904
709;Adelfried;Freigang;23.10.1957
710;Walti;Obermeier;01.08.1960
711;Alfinus;Rauber;13.04.2019
712;Telse;Ohler;20.12.1940
713;Wilgard;Schaumburg;01.12.2010
714;Hannsjörg;Nehring;31.07.1938
715;Eckardt;Grafe;04.05.1934
716;Hadwig;Zentner;22.11.1928
717;Christine;Hanika;18.02.1928
718;Hariolf;Pietsch;12.08.1922
719;Tanja;Siebel;11.12.1957
720;Fridoline;Bauch;15.04.1924
721;Jonah;Schiel;29.02.1940
722;Anton;Rittner;26.08.1994
723;Boris;Lüdke;16.01.2006
724;Dietbald;Kann;25.06.2012
725;Lilli;Schulz;21.09.2018
726;Detlef;Hild;20.03.1979
727;Frederik;Heid;15.10.1955
728;Kati;Langlotz;07.05.1926
729;Antja;Henke;12.09.2009
730;Huldine;Steding;18.12.1981
731;Dorle;Schirra;31.12.1952
732;Anja;Mahr;30.01.1929
733;Siegtraud;Koblitz;25.06.1960
734;Christof;Rösel;29.09.1934
735;Kriemhild;Dexheimer;11.10.2001
736;Gesine;Funke;09.12.2013
737;Anneli;Holzhausen;04.05.1926
738;Kathrinchen;Weingart;29.04.1961
739;Otfried;Löwe;05.04.1908
740;Margret;Demir;06.12.1944
741;Kathrina;Loosen;05.10.1947
742;Jona;Krauß;09.09.1951
743;Julian;Kern;02.07.1961
744;Kristina;Bodenmüller;06.12.1932
745;Carlotta;Kloß;23.09.1980
746;Isabell;Obermayer;23.06.2011
747;Caren;Dambacher;08.12.2021
748;Ilsedore;Ryan;16.09.1997
749;Diethelm;Hawkins;04.02.1943
750;Vincent;Stolp;30.11.1902
751;Leoni;Kögler;29.06.1965
752;Frowin;Oehler;21.10.2004
753;Mirko;Händel;30.03.1908
754;Chantalle;Bommer;20.12.2002
755;Neithart;Zillmann;18.10.1932
756;Heinzkarl;Mockenhaupt;01.06.1945
757;Burghilde;Moos;30.05.1939
758;Annekathrin;Rick;08.07.1992
759;Gundula;Martens;17.06.1974
760;Aileen;Gödeke;23.06.1995
761;Folkhardt;Lewe;19.01.2020
762;Nadin;Deckert;16.12.2017
763;Gefion;Uecker;10.12.1903
764;Birke;Gibbs;18.04.2022
765;Hippolytus;Ziegenbein;05.03.1931
766;Stefani;Lehmkuhl;25.10.2010
767;Laurens;Eberwein;12.07.1920
768;Bernulf;Kusterer;19.04.2006
769;Jannik;Metzen;13.04.1928
770;Ula;Kindl;11.12.1997
771;Ottwin;Kinner;28.12.2013
772;Rosemarie;Zingler;19.03.1923
773;Annabelle;Höck;22.08.1924
774;Hannmeike;Dobner;09.09.1936
775;Hansl;Isele;05.06.2013
776;Horst;Fördern;16.10.2024
777;Wiltraut;Manger;29.06.2011
778;Helgomar;Brust;01.09.2001
779;Senta;Massey;07.12.1948
780;Rosalie;Stitz;17.11.1972
781;Tommy;Knigge;15.04.2019
782;Annik;Hanselmann;03.10.2005
783;Luk;Kohn;27.08.1997
784;Kläre;Szabo;05.06.1954
785;Franzi;Mahn;14.01.2005
786;Samuel;Meßner;23.10.2019
787;Jost;Tholen;22.12.1975
788;Biggy;Zähringer;21.11.2002
789;Maleen;Mund;08.04.2000
790;Klaudius;Ringe;16.12.1932
791;Witta;Zoeller;12.10.1915
792;Rouven;Bürkle;14.10.2003
793;Thankmar;Semmler;01.11.1995
794;Sophie;Ostrowski;05.05.1983
795;Felizia;Bohr;18.05.1955
796;Ronja;Rzepka;13.09.1902
797;Ottokar;Kaune;29.09.1922
798;Heintje;Eisen;03.09.1913
799;Reinholdt;Stump;29.01.1955
800;Rimbert;Schweizer;21.12.1968
801;Danny;Carls;13.10.1958
802;Hanna;Sroka;14.08.1921
803;Dora;Zillmann;01.10.1951
804;Claas;Fuß;14.12.1967
805;Friedegund;Röll;08.09.1921
806;Simperta;Elsner;04.03.1999
807;Chantal;Karger;19.05.2003
808;Martin;Riepe;04.02.1987
809;Merten;Tate;01.11.1915
810;Claus;Strittmatter;05.05.1981
811;Kirstin;Volkmar;12.10.2009
812;Rezzo;Meinel;24.11.1941
813;Heidegard;Faller;13.12.2016
814;Bernward;Kainz;28.05.1934
815;Liselotte;Tholen;06.04.1925
816;Jonah;Rauter;26.10.1922
817;Julian;Koob;30.08.2018
818;Ingelene;Marten;21.08.1945
819;Marta;Rojahn;07.04.2022
820;Franzl;Herbers;08.03.1910
821;Eberhart;Sickert;18.07.1937
822;Ilsetraud;Ciftci;30.04.1907
823;Tino;Thiessen;21.07.1941
824;German;Bogner;14.04.1919
825;Linda;Ritter;07.07.2011
826;Berndt;Brunn;02.09.1993
827;Hanns;Thull;23.07.1961
828;Gotelind;Koblitz;20.12.1949
829;Hubertina;Göttel;14.10.2017
830;Walther;Keim;18.02.1903
831;Odilo;Ziegler;14.02.2008
832;Martin;Schwalm;16.02.1918
833;Richarda;Heidler;01.10.2001
834;Wigand;Malter;09.09.1917
835;Wulf;Sarikaya;18.04.1912
836;Karoline;Dickert;28.07.1924
837;Ilsetraut;Strahl;27.02.1966
838;Aloysia;Hörger;11.04.1994
839;Alicia;Rogg;06.02.1913
840;Heinzjürgen;Kammerl;30.05.1975
841;Steffan;Kästner;10.11.1925
842;Mirko;Struck;12.10.1935
843;Hadmut;Reichart;11.05.1939
844;Friedrich;Felde;15.02.1997
845;Erhart;Ritzer;09.03.1991
846;Berna;Grade;17.05.1952
847;Samantha;Langohr;18.06.1963
848;Hermelinda;Schönbeck;25.10.1926
849;Hanneliese;Seydel;04.03.1925
850;Caren;Beisel;10.06.2004
851;Mariele;Blomberg;14.08.2021
852;Ella;Zitzelsberger;09.01.2005
853;Marilu;Bauch;02.09.2012
854;Annemaria;Linn;16.04.1932
855;Annelinde;Sander;12.09.1974
856;Lea;Roth;31.10.1925
857;Anton;Görke;22.04.1954
858;Hansl;Rasch;23.09.1956
859;Timm;Collet;03.02.1938
860;Gerfriede;Böttinger;07.01.1907
861;Vreneli;Angele;01.11.1986
862;Milli;Heinze;01.12.1998
863;Adelheid;Schöniger;08.10.1976
864;Franz;Schnorr;27.02.2007
865;Isabell;Kayser;15.01.1924
866;Sam;Wagner;30.05.2023
867;Karlpeter;Pfister;23.09.1916
868;Altfried;Sieler;11.04.1944
869;Helm;Gille;18.03.1919
870;Einhardt;Schweer;09.03.1973
871;Klaudius;Mohaupt;06.03.1989
872;Jeannette;Rosen;23.04.1914
873;Heinzdieter;Stanzel;02.03.1908
874;Erfried;Walkowiak;22.11.1973
875;Dietmar;Koll;18.10.1930
876;Birglinde;Nelles;26.02.1944
877;Patrizia;Berens;02.11.1966
878;Serafine;Eble;13.09.1957
879;Hilar;Pester;31.12.1920
880;Sabinchen;Klingberg;21.01.1962
881;Edelhard;Langguth;07.06.1921
882;Maximiliane;Künnemann;10.03.1999
883;Sieghilde;Doetsch;15.05.1938
884;Mareen;Gaber;12.11.1943
885;Gislinde;Höfle;29.08.1936
886;Wigbert;Hartmann;03.01.2010
887;Willi;Eickmeier;14.06.1950
888;Witmar;Stenger;12.05.1995
889;Isa;Gutmann;30.09.1934
890;Herrmann;Woltering;24.05.1995
891;Hannspeter;Gans;31.10.1985
892;Elfi;Amelung;15.10.1918
893;Brunhild;Jahns;05.02.1932
894;Heidetraud;Dücker;21.05.1937
895;Dietbald;Schreiner;25.07.1986
896;Ulvi;Gropp;14.05.1981
897;Gerta;Gottschall;12.01.1947
898;Bardo;Zoll;25.09.1975
899;Philipine;Strehlau;30.04.1994
900;Ian;Sitter;10.11.1917
901;Nick;Weiher;14.01.1984
902;Uschi;Gomez;24.01.2010
903;Kiara;Neal;22.04.1903
904;Ruthild;Iser;22.09.1936
905;Ulf;Oster;06.08.1965
906;Margund;Wallbaum;24.04.2006
907;Emmeram;Wich;03.01.1915
908;Töns;Veigel;17.12.2012
909;Lena;Verheyen;07.01.1985
910;Sibille;Stotz;28.06.1940
911;Jeremy;Jarosch;24.07.2013
912;Andrea;Bast;04.09.1952
913;Ortrud;Pommer;11.01.1981
914;Marina;Sauermann;26.12.1996
915;Inge;Klinner;25.02.1988
916;Desiree;Lesser;20.11.1935
917;Sigmut;Eppler;06.02.1903
918;Ekhardt;Böhnke;15.07.2022
919;Laurentius;Völkel;15.09.1991
920;Runhild;Böhm;02.03.1995
921;Thore;Kretschmer;18.04.1978
922;Heimo;Morgenstern;15.08.1987
923;Aribert;Reichow;09.02.1920
924;Wilbrandt;Klingner;12.08.1978
925;Heimbert;Gehlhaar;03.07.1921
926;Karsta;Priv.;22.07.2011
927;Hansdieter;Hollinger;11.07.1983
928;Anrich;Kay;25.11.1922
929;Lebrecht;Riesen;02.03.1926
930;Nortrun;Bühner;17.09.1979
931;Helmuth;Waßmann;12.12.1937
932;Bennett;Stelling;14.11.1988
933;Gotelind;Karthaus;12.09.2008
934;Goswin;Maile;26.11.1919
935;Rupprecht;Bogdan;22.06.1940
936;Eva;Todt;11.02.1908
937;Maike;Schultheiß;19.03.1994
938;Erica;Martensen;02.03.1906
939;Florentine;Haucke;20.12.2011
940;Waldburga;Leiß;08.05.1934
941;Michelle;Leister;20.04.1947
942;Maximiliane;Metternich;15.10.1926
943;Bernadine;Bierbrauer;29.12.2021
944;Torben;Rothfuß;06.04.1964
945;Siegfrid;Hug;14.02.1924
946;Debora;Schraml;01.06.1959
947;Sturmhard;Forster;23.01.1978
948;Winfriede;Löhner;05.11.2018
949;Dethard;Krautz;01.10.1936
950;Kassandra;Eiselt;26.03.2024
951;Edgar;Yücel;29.03.1934
952;Aloisia;Raür;17.04.1910
953;Meinhard;Dotterweich;08.04.2025
954;Jons;Schliemann;04.10.2024
955;Ludolf;Kubis;31.12.1996
956;Cläre;Schwenzer;18.10.1928
957;Ferfried;Jensen;07.11.1936
958;Camilla;Böhl;30.04.1913
959;Roselotte;Fleck;30.01.1969
960;Albert;Stamm;28.04.1986
961;Eckardt;Schwitalla;28.05.2009
962;Stephan;Bräutigam;05.02.1934
963;Manja;Spiegler;29.07.2023
964;Marta;Heidmann;25.07.1915
965;Oswald;Vedder;20.05.1942
966;Uta;Brämer;16.06.1943
967;Yasmin;Gauger;29.07.1919
968;Tillmann;Heep;01.04.2004
969;Gertraude;Lindhorst;25.04.1974
970;Ilse;Lueg;27.02.1903
971;Marliese;Knust;28.08.1902
972;Marilu;Kösters;13.11.1963
973;Rainmund;Kreißl;02.04.1956
974;Thorben;Schlautmann;16.05.2021
975;Traugott;Bielefeld;12.03.1971
976;Karena;Dörre;26.08.1913
977;Kunigunda;Weihe;24.09.2007
978;Oskar;Freudenstein;10.05.1933
979;Gerd;Seelmann;27.04.1973
980;Albin;Helling;31.12.1919
981;Reinald;Garske;07.08.1990
982;Irmela;Garske;26.05.1942
983;Friedewald;Dahlmann;18.09.1917
984;Kathrein;Pick;04.09.1922
985;Valeska;Lach;30.10.1921
986;Luzia;Scharl;24.11.2004
987;Tina;Hänsch;01.09.1909
988;Nordfried;Paffrath;09.12.1943
989;Grit;Pein;22.02.1914
990;Marita;Aydogan;06.03.1914
991;Willmar;Hornig;01.10.1951
992;Rosemaria;Steinfeld;13.05.1923
993;Cedrik;Tessmer;09.09.1974
994;Othmar;Tas;11.03.1996
995;Gerald;Tissen;03.07.2002
996;Alrik;Bringmann;25.04.1923
997;John;Gleichmann;27.07.1942
998;Juliane;Caliskan;06.10.1967
999;Fini;Ziemer;21.09.2020
1000;Christfriede;Deutsch;05.03.1985
1001;Silvester;Bendix;08.04.2020
1002;Reinbert;Rux;20.04.1956
1003;Berthilde;Zacherl;15.09.1909
1004;Mats;Wendel;22.10.1990
1005;Hertha;Rumpf;07.09.1988
1006;Ribana;Meis;11.12.1977
1007;Ann;Stranz;20.10.1910
1008;Nicole;Reuschel;02.10.2005
1009;Cedric;Perl;31.07.1931
1010;Augustine;Büning;09.07.2002
1011;Ludwiga;Rubin;16.08.2006
1012;Thiemo;Senf;03.05.2013
1013;Hildeburg;Weitz;02.09.1902
1014;Elias;Langmann;28.05.1969
1015;Arnolf;Thielmann;19.06.1949
1016;Liebgard;Mörs;06.05.2025
1017;Hartwig;Endemann;28.01.2002
1018;Alfred;Homm;10.11.1961
1019;Sina;Niewöhner;29.04.1928
1020;Mirco;Karl;20.03.2012
1021;Dietbert;Alter;19.10.1943
1022;Adeline;Blatt;05.08.1976
1023;Cordula;Willkomm;26.02.1919
1024;Rüdiger;Wenk;01.05.1986
1025;Rainald;Reining;01.03.1917
1026;Schorsch;Gottschlich;08.03.2003
1027;Anneros;Viehweger;01.02.1968
1028;Annedorle;Bruckner;29.07.1965
1029;Kimberly;Leyendecker;01.05.1903
1030;Eveline;Vogt;09.03.1945
1031;Richard;Thome;16.09.1985
1032;Annette;Schölzel;21.07.1956
1033;Barbara;Frensch;01.01.1950
1034;Thiemo;Schippers;09.06.1936
1035;Ortrud;Renz;15.03.1971
1036;Wolfeckart;Ziegenhagen;08.01.1967
1037;Hildebrand;Tröndle;26.02.1935
1038;Marie;Mill;18.10.1969
1039;Korbinian;Binner;17.11.1963
1040;Mareike;Essen;16.06.1911
1041;Maximillian;Reidenbach;06.03.1965
1042;Gundhild;Philippi;22.01.1995
1043;Siegharda;Hampp;25.05.1928
1044;Trautlinde;Berthold;15.07.2023
1045;Remigius;Lemme;18.07.1910
1046;Amelie;Draxler;29.04.2001
1047;Otwald;Bitz;09.03.1984
1048;Susette;Claas;01.05.1943
1049;Ishild;Paschen;14.07.1967
1050;Steffi;Blum;01.03.1987
1051;Paulfried;Rodriguez;09.10.1979
1052;Erhardt;Wahle;08.06.1978
1053;Gertraude;Dresel;31.01.1974
1054;Roslinde;Karius;09.02.1925
1055;Karolin;Kelling;09.06.1932
1056;Birglinde;Giese;19.06.1903
1057;Elgine;Kampf;18.07.1979
1058;Hiltraud;Bruckner;12.07.2009
1059;Thilde;Smolka;17.06.2007
1060;Anika;Weinkauf;11.07.1991
1061;Claudius;Nick;07.01.1936
1062;Hanna;Schönfeld;14.11.2000
1063;Monique;Hiller;15.06.1954
1064;Annica;Rißmann;31.10.1941
1065;Undine;Kämmerling;11.09.1955
1066;Eckehard;Riemenschneider;02.01.1945
1067;Deborah;Kötting;02.06.1965
1068;Follrich;Großkopf;28.04.1929
1069;Selma;Leist;04.02.1981
1070;Herwart;Emmrich;06.04.1949
1071;Annika;Andrä;10.12.1999
1072;Nicholas;Liebrecht;13.02.1942
1073;Marcellus;Bathe;30.03.1914
1074;Leopoldine;Riek;07.03.1995
1075;Annarose;Rauscher;19.11.1962
1076;Luc;Brands;02.10.1941
1077;Pius;Look;06.12.2009
1078;Simone;Keppler;23.02.1972
1079;Eugenia;Seng;07.01.1987
1080;Annehilde;Olson;06.06.1931
1081;Rigobert;Lanfermann;18.12.1985
1082;Elgine;Scherm;11.11.1917
1083;Margrid;Hüsch;25.02.1931
1084;Laurentius;Ramsey;19.01.1927
1085;Marfriede;Halm;18.11.2006
1086;Rudenz;Triebel;22.11.2000
1087;Isabelle;Reitinger;15.05.1937
1088;Dietolf;Behringer;05.06.1947
1089;Dominik;Seel;06.01.1928
1090;Irmela;Böhm;20.02.1970
1091;Eginald;Hilbert;20.09.1915
1092;Olivia;Pollak;15.03.1951
1093;Anselm;Schiffner;19.09.1940
1094;Biggi;Stobbe;17.02.2001
1095;Jolanta;Polzin;12.10.1932
1096;Ingelore;Pritzl;21.02.1950
1097;Reglindis;Winterfeld;30.03.1927
1098;Anneheide;Akin;17.04.1957
1099;Lydia;Altendorf;23.01.1994
1100;Dirk;Möhrle;28.04.1955
1101;Tristan;Rothmann;17.03.1951
1102;Wladislaus;Unterberg;11.05.1969
1103;Hannerose;Linden;14.10.2012
1104;Christhilde;Schurr;17.10.1947
1105;Sigmund;Bühl;08.02.1965
1106;Ilsefriede;Schepp;16.04.1933
1107;Heidemaria;Hohenstein;21.08.1996
1108;Isabella;Böge;20.04.1976
1109;Jupp;Hopf;03.05.1981
1110;Evelin;Eschweiler;28.07.2019
1111;Siegtraud;Sawitzki;29.10.2002
1112;Sighelm;Seiwert;13.10.1967
1113;Lynn;Daniela;30.03.1949
1114;Annalene;Wolgast;19.08.1978
1115;Florenz;Nilles;30.09.1975
1116;Grete;Erpel;26.01.1945
1117;Gerritdina;Reichow;21.06.2008
1118;Marilen;Katzmann;30.09.1924
1119;Emely;Elfers;07.09.1914
1120;Kyra;Gottschlich;19.08.1951
1121;Gusti;Funken;13.02.2005
1122;Reiner;Wille;18.11.1922
1123;Ronja;Bailey;13.10.1919
1124;Friedegard;Kellner;20.06.1975
1125;Gottfried;Alder;09.11.1905
1126;Sabrina;Werk;17.12.1981
1127;Manfred;Kamin;16.02.2010
1128;Hilde;Böttjer;11.11.1911
1129;Andree;Steinberger;13.02.2019
1130;Nora;Steinberg;10.08.1981
1131;Herwiga;Kerber;05.05.1973
1132;Wiltrude;Blumenstein;15.12.1930
1133;Bolko;Heidkamp;22.04.1915
1134;Manhard;Ehlers;30.01.1978
1135;Sara;Rossbach;04.05.1975
1136;Walburg;Wall;22.06.1970
1137;Fine;Vos;15.01.1975
1138;Holdina;Gesing;05.03.1921
1139;Lioba;Rüttgers;21.01.2023
1140;Giselher;Hagner;18.05.1919
1141;Waldtraut;Böckmann;02.11.1975
1142;Jenny;Straube;28.12.1934
1143;Annekristin;Hajek;17.08.1919
1144;Dimitri;Elsässer;10.03.1974
1145;Paulus;Hentschke;29.06.1916
1146;Angelika;Leichsenring;09.02.1978
1147;Michelle;Leuschner;16.07.2023
1148;Mira;Bange;28.05.1952
1149;Marietraud;Bolz;19.04.1987
1150;Krimhilde;Heinen;28.06.1949
1151;Luitwin;Lübbers;20.11.1969
1152;Achaz;Petermann;08.08.1971
1153;Annekathrin;Kreth;30.03.1948
1154;Käthe;Hertrampf;22.01.1907
1155;Neithard;Lütjens;08.11.1914
1156;Krista;Lengert;10.06.1911
1157;Reinhardine;Kolter;08.12.2010
1158;Svea;Kleber;26.04.1966
1159;Wendelinus;Engemann;18.07.1982
1160;Waltraut;Kus;21.02.1903
1161;Nikodemus;Kölsch;03.10.1936
1162;Loreliese;Bräuning;01.11.1936
1163;Hoimar;Friedemann;07.12.1964
1164;Christfried;Hübl;19.08.1902
1165;Ekkart;Unverzagt;01.12.1908
1166;Riana;Schurr;03.04.2024
1167;Sonja;Struve;01.05.1955
1168;Colin;Zettler;23.01.1911
1169;Melinda;Fenske;15.08.1976
1170;Mats;Yang;09.05.1964
1171;Wladislaus;Niethammer;06.12.1991
1172;Jeremy;Ströhlein;04.06.1983
1173;Hansdieter;Teske;25.03.1975
1174;Eckhold;Lloyd;21.12.1956
1175;Utto;Trabert;01.07.1951
1176;Belinda;Feindt;05.09.1930
1177;Matthäus;Rathke;06.04.1905
1178;Edelburg;Pflaum;07.04.1944
1179;Xaverius;Menges;22.02.1941
1180;Raymund;Lenk;17.08.2019
1181;Reinulf;Wölke;02.05.1997
1182;Ingetraut;Waldschmidt;29.10.1946
1183;Nicolas;Dibbern;31.07.1947
1184;Ulf;Krampitz;22.05.1928
1185;Kreszentia;Froese;06.07.2023
1186;Notker;Gattermann;12.11.1987
1187;Elfrun;Warneke;29.05.1904
1188;Lenz;Blunk;07.07.2005
1189;Irma;Werth;19.07.1946
1190;Denny;Brüning;05.10.1998
1191;Lucia;Kloppenburg;02.12.1912
1192;Dominik;Gulde;25.09.1945
1193;Hansjörg;Deneke;19.06.1947
1194;Bertin;Wischer;23.08.1973
1195;Friedeburg;Eichelmann;21.09.1954
1196;Arlinde;Dibbern;23.04.1914
1197;Benno;Funke;02.04.1922
1198;Giseltraud;Sauerwald;11.06.2015
1199;Albine;Kreher;27.02.1920
1200;Marcellus;Löhner;14.10.2011
1201;Treufried;Carter;14.04.2004
1202;Ottomar;Lahmann;07.03.1998
1203;Bertwalda;Heinold;20.11.2019
1204;Kasimir;Hüttig;28.02.1915
1205;Dirk;Stahr;29.04.1946
1206;Bernhardt;Meiers;27.11.2015
1207;Meinulf;Gillich;05.08.2021
1208;Adolfa;Hohlfeld;11.06.1944
1209;Hildmar;Pfund;27.07.1966
1210;Edelbert;Platzer;22.04.2013
1211;Karolin;Köstner;23.05.1983
1212;Mathias;Wall;01.08.2004
1213;Thea;Wille;03.01.1990
1214;Elvira;Götting;19.12.1984
1215;Sophie;Lippold;11.01.1939
1216;Annabel;Edinger;14.08.1917
1217;Freddy;Neubauer;29.03.1999
1218;Xaver;Cordes;08.12.1963
1219;Leona;Nelles;06.12.1996
1220;Trudbert;Schlemmer;18.08.1907
1221;Janet;Herden;16.11.1979
1222;Sigrun;Frehse;29.09.1933
1223;Bertin;Söhngen;20.01.1944
1224;Bianca;Fried;17.10.1969
1225;Linhilde;Brockmann;29.06.2014
1226;Carola;Kress;15.05.2004
1227;Delf;Liesegang;16.04.1903
1228;Helrike;Fels;19.04.1944
1229;Ornulf;Kalb;27.01.1981
1230;Mariele;Klenner;28.09.1991
1231;Franzpeter;Maul;17.05.1948
1232;Mirjam;Nußbaumer;31.10.2015
1233;Fritz;Scharrer;04.05.2019
1234;Jeremie;Klemt;21.06.1932
1235;Ilse;Borkowski;23.06.1908
1236;Eckehard;Porter;19.04.2019
1237;Birgitta;Warzecha;30.07.1965
1238;Evelin;Hölzl;27.06.1950
1239;Edelfriede;Rinke;29.06.1976
1240;Rosamarie;Drewes;19.04.1939
1241;Swenja;Rudolf;13.10.1962
1242;Lion;Haffner;06.12.1915
1243;Sieghart;Linz;17.05.2013
1244;Lioba;Pfarr;24.06.1905
1245;Wernhild;Behrends;11.07.1948
1246;Follrich;Lins;14.01.1911
1247;Kruno;Hilbig;21.08.1990
1248;Helen;Hustedt;06.09.1914
1249;Otfried;Hans;20.11.1962
1250;Tassilo;Dralle;07.08.1965
1251;Lucie;Hollstein;10.04.1990
1252;Hannsgeorg;Ziermann;24.02.1990
1253;Pius;Schönau;18.01.2000
1254;Reino;Stich;10.12.2007
1255;Resilotte;Vasquez;24.06.1908
1256;Wiglaf;Schlotter;19.10.1915
1257;Selina;Pingel;25.05.1982
1258;Birgitt;Rempe;26.11.1948
1259;Theodor;Baumer;09.09.2015
1260;Gotthelf;Altun;27.01.1979
1261;Paula;Schmeißer;15.09.1998
1262;Eckert;Rüth;01.09.2021
1263;Evelinde;Wachtel;18.04.1966
1264;Erhart;Mühlbauer;05.09.1972
1265;Delia;Gundermann;17.12.1954
1266;Achaz;Hingst;14.03.1972
1267;Annalene;Weiß;10.08.2002
1268;Dietwulf;Seyfried;25.05.1994
1269;Magda;Richert;05.01.2022
1270;Hermelinde;Büscher;17.06.1999
1271;Otwin;Kögel;20.02.1912
1272;Danny;Sielaff;24.06.1995
1273;Annaliese;Larsen;01.02.2011
1274;Andy;Skiba;06.11.1990
1275;Enrico;Stellmacher;27.10.1941
1276;Ringo;Tomic;30.12.1947
1277;Boto;Glander;24.11.1964
1278;Melchior;Mendel;18.07.1910
1279;Victoria;Blaß;20.06.2005
1280;Heinzjürgen;Döscher;14.01.1909
1281;Immanuel;Herms;16.04.1937
1282;Trixi;Sabine;07.04.1951
1283;Gottwald;Frerichs;27.02.2005
1284;Paulinus;Guhr;26.06.1974
1285;German;Wenderoth;08.10.1993
1286;Herzlinde;Stiegler;07.02.2011
1287;Horstfried;Schorer;24.07.1962
1288;Dietrich;Vogl;28.12.1923
1289;Susanne;Long;23.01.1991
1290;Ruppert;Rank;29.08.2002
1291;Elfie;Ridder;21.12.1966
1292;Tomas;Katrin;11.12.2005
1293;Manhardt;Wilden;05.03.1996
1294;Janis;Göhner;07.06.1952
1295;Rosmarie;Schröck;02.10.2013
1296;Marilen;Nees;01.01.2007
1297;Bernd;Myers;02.06.2019
1298;Joy;Heinicke;09.10.1919
1299;Helmut;Schaub;23.07.2018
1300;Heintje;Detlefsen;12.01.1977
1301;Antja;Wagner;03.10.1924
1302;Utta;Teuchert;08.07.1934
1303;Bernhardt;Joas;06.03.1930
1304;Kord;Giesler;06.06.1954
1305;Jannick;Schönhoff;25.08.1931
1306;Otto;Weinert;25.08.1981
1307;Wedigo;Lewerenz;09.12.1988
1308;Heide;Staubach;02.06.1983
1309;Tankred;Meier;12.09.1943
1310;Simone;Hurst;08.07.1933
1311;Erica;Klaes;28.09.1965
1312;Sonnhardt;Holtermann;31.05.1972
1313;Wieghart;Karl;18.10.1981
1314;Karlhans;Vossen;25.04.1925
1315;Eik;Pickert;17.01.2007
1316;Torsten;Scheel;17.07.1939
1317;Gottwaldt;Konieczny;22.09.2021
1318;Heideline;Schlegelmilch;27.04.1996
1319;Volkhardt;Holzhäuser;14.06.1942
1320;Tell;Woldt;11.03.1944
1321;Kläre;Börner;11.06.1924
1322;Marzel;Walzer;17.06.1935
1323;Senta;Laub;03.07.1974
1324;Hansgünter;Page;06.04.1996
1325;Isidor;Ostendorf;15.01.1938
1326;Roselore;Witte;12.10.1978
1327;Hansfriedrich;Bolduan;31.08.2014
1328;Kristian;Dölling;08.09.1991
1329;Ellen;Endemann;27.12.1962
1330;Friedegard;Schrank;02.10.1920
1331;Lilia;Bäumler;18.01.1970
1332;Margareth;Funk;30.01.2007
1333;Wilhelmine;Kleeberg;28.04.1925
1334;Alfons;Cebulla;03.04.1946
1335;Almtrud;Kruse;16.01.1984
1336;Gundolf;Seelmann;23.03.1916
1337;Antonio;Reichard;15.10.1999
1338;Hildemarie;Königs;15.06.1992
1339;Vincent;Schmelzle;13.08.1902
1340;Othmar;Bolle;20.12.1992
1341;Bert;Brunken;20.02.1953
1342;Gebhart;Weng;26.03.1957
1343;Meinard;Steeb;13.09.1968
1344;Lynn;Schuster;19.07.2009
1345;Wigand;Reil;14.04.1983
1346;Dietwulf;Walker;19.11.1950
1347;Katrina;Schoberth;02.03.1942
1348;Ishilde;Hanika;15.08.2006
1349;Inga;Klees;10.10.1979
1350;Jörn;Eirich;23.08.1996
1351;Marita;Schiffmann;07.09.1910
1352;Ruben;Muchow;08.10.1994
1353;Falkmar;Elbert;07.04.1970
1354;Ilsa;Netzer;18.11.1919
1355;Niels;Schieck;02.02.1914
1356;Friedemar;Meng;02.06.1960
1357;Raimunde;Wernicke;21.07.1982
1358;Levin;Dominik;12.07.1946
1359;Stina;Düwel;20.04.1983
1360;Friedlind;Jakubowski;15.06.1925
1361;Gundhart;Görlitz;14.12.1914
1362;Barbi;Lurz;22.03.1997
1363;Gotthilf;Gentz;11.08.1968
1364;Herwiga;Kirschke;23.12.1919
1365;Anne;Ebersbach;16.06.1999
1366;Elkmar;Schäffner;18.03.1982
1367;Gismar;Neuber;20.05.1998
1368;Leona;Weimar;03.02.1913
1369;Gertwin;Heining;18.09.1957
1370;Jeanette;Kubitz;17.12.1911
1371;Hellfried;White;11.12.1918
1372;Niels;Schimpf;29.07.1945
1373;Bernadette;Nixdorf;27.06.1995
1374;Hermann;Graw;27.03.1982
1375;Hadburg;Stengel;23.06.1925
1376;Monja;Geiser;13.04.1969
1377;Brandolf;Liebold;14.05.1966
1378;Claas;Bunge;11.10.1946
1379;Magdalene;Brings;17.03.2002
1380;Reimund;Hepp;23.05.1943
1381;Walburg;Spahr;02.01.1987
1382;Falkmar;Mansfeld;13.10.1973
1383;Ingeruth;Schley;13.12.1971
1384;Reglind;Puschmann;04.12.1906
1385;Margunde;Heyse;31.12.2018
1386;Volkhard;Drexler;11.02.1954
1387;Annedörte;Baltrusch;23.09.1920
1388;Fränzi;Sippel;18.08.1988
1389;Reintraud;Hutterer;31.10.1914
1390;Arwid;Habeck;20.02.1946
1391;Gottwaldt;Dressel;26.02.1917
1392;Gundhild;Kircher;24.09.1935
1393;Magnus;Benning;08.05.1909
1394;Katharina;Wirth;12.03.1982
1395;Burkard;Nikolic;14.10.1943
1396;Heidy;Kovacevic;30.09.1958
1397;Leberecht;Hilt;12.04.1928
1398;Grit;McCormick;19.05.1996
1399;Peggy;Ortega;26.12.1981
1400;Erik;Frede;12.12.1984
1401;Brunhilda;Würz;18.05.2025
1402;Katrein;Moeller;17.12.1924
1403;Erlfried;Rehbein;10.06.1976
1404;Pankraz;Bötcher;12.11.1951
1405;Carolina;Schäffler;25.08.1987
1406;Anette;Gentner;30.06.2020
1407;Ingram;Berendt;10.07.2015
1408;Daniel;Rösner;11.04.2007
1409;Dietbald;Back;01.06.1933
1410;Eckardt;Kater;20.03.1939
1411;Janine;Feige;13.02.1918
1412;Rigo;Goetze;25.08.1921
1413;Heidelore;Kohlhaas;31.03.1952
1414;Amrei;Wiemann;08.06.1904
1415;Willy;Hainz;06.12.1981
1416;Felizia;Eisen;21.01.1909
1417;Selina;Schippmann;24.01.1913
1418;Samuel;Gertz;31.12.1989
1419;Andy;Wilm;14.08.2013
1420;Kathi;Mika;02.12.1980
1421;Kurd;Kater;08.04.1952
1422;Ulrike;Rosentreter;10.02.1933
1423;Dorlis;Kaup;13.11.1918
1424;Dietram;Schneeberger;29.05.1980
1425;Dietger;Schädel;03.03.1914
1426;Armin;Mauel;13.08.2008
1427;Luc;Warkentin;01.07.1919
1428;Rosely;Saunders;03.02.1959
1429;Kajetan;Schemm;26.06.1948
1430;Irmtraud;Hart;08.12.1960
1431;Sara;Weers;15.08.1977
1432;Willhart;Zindel;05.10.1944
1433;Anja;Schermer;16.10.1946
1434;Mania;Zühlke;29.04.2007
1435;Patrizia;Pahnke;15.07.1954
1436;Neidhard;Schäper;18.11.1925
1437;Edwina;Salon;06.11.1946
1438;Helmo;Pape;16.03.1941
1439;Burkhard;Himmelmann;31.05.2008
1440;Sabinchen;Düren;21.05.1925
1441;Elenore;Pitzer;11.11.1980
1442;Erica;Goerke;25.12.1997
1443;Rotraud;Dollinger;07.06.1905
1444;Sigmund;Rhein;25.02.1958
1445;Edelgard;Schödel;08.03.1995
1446;Thekla;Recht;22.10.1906
1447;Edwina;Follmann;14.07.2005
1448;Ingobert;Curry;17.02.1983
1449;Traudlinde;Riecken;02.03.1902
1450;Anemone;Locher;11.09.1936
1451;Annebärbel;Schrick;03.10.1982
1452;Christoph;Seifarth;05.06.1992
1453;Margareta;Steier;10.08.1990
1454;Arite;Specker;05.03.1933
1455;Trauthilde;Zschiesche;06.10.2020
1456;Gunter;Vasquez;15.03.1943
1457;Sigmar;Himmelmann;29.03.1936
1458;Hanswolf;Diederich;03.08.1955
1459;Isa;Blume;27.09.1907
1460;Thassilo;Adamski;03.01.1978
1461;Herko;Igel;01.08.1906
1462;Gudula;Arnhold;27.09.1987
1463;Luna;Stelljes;25.02.1954
1464;Holk;Allison;01.12.1906
1465;Joachim;Stephens;18.07.1984
1466;Klausdieter;Wetzler;20.07.1938
1467;Ehrmut;Rasch;27.05.2014
1468;Robby;Holsten;26.06.1907
1469;Carlotta;Gunkel;14.04.1995
1470;Griseldis;Opitz;16.04.1981
1471;Herzlinde;Bartnik;18.03.1952
1472;Ansgar;Schlick;29.12.1944
1473;Gerritdina;Mende;27.05.2000
1474;Doraline;Strey;15.02.1903
1475;Wilhelm;Seiferth;16.07.1922
1476;Ilsemarie;Hirsch;02.08.2012
1477;Magdalena;Bölling;12.08.1967
1478;Ricarda;Kubitz;04.05.2002
1479;Resi;Gräber;11.04.1912
1480;Karena;Sonntag;26.05.1905
1481;Anton;Berninger;08.03.1969
1482;Lia;Korb;14.06.1997
1483;Ehrmut;Hochmuth;14.08.1935
1484;Jesse;Eisel;09.06.1949
1485;Bertha;Reithmeier;13.03.1985
1486;Dietram;Pelz;21.01.1932
1487;Arnfred;Scherzinger;13.01.2016
1488;Chiara;Walker;28.07.1981
1489;Traugott;Schwerdtner;23.11.1933
1490;Almtrud;Levermann;16.03.1936
1491;Marcellus;Wilson;23.07.1957
1492;Käthchen;Grützmacher;09.09.2005
1493;Heilmuth;Kofler;24.02.1982
1494;Volkhardt;Nietsch;13.08.1946
1495;Mirco;Beine;08.07.1974
1496;Kaya;Staats;16.08.2023
1497;Annalies;Kober;17.01.1969
1498;Michaela;Kölling;04.12.1947
1499;Verena;Hermsen;01.12.1952
1500;Jolanda;Domes;14.10.1956
1501;Siegenot;Tölke;09.12.1944
1502;Volkrad;Langen;23.08.1982
1503;Tilli;Hebel;08.02.2024
1504;Gotthard;Ehrke;11.03.2024
1505;Dietburg;Partsch;02.09.1936
1506;Gunthild;Tripp;27.02.1938
1507;Lienard;Hodapp;27.05.2011
1508;Leonhard;Bill;27.05.1971
1509;Meikel;Graef;05.08.1928
1510;Lisa;Rietz;28.02.1999
1511;Anneruth;Döscher;03.02.1955
1512;Joel;Schmidt;11.08.1929
1513;Winnimar;Dehn;02.02.1912
1514;Ehrhard;Braun;29.10.2014
1515;Thoralf;Fiala;16.06.2011
1516;Amelie;Jablonski;14.02.2002
1517;Bettina;Schweinsberg;30.06.1947
1518;René;Kneip;23.09.1984
1519;Joelina;Düsing;24.12.1926
1520;Hannsgeorg;Steinert;10.11.1928
1521;Sigishelm;Krüger;21.10.1954
1522;Dagmar;Klute;13.03.1927
1523;Ottobert;Heinle;05.02.2019
1524;Friedgard;Kist;02.06.1986
1525;Christine;Perez;08.08.2002
1526;Erdmann;Weidner;30.10.2017
1527;Ruben;Grabow;18.08.2024
1528;Liselore;Baur;18.05.1939
1529;Eitelfritz;Auer;05.02.1937
1530;Ortraud;Giese;16.09.2023
1531;Janis;Jankowiak;29.03.1908
1532;Franka;Rohrmann;06.02.1995
1533;Gundhard;Czerwinski;23.03.1927
1534;Amadeus;Althaus;29.06.1987
1535;Paulina;Henry;30.03.1993
1536;Valerian;Masch;29.05.1941
1537;Lea;Reinke;07.09.1980
1538;Jörgfried;Kasten;15.10.1925
1539;Gerlind;Schröpfer;05.03.1905
1540;Alfons;Larisch;18.07.1920
1541;Cornelius;Clasen;26.07.1956
1542;Arabella;Obermaier;23.07.1946
1543;Dietz;Käser;21.04.1950
1544;Manhard;Dräger;30.12.1977
1545;Reinburga;Aschenbach;21.12.1954
1546;Gritt;Villwock;31.08.1935
1547;Wernhild;Rabus;24.09.1965
1548;Evelin;Koppenhöfer;24.02.1982
1549;Hellfried;Grosche;08.08.1947
1550;Reino;Schmucker;07.11.1920
1551;Altraud;Hoffmeister;19.02.1994
1552;Siegrid;Eden;09.12.1965
1553;Corinna;Gläßer;31.01.1912
1554;Hansjörn;Pichler;24.06.1988
1555;Goldtraud;Wiegert;01.08.1992
1556;Winand;Felgner;02.07.2002
1557;Christian;Sailer;21.03.1989
1558;Hannmeike;Wicke;25.08.1964
1559;Christine;Laufer;08.09.1980
1560;Adolph;Habich;27.09.1915
1561;Michaela;Bayer;12.07.1977
1562;Brunhilde;Collet;16.09.1957
1563;Roseliese;Schaich;25.05.1925
1564;Volker;Grabowski;09.04.2013
1565;Elsa;Grötzinger;06.11.1926
1566;Armin;Rochow;25.05.1920
1567;Veith;Knöchel;01.09.1936
1568;Karolin;Herrig;03.06.1960
1569;Christamaria;Trede;24.08.1926
1570;Lidwina;Mauritz;02.03.1998
1571;Steve;Dahmen;31.07.1942
1572;Tillmann;Feder;13.08.2024
1573;Frederik;Knörzer;01.09.1942
1574;Volker;Brod;06.11.1936
1575;Hildelies;Sawatzki;21.09.1960
1576;Annedoris;Sellner;06.02.1952
1577;Bert;Stockmann;07.11.2012
1578;Senta;Heber;30.10.2012
1579;Julien;Weingart;24.05.1990
1580;Doris;Mertens;23.05.1991
1581;Tiemo;Wilkens;15.10.2022
1582;Volkmar;Grigo;12.05.2023
1583;Heideline;Ramirez;06.10.1972
1584;Janik;Bölter;18.08.1927
1585;Josephine;Köller;10.05.1932
1586;Erhart;Böll;22.01.1903
1587;Almtrud;Haubold;08.02.1918
1588;Klothildis;Schopp;04.09.1931
1589;Roger;Weiner;28.11.2006
1590;Frohwald;Elter;17.03.2010
1591;Bringfriede;Blenk;06.01.1916
1592;Liam;Johnen;06.03.2019
1593;Alfried;Griffith;20.12.2009
1594;Eli;Vaupel;05.02.1956
1595;Julius;Bürkle;29.03.1949
1596;Karlo;Posselt;05.07.1988
1597;Dorith;Raber;09.02.1986
1598;Wolfgünter;Blaser;06.10.1934
1599;Wenzel;Paas;27.05.1940
1600;Joschka;Poppe;02.10.1997
1601;Josefa;Rosenkranz;23.02.1923
1602;Annakatrin;Brooks;24.05.1984
1603;Gerd;Schwing;14.05.1943
1604;Mareike;Malinowski;18.10.1922
1605;Vitus;Stapel;09.12.2021
1606;Benedicta;Cao;03.08.1942
1607;Liam;Bornmann;16.11.2005
1608;Hanswalter;Bücherl;12.03.1918
1609;Beate;Linhart;18.03.1997
1610;Anne;Oetken;01.10.1947
1611;Hans;Puls;10.12.1939
1612;Janne;Wiest;27.08.1956
1613;Ismene;Bähr;23.09.1969
1614;Maximilian;Schmauder;10.08.1939
1615;Ernst;Stewart;29.04.1907
1616;Priska;Thümmler;26.10.1923
1617;Wernhild;Hübl;21.06.1972
1618;Marliese;Waibel;27.09.2005
1619;Mark;Ehrhardt;29.09.2014
1620;Beatrix;Quade;22.07.1936
1621;Lottelore;Lippmann;09.11.1987
1622;Trutz;Rohrer;23.06.1955
1623;Gislind;Stürmer;20.10.1908
1624;Hannes;Schriever;26.12.1993
1625;Adeline;Pfau;06.06.2019
1626;Antje;Gebhardt;13.11.2010
1627;Heidegunde;Kaden;06.01.1980
1628;Volkhart;Isik;30.09.1920
1629;Riana;Volz;03.09.1960
1630;Lilli;Majer;02.06.1999
1631;Hedy;Patterson;26.05.1927
1632;Zilli;Lembke;15.12.2003
1633;Auguste;Brennecke;26.06.1969
1634;Amy;Markmann;05.10.1955
1635;Augustinus;Krogmann;28.04.1942
1636;Alfinus;Land;23.02.1980
1637;Kathi;Stadtmüller;01.08.1905
1638;Theobert;Bertz;26.11.1953
1639;Arthur;Meininger;23.11.2019
1640;Hansgünter;Cremers;27.12.1998
1641;Birgit;Flowers;30.07.1923
1642;Undine;Melzer;20.01.1966
1643;Knut;Yücel;20.08.1990
1644;Aline;Stockinger;19.10.1979
1645;Alexa;Kallmeyer;12.11.1923
1646;Ernstine;Drexl;29.06.2017
1647;Editha;Daun;16.11.2013
1648;Mohammed;Gröbner;06.03.1916
1649;Marieliese;Rautenberg;27.08.1957
1650;Dankfried;Pflanz;31.12.1936
1651;Annelie;Struckmeier;21.04.1952
1652;Susan;Uphoff;08.09.1964
1653;Sturmius;Unkelbach;08.05.1986
1654;Kurth;Enke;26.11.1994
1655;Linhart;Kupfer;21.08.1909
1656;Jessica;Diedrichs;30.01.2020
1657;Thielo;Gatzke;13.01.1923
1658;Dorchen;Dachs;04.10.1909
1659;Sigrun;Thormann;24.06.2025
1660;Ottilie;Hunter;28.05.1905
1661;Marlon;Herbst;30.10.1960
1662;Valeska;Gül;25.08.1969
1663;Alhard;Sindermann;26.12.1907
1664;Heidelinde;Mertins;15.03.1908
1665;Ottilia;Frerichs;04.04.1968
1666;Käthchen;Heym;17.10.1984
1667;Theodore;Rohrmoser;09.03.1993
1668;Mohamed;Vieregge;10.12.1998
1669;Ingelore;Mesch;21.04.1999
1670;Rudenz;Hutter;06.08.1910
1671;Liane;Hohlfeld;26.12.1995
1672;Hansjörg;Kröhnert;10.08.1965
1673;Cäcilie;Zeuner;15.03.1969
1674;Ludger;Kastens;09.05.1973
1675;Annina;Lässig;09.08.2008
1676;Lilian;Sönnichsen;03.03.1945
1677;Adi;Merx;01.09.2005
1678;Runfried;Nienhaus;01.05.1914
1679;Birte;Eickhoff;19.05.1908
1680;Friedebert;Reinhard;24.07.1987
1681;Burgel;Rogler;11.05.1936
1682;Gabriel;Fahle;12.06.1999
1683;Stefanie;Bartnik;30.06.1999
1684;Theo;Hüttel;08.09.1974
1685;Burghart;Löber;19.02.1963
1686;Lennox;Kwiatkowski;27.05.1931
1687;Felix;Doll;14.03.1974
1688;Edit;Czerny;12.03.1952
1689;Tassilo;Jungen;23.08.1913
1690;Rilana;Hövel;19.10.2019
1691;Paulus;Fürstenau;09.10.2011
1692;Kirsten;Sickert;09.04.1965
1693;Käthi;Diel;13.12.1951
1694;Rütger;Trautmann;28.03.1922
1695;Ruthild;Stößer;20.04.2019
1696;Karlheinrich;Schneller;04.08.1973
1697;Genia;Abel;05.07.1944
1698;Sigfried;Holtkamp;20.01.1926
1699;Irmtraut;Knoll;08.01.1984
1700;Leni;Kirmse;04.11.1943
1701;Robby;Mewes;01.11.1967
1702;Ottwin;Stahlgruber;19.03.1908
1703;Gislind;Kirner;14.03.1963
1704;Gerd;Felsch;05.05.1967
1705;Annehilde;Hornemann;27.04.1989
1706;Madleine;Lambers;18.08.1965
1707;Gusti;Hering;27.02.1950
1708;Fränzi;Kehr;06.09.1985
1709;Erno;Sentürk;20.01.2024
1710;Cirsten;Höbel;27.12.1970
1711;Tilman;Bettin;01.06.1920
1712;Christmut;Patterson;15.08.2020
1713;Bernt;Wilk;23.07.2009
1714;Sieglinde;Bader;10.05.1904
1715;Ruthild;Foitzik;30.10.1930
1716;Maike;Friesen;09.06.1984
1717;Christine;Diel;08.07.2016
1718;Marlies;Dietsche;09.08.1996
1719;Dagmar;Windt;22.08.2020
1720;Innozenz;Kneip;13.03.1992
1721;Kassandra;Urbaniak;21.11.1915
1722;Korbinian;Belzer;29.10.1944
1723;Rainhardt;Illgen;04.11.1963
1724;Marc;Brendel;22.05.1921
1725;Rouven;Hussmann;22.09.1943
1726;Rudolf;Frosch;03.10.1990
1727;Linda;Mosler;21.01.2010
1728;Tomas;Taube;19.06.1951
1729;Laurens;Sherman;08.10.1978
1730;Fridegund;Königer;02.01.1911
1731;Gislinde;Vocke;11.10.2000
1732;Bernhild;Dienst;13.12.1954
1733;Kreszenz;Möbius;02.09.1993
1734;Maik;Rathje;07.11.1985
1735;Urban;Zwingmann;22.06.1989
1736;Brunhild;Pickert;10.08.1949
1737;Arno;Bein;17.01.1993
1738;Erni;Gröber;17.07.1969
1739;Finchen;Märker;01.05.1945
1740;Ekkehardt;Hamer;27.12.1993
1741;Antonius;Heintz;06.05.1909
1742;Wendeline;Niedermaier;06.04.1917
1743;Valerian;Adomeit;24.03.1965
1744;Regina;Gierl;01.01.2004
1745;Bärbel;Schuchardt;16.06.2022
1746;Leberecht;Dohr;17.05.2014
1747;Nora;Köse;04.07.2001
1748;Alexa;Zierer;18.04.1968
1749;Bruno;Forstner;23.11.2011
1750;Selin;Göbel;16.08.1908
1751;Herwig;Steinbrück;07.10.2009
1752;Hardi;Bleich;10.12.1932
1753;Annekäthe;Thurner;12.03.1903
1754;Mario;Lichtenberg;10.05.1928
1755;Evamaria;Röver;07.05.1964
1756;Hermi;Holzhausen;16.08.1964
1757;Klaas;Andersson;15.12.1916
1758;Ewalda;Wollner;08.07.1919
1759;Reinhardine;Hüther;09.11.1946
1760;Manhardt;Bühring;25.10.2012
1761;Roslinde;Hillig;22.09.1996
1762;Ishild;Kuttler;28.08.1988
1763;Trudbert;Warmuth;01.06.2003
1764;Charlotte;Benda;07.08.1906
1765;Jolante;Klink;12.11.1990
1766;Gerborg;Geist;25.07.1915
1767;Nortrun;Hausdorf;10.12.1950
1768;Regine;Heckel;16.02.1949
1769;Welfhard;Mensing;03.01.1938
1770;Sonnhardt;Stang;29.10.1993
1771;Lewin;Miehe;27.12.1912
1772;Trautlind;Spillner;19.01.1930
1773;Layla;Hayn;05.08.1998
1774;Lutz;Snyder;15.09.1916
1775;Gundi;Güntner;27.10.1990
1776;Sindy;Enzmann;18.10.1937
1777;Engelhard;Janus;16.05.1983
1778;Reginbert;Pfister;18.06.1925
1779;Ben;Hartenstein;15.03.1935
1780;Gundel;Foerster;25.09.2023
1781;Friedemann;Hippler;08.11.1989
1782;Kathleen;Osterkamp;05.06.1922
1783;Nortrun;Erdem;18.11.1942
1784;Anneros;Cieslik;27.08.1981
1785;Donate;Deinzer;30.03.1923
1786;Ingomar;Naber;26.12.1992
1787;Heidelinde;Brück;03.06.1979
1788;Marlinde;Mertins;18.05.2002
1789;Willma;Siering;02.02.1909
1790;Birgit;Jahr;27.11.1930
1791;Reinfried;Mutschler;21.09.1919
1792;Victor;Gürtler;09.10.1962
1793;Evelyn;Ohm;04.08.1970
1794;Anselm;Schack;21.06.1905
1795;Hanneliese;Winzen;01.09.1937
1796;Ehrenfried;Emmer;22.12.1959
1797;Nicolaus;Quadt;12.08.1930
1798;Mara;Kuhlmann;18.11.1938
1799;Marieluise;Röben;08.12.1944
1800;Rahel;Bergemann;14.12.1921
1801;Karlotto;Karau;21.08.2019
1802;Uta;Brechtel;03.01.1951
1803;Bert;Pankoke;09.01.1952
1804;Gabriel;Faulstich;23.02.1922
1805;Rembert;Bubeck;21.10.1924
1806;Bartho;Kubitza;23.10.1976
1807;Ortwin;Schnell;18.04.1907
1808;Gerolda;Fredrich;15.09.1908
1809;Nora;Kestler;11.09.2024
1810;Birge;Kunkel;17.11.2014
1811;Thilo;Drewitz;01.05.1902
1812;Rainer;Grundner;03.08.1952
1813;Jean;Förtsch;24.04.1924
1814;Lene;Gehrt;22.10.1931
1815;Frederik;Lörcher;20.09.2010
1816;Karleugen;Habenicht;31.12.1954
1817;Richardis;Meißner;17.09.1975
1818;Philine;Neu;28.05.1990
1819;Chantalle;Staudenmaier;10.05.2024
1820;Margareta;Teichmann;05.12.1967
1821;Hetty;Topf;28.04.1974
1822;Karlheinz;Gericke;04.11.1941
1823;Rutger;Kugelmann;22.07.2013
1824;Friedrich;Eigner;05.08.1930
1825;Lorelies;Berchtold;06.11.1909
1826;Stefan;Valerius;18.04.1944
1827;Christhild;Schmaus;29.05.1978
1828;Belina;Ferguson;01.11.1999
1829;Annemargret;Kraushaar;25.07.1911
1830;Sieghilde;Haase;29.01.1951
1831;Ismene;Overbeck;02.09.1995
1832;Cornelius;Stöckmann;05.04.1939
1833;Marta;Männer;14.01.2011
1834;Aloysia;Michael;13.02.1916
1835;Gitta;Ziems;10.01.1946
1836;Freimuth;Groeneveld;29.06.1964
1837;Burckhardt;Feger;12.10.2010
1838;Mariele;Kümmel;08.08.1949
1839;Armgard;Böer;01.05.1930
1840;Birkhild;Dücker;12.05.1937
1841;Christina;Horn;16.11.1993
1842;Albertine;Häfele;10.12.1978
1843;Nicole;Wojciechowski;21.05.2023
1844;Romy;Hohaus;01.11.1941
1845;René;Kratzsch;21.09.2013
1846;Eckehard;Alles;04.05.1980
1847;Phillip;Rieß;14.04.1926
1848;Lennard;Voit;07.07.1976
1849;Herwald;Westenberger;02.12.2006
1850;Marta;Grad;31.08.2002
1851;Luise;Conrady;16.07.1934
1852;Georg;Conner;10.04.1985
1853;Lotti;Schlosser;04.02.1991
1854;Laurens;Jahnke;22.10.1920
1855;Jo;Etzel;27.01.1909
1856;Vinzent;Specht;27.11.1928
1857;Sybil;Haug;13.05.1910
1858;Yannik;Greß;14.06.1988
1859;Arnhild;Grunow;27.12.2002
1860;Madlen;Bernstein;18.08.1907
1861;Siglind;Remmele;24.12.1949
1862;Joseph;Hiebl;09.06.1992
1863;Reimo;Mailänder;25.03.1908
1864;Maleen;Obermann;07.04.1916
1865;Ehrengard;Geis;14.04.2025
1866;Cordelia;Derksen;30.04.1923
1867;Evchen;Rimbach;05.10.1967
1868;Gunhard;Heumann;20.04.1970
1869;Simpert;Richard;28.07.1946
1870;Elena;Zeh;06.03.1935
1871;Antonius;Ebbing;01.01.2008
1872;Lotte;Sobek;02.10.1974
1873;Niclas;Alles;12.05.1963
1874;Jacob;Dresler;05.03.1992
1875;Céline;Schwemmer;18.03.2018
1876;Leberecht;Hinrichs;28.09.1903
1877;Bernhard;Harbeck;18.01.1940
1878;Magdalena;Jahnel;02.02.1933
1879;Ireneus;Pankoke;01.08.2010
1880;Odilo;Lach;25.09.1904
1881;Ottwin;Knüttel;25.09.1943
1882;Wolfbert;Lehnert;28.03.1932
1883;Lia;Kaindl;28.05.1955
1884;Roselinde;Gillmann;19.10.1995
1885;Burkhard;Kerkhoff;29.01.1984
1886;Ariane;Bäder;13.10.1938
1887;Hendrik;Storch;20.05.1986
1888;Piet;Leopold;11.07.2010
1889;Alexa;Albrecht;22.01.1973
1890;Siglind;Weihs;07.08.1985
1891;Lisbeth;Mühlhaus;02.03.1913
1892;Hansgünther;Eckerle;06.12.2007
1893;Amalie;Strunk;07.04.2011
1894;Friedhold;Gros;23.12.1992
1895;Gabriel;Gerstenberger;17.10.1917
1896;Dankwart;Adamek;18.06.2001
1897;Nancy;Forkel;26.03.1960
1898;Tiemo;Pauli;28.05.1938
1899;Luzia;Brinkmann;21.10.1986
1900;Ulf;Hopp;03.08.1962
1901;Walter;Kerl;10.12.1956
1902;Irmentraut;Nuß;26.08.1922
1903;Christhart;Lühmann;17.02.2023
1904;Gunhild;Engelhart;23.02.1978
1905;Julie;Maxwell;01.03.1936
1906;Simone;Münchow;11.01.1936
1907;Ernstine;Deneke;17.06.1912
1908;Irmintraud;Freudenreich;04.03.2012
1909;Randolf;Clauss;09.10.1961
1910;Emilie;Wessling;13.10.1932
1911;Marilen;Radloff;03.10.2016
1912;Kaja;Hofstetter;18.03.2024
1913;Frank;Lehnen;22.04.1932
1914;Wiltraud;Oertel;10.01.1986
1915;Anrich;Blaser;13.08.1916
1916;Goldtraud;Zeiger;03.12.1970
1917;Amelie;Herda;15.06.1913
1918;Jolina;Braatz;20.01.1918
1919;Doritta;Radloff;27.12.2004
1920;Constanze;Geiger;27.05.2015
1921;Friedeburg;Kandziora;30.08.1918
1922;Burghild;Wood;19.02.1946
1923;Irmfried;Barthelmes;27.03.1978
1924;Helmfried;Hüppe;14.02.1990
1925;Sam;Rauber;30.10.1921
1926;Detrich;Buchinger;07.12.1923
1927;Sonja;Krenn;04.09.1939
1928;Helgert;Betzler;20.01.1960
1929;Samantha;Patt;24.04.1991
1930;Adelbert;Kulik;21.06.2009
1931;Elisa;Lösch;07.01.2014
1932;Gerdt;Führer;13.10.1987
1933;Dorlis;Niesen;29.06.1926
1934;Burghild;Höppner;03.01.2011
1935;Madleine;Elbers;20.12.1975
1936;Volker;Kopka;23.02.1969
1937;Maic;Biewald;29.05.1908
1938;Hildelies;Morton;27.05.1999
1939;Volker;Landeck;02.04.2019
1940;Wulfhard;Bayerl;22.04.1981
1941;Ludger;Flick;01.03.1936
1942;Silvester;Büdenbender;07.04.2015
1943;Erla;Mettler;23.12.2020
1944;Frankmut;Hübler;06.02.1999
1945;Korinna;Pröll;02.03.2024
1946;Myrta;Wensing;02.11.2009
1947;Gisela;Wade;17.04.2023
1948;Céline;Stoffers;16.05.1916
1949;Herta;Neuhoff;06.08.1947
1950;Freimuth;Domes;12.09.2017
1951;Thassilo;Geib;30.09.2004
1952;Trinchen;Ilse;08.12.1942
1953;Hadburg;Scherner;12.09.2019
1954;Kätchen;Baßler;27.07.1992
1955;Gernot;Käser;11.02.1951
1956;Schorsch;Hanselmann;07.04.2021
1957;Riana;Probst;29.12.1932
1958;Vivien;Cinar;08.06.1983
1959;Vincent;Färber;19.07.1902
1960;Liebgard;Ehrich;04.09.1925
1961;Annkathrin;Götzinger;23.04.1992
1962;Muhammed;Harmon;20.06.1971
1963;Vinzent;Dehne;15.10.2015
1964;Wendelgard;Octomedia;06.01.1945
1965;Michel;Weth;19.11.1980
1966;Dimitri;Mattes;06.09.1927
1967;Markolf;Laux;09.04.1920
1968;Benno;Zimmerer;10.12.2004
1969;Valerian;Gilles;19.10.1929
1970;Theodolinde;Scherz;01.04.2004
1971;Hardo;Hohenberger;08.04.1914
1972;Luk;Walgenbach;27.09.1977
1973;Timmo;Mensch;05.01.1916
1974;Witmar;Ziebarth;25.06.1940
1975;Matthies;Aschoff;27.10.1947
1976;Dorina;Amberg;17.09.1986
1977;Karla;Frühling;25.07.1923
1978;Wanda;Lesch;10.08.1939
1979;Birke;Cannon;29.12.1939
1980;Lindmar;Blunck;19.01.1961
1981;Jannine;Garner;17.04.1990
1982;Aloysius;Mosch;23.11.2010
1983;Utta;Becher;23.08.1969
1984;Lene;Buhmann;06.04.1915
1985;Albertine;Dau;06.11.1979
1986;Zoe;Streubel;22.07.2004
1987;Ignatz;Klausmann;06.10.1930
1988;Gerlinde;Houston;23.02.1921
1989;Helen;Birkel;02.11.1956
1990;Welf;Tober;05.05.1958
1991;Wichard;Düvel;01.06.1950
1992;Kathrin;Plischke;10.09.1936
1993;Janik;Witte;20.06.1953
1994;Friedeborn;Geitner;15.07.1978
1995;Emmy;Gerding;29.07.1905
1996;Ben;Klapp;03.11.1945
1997;Käthi;Hemmerling;23.07.2021
1998;Annetraud;Funken;19.10.1933
1999;Hubertina;Polz;28.05.1947
2000;Lidwina;Mitschke;16.03.1942
2001;Hardy;Tissen;25.09.2004
2002;Aloysia;Göbel;21.02.1995
2003;Irmgart;Gerstenberg;25.12.1929
2004;Siegward;Coskun;22.05.2003
2005;Ignazia;Michels;23.12.1963
2006;Viktor;Westermann;06.09.2010
2007;Anneros;Follmann;25.07.1918
2008;Alrik;Stöckl;24.02.1924
2009;Kimberly;Berz;30.05.1985
2010;Bernadette;Woltering;13.08.1992
2011;Swenja;Erler;14.01.1906
2012;Wilhardt;Damerau;21.06.2025
2013;Falk;Hachmann;28.09.2009
2014;Dorlis;Kapfer;07.05.1996
2015;Bertwalda;Strauss;16.09.2017
2016;Hartger;Finck;01.12.1957
2017;Konradin;Horstmann;25.03.1998
2018;Heidy;Storz;09.01.1953
2019;Berna;Renken;20.08.1993
2020;Martin;Böttcher;10.02.1962
2021;Wolfhelm;Kresse;02.08.2022
2022;Louise;Yilmaz;09.03.1928
2023;Notker;Seyfried;16.03.1935
2024;Maya;Weimann;29.07.2004
2025;Rathgunde;Kloster;04.05.1984
2026;Ole;Heidkamp;20.04.1932
2027;Gundel;Streck;19.10.1975
2028;Thore;Porten;25.10.1990
2029;Sissy;Naumann;22.07.1920
2030;Wilmar;Wunderle;10.02.1923
2031;Lara;Neukirchen;14.05.1929
2032;Christhelm;Dürkop;26.10.1994
2033;German;Haas;04.03.1952
2034;Folkhard;Owen;03.11.1942
2035;Margaritta;Perl;26.11.1930
2036;Lienhard;Yüksel;26.11.1952
2037;Marieliese;Füller;12.10.1983
2038;Fridolin;Hilpert;25.08.1924
2039;Reinburga;Piechotta;22.04.2010
2040;Irminfried;Hoppmann;17.03.1984
2041;Hannes;Riediger;22.10.2013
2042;Englbert;Kain;14.01.1949
2043;Ringo;Neuhäuser;16.12.1902
2044;Clivia;Ganz;13.11.1965
2045;Annedoris;Nonn;31.01.1949
2046;Annetraude;Kammerer;10.03.2018
2047;Jamie;Wichert;10.08.1916
2048;Philine;Lepper;03.03.2018
2049;Siegtraud;Hildenbrand;19.10.1992
2050;Yasmin;Sass;01.07.2001
2051;Irmlind;Prang;22.11.1983
2052;Isa;Monsees;26.09.1985
2053;Karola;Scharfe;11.02.2008
2054;Gelbert;Schachtner;23.01.1991
2055;Winand;Kinkel;24.07.1933
2056;Dietolf;Kelling;29.10.1990
2057;Brigitte;Münzer;24.05.2005
2058;Elsa;Schuff;14.08.1910
2059;Hildelind;Pflieger;31.05.1994
2060;Renatus;Rippe;21.06.1987
2061;Erdwin;Nitzschke;28.03.1976
2062;Kerstin;Körfer;03.11.1918
2063;Hartwald;Robinson;08.10.1952
2064;Hanswilhelm;Liebhart;04.04.2020
2065;Hieronimus;Gall;25.05.1912
2066;Gero;Dangel;13.03.1964
2067;Gundemarie;Happ;25.03.1965
2068;Gabi;Wöhrle;10.02.1905
2069;Gertraude;Hamacher;03.08.2021
2070;Arwin;Kohrs;14.11.2021
2071;Reginhardt;Eckardt;27.12.1985
2072;Catherina;Lenhard;13.05.1972
2073;Bärbl;Goodman;31.05.1961
2074;Mechthilde;Yang;01.04.1985
2075;Konstanze;Kielmann;19.04.1992
2076;Rudolf;Schnee;14.02.1967
2077;Thea;Völz;16.03.1990
2078;Jessika;Wieland;06.01.1944
2079;Adelfried;Immel;07.07.2016
2080;Raimond;Jürgens;18.11.1974
2081;Wernhard;Helfrich;02.01.1974
2082;Roberto;Speiser;02.12.1985
2083;Heimtraud;Mollenhauer;08.01.1920
2084;Frohmund;Schulze;03.11.1940
2085;Enrico;Romeike;26.09.1931
2086;Laura;Tietjen;16.06.2006
2087;Margitta;Lehrmann;24.06.1986
2088;Heyko;Reimers;31.07.1994
2089;Gundhard;Griesinger;04.06.2000
2090;Eric;Peuker;17.05.2000
2091;Edmar;Vesper;02.11.1955
2092;Hedy;Traut;27.02.1987
2093;Luis;Pohle;26.07.1980
2094;Edeltraud;Krell;16.12.2013
2095;Cathleen;Ostmann;27.10.1960
2096;Valentin;Hölzle;02.09.2017
2097;Mats;Gillessen;03.04.1950
2098;Annika;Epping;04.02.2023
2099;Arlinde;Watson;08.11.1908
2100;Erdwin;Zeuner;04.05.1932
2101;Mirko;Grimmer;22.05.1940
2102;Annekäthe;Haas;21.09.1911
2103;Ina;Kammler;01.04.1993
2104;Volker;White;15.06.2018
2105;Martin;Placzek;08.04.1902
2106;Edmar;Bamberger;11.05.1945
2107;Bodmar;Armbrust;18.03.1904
2108;Ilsebärbel;Bublitz;08.11.1977
2109;Wieland;Wirsching;14.10.2006
2110;Maike;Wicht;31.05.1993
2111;Georg;Hartung;12.03.1948
2112;Louise;Stäbler;03.01.2015
2113;Konrad;Rühlemann;23.10.1964
2114;Waldburgis;Straßburg;16.05.2005
2115;Timmo;Haase;02.09.1981
2116;Wigbert;Schedlbauer;28.10.1928
2117;Raimar;Akkermann;13.05.1939
2118;Eunike;Siebert;11.06.1942
2119;Roger;Anger;30.04.1996
2120;Tommy;Petrich;01.11.1953
2121;Winfrid;Hintz;08.02.1915
2122;Trutz;Feldkamp;24.05.1985
2123;Matthias;Dölle;30.09.1980
2124;Zacharias;Pratt;10.05.2004
2125;Sunhild;Windmüller;05.12.1978
2126;Arkadius;Baatz;14.07.1969
2127;Verona;Strunk;19.02.1945
2128;Tillmann;Leske;26.07.1986
2129;Doritta;Ober;07.11.1969
2130;Lilibeth;Standke;30.06.1996
2131;Ingelore;Zipf;28.09.1992
2132;Mechtild;Stegmann;13.12.2008
2133;Sylvius;Demmer;19.05.1953
2134;Artur;Hödl;18.12.1998
2135;Warnfried;Röper;23.07.2013
2136;Anni;Joachim;17.12.1966
2137;Wolfhermann;Potratz;17.01.1970
2138;Romana;Denzler;21.10.1931
2139;Gabriela;Klapper;05.09.2004
2140;Eduard;Unverzagt;16.03.2008
2141;Ingeborg;Perez;20.04.2005
2142;Trudbert;Drechsler;19.08.1904
2143;Gitti;Goldberg;13.08.2024
2144;Timo;Ballard;02.02.1921
2145;Barbara;Steffens;27.11.1974
2146;Kurt;Lentz;28.01.1914
2147;Rosina;Schu;14.03.1958
2148;Engelbert;Stelzig;23.09.1941
2149;Klausdieter;Winkens;23.02.1905
2150;Christhardt;Jovanovic;05.09.1956
2151;Carin;Barthold;03.11.1929
2152;Christiana;Dold;28.09.1954
2153;Gerhilde;Hildenbrand;12.12.1914
2154;Marten;Silva;16.08.2004
2155;Renatus;Tittmann;12.08.2018
2156;Friedhild;Breuninger;14.10.1955
2157;Annemarie;Temme;03.10.2004
2158;Hanskarl;Ney;02.12.1948
2159;Jannis;Egbers;29.05.2009
2160;Waldfried;Gödde;09.06.2025
2161;Theophilus;Soto;10.12.1952
2162;Frieda;Wald;11.08.1952
2163;Ella;Hegewald;29.05.2022
2164;Gerdfried;Haßler;13.09.1931
2165;Ottomar;Oelze;19.04.1908
2166;Anneruth;Abendroth;20.01.1947
2167;Agatha;Friedrichs;21.05.1905
2168;Reintraud;Stuck;26.09.1947
2169;Kareen;Kreitz;05.04.1966
2170;Wiltrud;Lienert;13.02.2013
2171;Engelbert;Weihs;22.12.2021
2172;Nikodem;Küster;08.11.2001
2173;Stephanus;Liebel;27.02.1939
2174;Anneheide;Blome;02.01.1906
2175;Barthold;Lynch;19.06.1910
2176;Joschua;Geng;19.02.1936
2177;Erlfried;Kleiner;25.01.1942
2178;Friedrun;Blaß;25.08.1971
2179;Hansjakob;Kofler;22.04.2004
2180;Traude;Krahn;12.09.1977
2181;Helmfried;Anlauf;07.07.1945
2182;Hannelene;Schüller;18.12.1939
2183;Myrjam;Jakobi;13.02.1965
2184;Elmar;Meder;02.02.1915
2185;Alheidis;Weigert;17.09.1933
2186;Bertha;Helten;16.10.1971
2187;Hanfried;Schmalfuß;29.11.1938
2188;Tim;Leupold;02.08.1939
2189;Friedmut;Sticht;21.01.2015
2190;Finchen;Weber;10.06.2021
2191;Irmfriede;Jäckel;18.03.1919
2192;Ullrich;Wied;05.01.1992
2193;Julian;Dick;05.06.1986
2194;Aline;Kaffenberger;27.02.1902
2195;Maurus;Cakmak;09.10.1918
2196;Hans;Nitzschke;02.02.1997
2197;Annkathrin;Kieninger;10.08.1943
2198;Dietwulf;Härtl;05.01.1992
2199;Reingard;Bey;20.02.2020
2200;Ingbert;Grether;02.03.1935
2201;Michel;Grieger;05.08.2002
2202;Irmin;Schwerin;23.05.1977
2203;Volkhard;Haschke;31.07.2013
2204;Dietmund;Mehr;10.12.1954
2205;Jolantha;Kelch;16.09.2010
2206;Jolina;Feyerabend;04.05.2005
2207;Luc;Buchmüller;20.06.1995
2208;Mads;Heitzmann;24.07.1996
2209;Ferdinandus;Kamp;12.03.1994
2210;Ambros;Vieten;01.09.1928
2211;Gottholde;Wand;24.03.2010
2212;Ulfried;Künne;19.10.1909
2213;Arnhild;Geiler;13.04.1906
2214;Karlernst;Oertel;22.05.1960
2215;Giselbert;Bunte;02.08.1940
2216;Stefan;Daub;06.07.1949
2217;Eckert;Bernhard;10.02.1914
2218;Urda;Daut;04.08.1991
2219;Britta;Bruchmann;12.12.1909
2220;Dietwolf;Nold;31.12.1943
2221;Lotti;Dreesen;04.02.2006
2222;Sibylla;Heßling;18.09.1923
2223;Friedmut;Jülich;11.11.1937
2224;Eduard;Reichelt;19.12.1981
2225;Otfried;Widmer;10.05.1916
2226;Kasimir;Wack;16.10.1938
2227;Augustin;Sack;18.04.1959
2228;Marc;Skibbe;28.12.1931
2229;Jean;Neher;17.07.1944
2230;Oda;Schön;08.12.2011
2231;Burglind;Gierke;23.11.1944
2232;Friedhardt;Reid;31.07.2002
2233;Eckehard;Kiechle;12.01.2013
2234;Waldtraud;Feld;03.08.1911
2235;Gila;Hufnagl;21.02.1960
2236;Marlis;Reuber;19.08.1996
2237;Sinah;Flechsig;29.03.1991
2238;Karena;Engl;25.12.2003
2239;Marcel;Elsen;01.04.1973
2240;Barthold;Martensen;21.06.1985
2241;Bianka;Herre;16.02.2001
2242;Ingbert;Friedel;26.09.1942
2243;Gerwin;Kleinfeld;30.09.1916
2244;Lea;Reißmann;16.05.1990
2245;Elfrieda;Sölter;25.11.1965
2246;Lindmar;Hit;11.12.1917
2247;Annelies;Akyol;22.07.1996
2248;Kay;Mildenberger;08.07.1931
2249;Marhild;Gerling;08.11.1994
2250;Monique;Dittberner;19.02.2018
2251;Jona;Klinner;17.10.1987
2252;Ismene;Remy;15.01.1983
2253;Gretlies;Herber;24.01.1924
2254;Hetty;Petter;26.04.1929
2255;Lynn;Friese;06.06.1920
2256;Edgar;Haan;20.05.1993
2257;Erdmann;Freytag;05.05.1971
2258;Kristina;Höhl;19.02.1928
2259;Ilsegret;Watermann;13.04.1959
2260;Ingomar;Kupfer;01.01.1988
2261;Engelbert;Rosenzweig;23.11.2002
2262;Severin;Reinartz;23.05.2011
2263;Waldburga;Dienst;16.10.1916
2264;Erich;Schieck;06.06.1943
2265;Siegberta;Ohlsen;17.03.1908
2266;Sigfrid;Rey;13.07.1970
2267;Fabio;Timmermann;27.09.1948
2268;Gerhilde;Stürmer;15.06.1932
2269;Emily;Waldherr;14.03.1942
2270;Kordelia;Emmel;18.09.1908
2271;Lara;Look;02.02.2015
2272;Grit;Erkens;02.12.1984
2273;Aloysius;Sieker;26.10.1990
2274;Ali;Pohle;31.01.1918
2275;Oscar;Garske;19.11.1963
2276;Adelheide;Zaiser;25.04.1967
2277;Isbert;Guse;12.08.1916
2278;Berngard;Oepen;28.07.1941
2279;Bodo;Lamberty;28.03.1992
2280;Lilly;Kriener;27.04.1902
2281;Linhilde;Halbach;20.08.1910
2282;Uschi;Verhoeven;24.05.1909
2283;Berna;Breiter;27.12.1916
2284;Corinna;Bahr;31.01.1985
2285;Rimbert;Wehnert;19.11.1983
2286;Nicolas;Mertin;07.02.1930
2287;Joelle;Helmer;27.12.1986
2288;Eckehardt;Baumgarten;25.06.2003
2289;Christfried;Dralle;10.07.1911
2290;Felicitas;Hombach;18.12.2020
2291;Marten;Heier;23.07.1987
2292;Clementine;Rascher;28.12.1997
2293;Nicholas;Harris;08.02.1940
2294;Toralf;Ertl;22.11.1965
2295;Otthein;Seibert;13.01.1975
2296;Ruppert;Bleicher;11.08.1971
2297;Sergius;Wetzel;13.09.2005
2298;Ria;Westerhoff;30.08.2000
2299;Edeltraut;Homuth;23.09.1905
2300;Friedrun;Künzel;15.09.1962
2301;Elfgard;Schade;27.04.1924
2302;Wolfhart;Rubel;05.04.1986
2303;Karina;Teichmann;02.08.1999
2304;Ludwig;Pavlovic;05.01.1962
2305;Burghart;Maassen;02.11.1985
2306;Lennart;Schanze;25.12.1995
2307;Lieselore;Zach;07.08.2018
2308;Zita;Bodenmüller;25.10.1958
2309;Patrizia;Scharpf;13.05.1962
2310;Remigius;Aicher;27.08.1992
2311;Lotta;Bader;29.06.1967
2312;Madleine;Hinze;22.07.1911
2313;Ilsemarie;Vinke;07.01.1938
2314;Miguel;Fey;04.08.1917
2315;Marlitt;Bosselmann;25.01.1918
2316;Nortrud;Eckelmann;23.03.1903
2317;Guido;Thome;26.09.1924
2318;Frithjof;Schubert;09.06.2020
2319;Falkhard;Knops;19.04.1984
2320;Linn;Cross;21.05.1987
2321;Ascan;Gros;17.10.1930
2322;Rainhard;Knopp;12.10.1957
2323;Harribert;Littmann;13.10.1970
2324;Niklas;Sens;27.11.2001
2325;Friederike;Hellberg;06.08.1915
2326;Walburga;Geitner;14.05.1924
2327;Otthold;Witzmann;27.02.1906
2328;Gritt;Weerts;19.10.1923
2329;Ambrosius;Fink;06.02.1988
2330;Kyra;Willenborg;04.03.1967
2331;Achim;Hauber;03.11.1902
2332;Svea;Falke;28.05.1993
2333;Ferhart;Hertrampf;27.05.2011
2334;Berni;Lorbeer;09.02.1944
2335;Celina;Paulmann;03.08.1955
2336;Anneros;Dießner;03.10.1945
2337;Malte;Drexl;28.06.2011
2338;Gottholde;Leipold;15.05.1910
2339;John;Schomann;03.01.2019
2340;Gila;Norden;15.12.1949
2341;Burghilde;Bölke;03.02.1931
2342;Lewin;Stenz;08.04.1936
2343;Annette;Brauckmann;21.03.1988
2344;Friedlind;Mittler;29.04.1996
2345;Gundel;Liske;31.03.2000
2346;Uranius;Dubbert;24.03.1908
2347;Falkhard;Hertling;29.01.1963
2348;Arnhild;Häussler;10.12.1982
2349;Steffie;Steiner;17.09.2024
2350;Friedhelm;Dannenberg;30.12.1994
2351;Giselher;Kennedy;17.04.1952
2352;Hubertus;Reed;08.03.1962
2353;Yannick;Gayer;26.06.1938
2354;Friedhild;Maisel;09.02.1945
2355;Mania;Kolodziej;04.11.1969
2356;Heinfried;Kottmann;17.06.1963
2357;Wilderich;Eberspächer;12.08.1972
2358;Roland;Jennings;29.01.1950
2359;Babsi;Mendler;01.08.1991
2360;Noa;Wiemers;17.08.1939
2361;Emelie;Hohenstein;04.06.1952
2362;Heidegret;Neis;05.05.1990
2363;Tanja;Wilkens;26.07.1924
2364;Bernhardt;Boschert;05.02.2020
2365;Gernulf;Hauth;10.05.2008
2366;Evamaria;Hansel;22.05.1983
2367;Anke;Neukirchen;30.06.1905
2368;Gabriel;Till;19.10.1910
2369;Fritz;Speier;26.06.1914
2370;Sigfrid;Schwind;29.07.1928
2371;Nordrun;Glöckner;26.07.1998
2372;Ella;Richards;10.08.2012
2373;Ronald;Peltzer;25.05.1904
2374;Dethard;Rieber;28.04.1950
2375;Monika;Polenz;14.09.2021
2376;Claus;Lein;26.09.1982
2377;Otwin;Brucker;16.01.1960
2378;Gerdt;Löhnert;11.01.1944
2379;Gottfried;Gonsior;13.08.2018
2380;Helgrid;Kaus;08.11.1978
2381;Wiltrude;Hickmann;21.08.1941
2382;Suse;Niklaus;05.09.1929
2383;Reimo;Ortner;08.01.1992
2384;Irmgarda;Hädicke;24.06.1903
2385;Romana;Heeren;09.04.2007
2386;Anika;Fritsche;16.11.1932
2387;Arnfried;Bialas;13.10.1968
2388;Dietrich;Seubert;10.07.1972
2389;Roberto;Baranowski;30.01.1960
2390;Friedoline;Ast;03.12.2001
2391;Thassilo;Gronwald;07.12.1915
2392;Laurentius;Bölling;10.12.1973
2393;Hartger;Weingarten;20.05.1971
2394;Emmaliese;Zimmerman;11.10.1915
2395;Wendelgard;Zinke;14.06.1978
2396;Josua;Raabe;09.07.1946
2397;Käte;Hülsmann;26.11.2011
2398;Robby;Lenger;07.01.1985
2399;Ottmar;Vogeler;29.06.2006
2400;Irmtraud;Hirte;19.08.1912
2401;Wernher;Pelster;12.11.1923
2402;Heribert;Liebsch;14.08.1903
2403;Rasso;Ranke;05.12.1962
2404;Willhart;Casey;09.05.1956
2405;Gisela;Theilen;23.09.1980
2406;Sieghardt;Frings;08.02.1903
2407;Lerke;Sieverding;21.03.1909
2408;Edelfried;Dill;17.04.2003
2409;Kriemhilde;Henle;19.09.1938
2410;Beate;Brüning;25.09.1916
2411;Volkart;Kempe;15.06.1924
2412;Rahel;Brückl;28.09.1907
2413;Karlfried;Ehlers;03.10.2000
2414;Ernstfried;Krone;04.05.1971
2415;Treuhart;Filter;28.04.1906
2416;Carla;Mues;07.09.1942
2417;Oswin;Emmert;05.06.1977
2418;Lia;Gehrlein;19.05.1934
2419;Paulina;Leuschner;10.09.1908
2420;Frowin;Herklotz;27.07.1992
2421;Reinburga;Stille;23.10.1973
2422;Maximiliane;Haider;01.03.1972
2423;Marlis;Bald;29.11.1957
2424;Thilo;Winterhalter;14.08.2010
2425;Niko;Feldhaus;11.06.1944
2426;Therese;Faulhaber;09.09.1943
2427;Wolfried;Deubel;01.08.2021
2428;Maik;Bosse;24.06.1915
2429;Sighard;Schaper;27.10.1956
2430;Hilmar;Mahlke;15.04.1987
2431;Cirsten;Freier;10.02.1903
2432;Diethard;Wessely;07.01.2011
2433;Marielene;Waldow;22.02.1967
2434;Jolantha;Hilt;20.11.1936
2435;Dieter;Wolff;31.08.1935
2436;Börries;Tölke;03.12.1957
2437;Erfried;Filipovic;25.10.1979
2438;Isgard;Feld;09.11.1963
2439;Wedigo;Kremers;08.08.2000
2440;Rainmund;Leyh;29.08.1948
2441;Degenhard;Pistor;16.01.2023
2442;Helmrich;Schamberger;09.09.2011
2443;Michl;Kolter;08.01.2021
2444;Frowin;Hasler;05.09.1979
2445;Hardo;Schirm;17.08.1999
2446;Jupp;Winterholler;20.10.1937
2447;Verona;Zobel;24.11.2004
2448;Nicolas;Pauer;09.02.2008
2449;Siegert;Seltmann;27.07.1956
2450;Willrich;Steckel;22.02.1920
2451;Ottheinrich;Ucar;23.09.2005
2452;Marieliese;Frost;24.08.2011
2453;Rauthgundis;Reinold;18.08.1995
2454;Bringfried;Lohr;24.06.1995
2455;Gertwin;Kammann;12.07.1971
2456;Otto;Kinner;22.08.1930
2457;Hansotto;Seebach;10.04.2014
2458;Heinolf;Bernard;28.08.1910
2459;Waltraut;Rach;26.11.1951
2460;Volkard;Feldt;07.02.1985
2461;Annaliese;Meuser;17.03.1965
2462;Philine;Huß;15.06.1977
2463;Aline;Strickland;05.02.1966
2464;Florentius;Isik;10.05.2014
2465;Edelinde;Dippel;23.05.1921
2466;Paulus;Schrewe;27.06.1966
2467;Frowine;Engmann;17.09.1906
2468;Mathias;Freier;02.11.1902
2469;Kimberley;Hagemann;28.08.2021
2470;Ottmar;Schaffert;02.06.1984
2471;Janfried;Rattay;14.05.1988
2472;Anje;Clayton;17.05.1984
2473;Siegert;Jager;09.04.1979
2474;Dorina;Bührer;06.08.1976
2475;Bianka;Aue;29.07.1919
2476;Ulwin;Reil;31.03.1938
2477;Miriam;Eisenbach;07.12.2016
2478;Jessika;Winterhart;16.08.1961
2479;Oskar;Grözinger;02.03.1987
2480;Jonah;Rademacher;07.12.1970
2481;Axel;Veigel;08.06.1947
2482;Crescentia;Mast;05.05.2025
2483;Nathalie;Knott;26.09.2021
2484;Kurd;Lock;01.07.2024
2485;Immanuel;Wörner;24.07.1917
2486;Marbod;Krapp;12.08.1936
2487;Marieliese;Drescher;12.06.1902
2488;Gerdfried;Struwe;30.12.1974
2489;Irena;Husemann;26.03.1998
2490;Reinhardt;Ferdinand;07.07.1953
2491;Eyck;Stüwe;02.10.2021
2492;Giesela;Hanne;23.12.1908
2493;Roselies;Heyne;20.09.1954
2494;Barbara;Hesse;03.10.1995
2495;Sabine;Sauerbrey;19.09.1953
2496;Meike;Aicher;05.09.1966
2497;Ute;Spieß;15.09.1955
2498;Edda;Glover;27.10.2001
2499;Theohold;Winckler;20.02.1913
2500;Leif;Timmermann;23.09.1907
2501;Adolfa;Adolph;08.02.1932
2502;Einhard;Boehm;25.11.1944
2503;Quirin;Vogeler;30.09.1908
2504;Nadin;Reinecke;13.04.1928
2505;Elfriede;Rosenberger;14.11.1960
2506;Haralda;Tomczak;21.11.1927
2507;Mirko;Eichenauer;12.10.1957
2508;Marcellus;Landwehr;02.02.1994
2509;Johannette;Homm;15.04.2021
2510;Treuhard;Weiden;15.09.1956
2511;Malve;Pongratz;26.01.1948
2512;Lindemarie;Achterberg;13.12.2012
2513;Karli;Knecht;07.07.2001
2514;Annette;Keilbach;18.06.2002
2515;Heliane;Eurich;23.04.2004
2516;Fabiane;Haimerl;20.01.1963
2517;Heidetraud;Daum;07.07.1995
2518;Susanna;Harz;14.06.2025
2519;Randolph;Kappes;23.06.1907
2520;Friedemar;Bautz;28.06.1940
2521;Noa;Borkowski;15.07.1915
2522;Clivia;Bögel;01.03.1921
2523;Alexandra;Körfer;11.06.1940
2524;Eunike;Timm;11.11.1969
2525;Otti;Dallmann;27.11.1952
2526;Ronja;Carius;20.05.1930
2527;Finchen;Helbing;16.03.1904
2528;Theophilus;Vögele;17.12.2019
2529;Riana;Schaf;03.08.1917
2530;Dietrich;Schnorr;17.11.1936
2531;Nepomuk;Knaak;23.04.1946
2532;Antje;Göhner;17.07.1936
2533;Catarina;Nitschke;06.06.1966
2534;Liborius;Jachmann;16.04.1948
2535;Wiltrud;Tillack;12.12.1930
2536;Hiltraut;Hutmacher;30.08.2023
2537;Sylvana;Feige;06.10.1957
2538;Robin;Pfund;04.05.1935
2539;Nelli;Wichmann;28.02.1993
2540;Alois;Stöger;26.04.1958
2541;Klarissa;Karbach;08.12.2021
2542;Marten;Wölk;20.07.1968
2543;Brita;Stade;25.05.2024
2544;Melvin;Aslan;23.12.2012
2545;Udo;Luck;03.04.2025
2546;Wiegbert;Heumann;12.12.2000
2547;Franziska;Rusch;12.04.1915
2548;Theresa;Herkommer;29.03.1989
2549;Jonas;Schwer;14.10.2000
2550;Myriam;Regel;12.12.1962
2551;Klaudius;Frischmuth;29.07.1921
2552;Gert;Bange;23.10.1917
2553;Klaas;Janka;30.05.1958
2554;Reinlinde;Wall;27.08.1974
2555;Xaver;Strebel;31.08.1902
2556;Kunigunda;Maschke;25.01.1916
2557;Gesine;Koster;08.12.1902
2558;Arved;Feigl;26.10.1979
2559;Kristine;Tietze;11.01.1970
2560;Uve;Appel;09.07.1963
2561;Celina;Stock;27.05.1959
2562;Hannes;Börner;08.07.1908
2563;Gundela;Wengler;06.04.1945
2564;Rosamarie;Krieger;06.10.2002
2565;Mats;Piontek;09.02.2022
2566;Gert;Krüger;18.12.1928
2567;Kirstin;Schorpp;15.01.1981
2568;Amadeus;Wolke;21.10.1939
2569;Eckert;Herden;25.03.1947
2570;Monja;Broll;23.09.1968
2571;Tore;Grotz;15.04.1935
2572;Birgit;Eisfeld;21.08.1969
2573;Trude;Erler;03.05.1957
2574;Stephanus;Elling;14.08.2013
2575;Friedhardt;Gabriel;16.01.1931
2576;Siegfrid;Dams;28.08.1905
2577;Eberhard;Seidlitz;28.07.1982
2578;Willi;Vogt;13.10.1997
2579;Elselore;Heiderich;07.10.1906
2580;Frohwald;Bremen;02.10.1961
2581;Conrad;Rach;07.04.1953
2582;Gerolf;Reiff;02.11.1980
2583;Chris;Dechant;14.06.1913
2584;Senta;Ruhe;01.02.2019
2585;Wilhardt;Schätzle;15.09.1913
2586;Liselore;Hörner;09.11.1967
2587;Dina;Janson;21.09.2018
2588;Eduard;Demski;27.01.1940
2589;Enrico;Wittkamp;10.01.1939
2590;Annetrud;Herget;29.08.2003
2591;Reinbert;Würtz;15.11.1949
2592;Bernhart;Scholten;05.06.1939
2593;Falko;Runge;26.10.1929
2594;Hanswerner;Beuter;25.02.1903
2595;Albin;Ertel;26.11.1918
2596;Monica;Schlottmann;28.04.2016
2597;Wiltraut;Schlechter;30.01.1987
2598;Juli;Fiedler;03.05.2022
2599;Haymo;Kühner;24.04.1990
2600;Wendelin;Bialas;17.11.1974
2601;Xaverius;Schiel;09.06.2011
2602;Volkard;Schwanke;25.03.1934
2603;Baptist;Munoz;19.09.1990
2604;Friederun;Pyka;05.02.1938
2605;Reinmar;Kegel;10.07.1953
2606;Malte;Felde;04.06.2007
2607;Jacob;Kelly;28.10.1938
2608;Hilarius;Gundel;03.01.1976
2609;Gundula;Bruchmann;16.03.1976
2610;Gottholde;Böhner;09.07.1937
2611;Traudlinde;Linke;20.07.1987
2612;Mark;Ruppert;06.09.1942
2613;Lidwina;Harmsen;06.05.2010
2614;Uschi;Neidhart;01.02.1995
2615;Norman;Leininger;15.07.2021
2616;Leandro;Bohlender;11.04.1917
2617;Roselius;Schlieper;27.08.1974
2618;Willmar;Casper;26.07.2018
2619;Felicitas;Karbe;05.08.1952
2620;Benedikt;Penning;17.05.1942
2621;Samantha;Hehl;30.10.1987
2622;Gerritdina;Ilg;03.01.1929
2623;Alrik;Dobler;18.02.1916
2624;Marielies;Willenborg;05.11.1921
2625;Friedeburg;Gutt;15.08.1908
2626;Ricardo;Senger;14.06.1934
2627;Sighelm;Schuler;04.11.1920
2628;Tom;Dambach;27.06.1909
2629;Gritta;Thomsen;10.01.1969
2630;Mania;Jordan;16.07.1979
2631;Ruthild;Back;22.06.2004
2632;Heinzhermann;Naundorf;30.08.1937
2633;Philine;Schönefeld;06.05.1925
2634;Marlies;Ahrens;16.10.2018
2635;Linhilde;Spiller;08.08.1972
2636;Mechthilde;Stefani;27.06.1954
2637;Emilie;Sütterlin;25.08.1911
2638;Sören;Schulten;18.09.1946
2639;Reny;Sorgenfrei;25.05.1904
2640;Kaya;Rieken;19.12.1915
2641;Remigius;Nuß;07.10.1995
2642;Emely;Danker;08.01.1982
2643;Fabiane;Zeppenfeld;01.11.1951
2644;Kevin;Teschner;09.10.1944
2645;Valeska;Taylor;17.06.1963
2646;Roseline;Wiens;11.11.1980
2647;Lieselene;Wiesmann;03.10.1929
2648;Erdwin;Küffner;25.01.1960
2649;Christhild;Staubach;24.02.2010
2650;Heidebert;Eisenhuth;11.10.2012
2651;Kornelius;Höller;23.05.1929
2652;Emmerich;Achilles;28.12.2003
2653;Bärbel;Gerster;14.08.1997
2654;Steffen;Böhner;07.02.1916
2655;Volkhart;Overbeck;17.12.1937
2656;Altfried;Volpert;19.02.1990
2657;Camilla;Maibaum;18.04.1903
2658;Friedhart;Gutowski;08.07.1988
2659;Holmer;Frieß;31.05.1928
2660;Lene;Sperl;13.01.1956
2661;Gislind;Otte;03.08.2015
2662;Arnulf;Weidinger;05.09.2023
2663;Oswald;Halbig;11.08.1993
2664;Lars;Dörfer;14.03.1907
2665;Runfried;Steinecke;15.04.1963
2666;Marietraud;Gramm;27.01.2011
2667;Gerfried;Munk;26.11.1992
2668;Tanja;Nothdurft;16.10.1985
2669;Frederik;Uzun;21.09.1998
2670;Lidwina;Obermaier;02.11.1969
2671;Heidfried;Greiser;14.11.1944
2672;Nic;Benn;15.09.1927
2673;Karsta;Osten;22.05.1957
2674;Martrud;Weinand;06.01.2017
2675;Wilhardt;Unverzagt;14.07.1931
2676;Heini;Hohlfeld;05.12.2010
2677;Luca;Mandler;25.02.2006
2678;Klothilde;Hustedt;10.04.1916
2679;Mirjam;Löber;05.06.1942
2680;Friedhard;Placke;16.01.1917
2681;Walbert;Pöhlmann;31.05.2004
2682;Finnja;Westhoff;24.07.1902
2683;Siegfrid;Neitzel;04.08.1978
2684;Urte;Buttgereit;13.04.1996
2685;Christiana;Hartwig;18.08.1954
2686;Marilen;Aulich;04.12.1974
2687;Grimbert;Teichert;04.04.1963
2688;Irmgardt;Lutz;02.06.1915
2689;Wendela;Förg;12.10.1989
2690;Sindy;Ludolph;23.02.1906
2691;Norbert;Waller;05.10.1956
2692;Siegert;Weidlich;04.02.2021
2693;Benedikt;Lewis;28.04.1976
2694;Lilian;Widera;01.10.2020
2695;Christward;Alt;04.08.1981
2696;Timon;Tölle;08.07.1922
2697;Erlwine;Hunter;27.10.1983
2698;Henrik;Weyand;03.02.1938
2699;Gebhard;Obert;11.12.1990
2700;Ben;Abbott;26.10.1933
2701;Utta;Diers;11.10.1977
2702;Emmeram;Marciniak;03.05.1972
2703;Erdmann;Kubisch;19.08.1907
2704;Fritz;Pusch;08.02.1931
2705;Heidfried;Guttmann;15.01.1963
2706;Hiltrude;Galle;09.06.2016
2707;Janne;Herbert;13.01.1952
2708;Dorothea;Stieber;09.07.1932
2709;Helene;Lindt;28.06.1998
2710;Celia;Möllenbeck;06.11.1954
2711;Herold;Wiencke;23.06.1991
2712;Hansjochen;Weigert;18.04.1943
2713;Winfriede;Hausmann;19.01.1933
2714;Helmgard;Iwan;27.06.1921
2715;David;Steinel;15.10.2001
2716;Vivien;Mucha;27.05.1999
2717;Neithard;Nüßlein;11.07.1996
2718;Artur;Wiegel;08.03.1986
2719;Heinzpeter;Thoß;08.08.1915
2720;Lenard;Roters;11.09.2000
2721;Hedy;Kröll;13.02.1944
2722;Nortrud;Jeschke;14.07.1913
2723;Helmgard;Hehl;21.02.1934
2724;Bernt;Riegler;28.12.1998
2725;Wunnibald;Struwe;03.07.1917
2726;Joachim;Wagener;13.04.1982
2727;Vincenz;Berling;18.03.2021
2728;Folkhard;Edwards;01.06.1986
2729;Alwine;Eiden;15.09.1911
2730;Ulrike;Seck;09.11.2013
2731;Ludwig;Cassens;28.05.2007
2732;Sibyl;Dopfer;27.09.2014
2733;Bertfriede;Endemann;31.10.2016
2734;Annette;Murray;29.03.1908
2735;Ferdi;Schomann;09.04.1960
2736;Thurid;Rubin;08.02.2009
2737;Hermine;Lausch;09.05.1972
2738;Joel;Petri;15.05.1921
2739;Nadin;Reddig;07.01.1934
2740;Stilla;Stracke;28.04.2016
2741;Loreliese;Sackmann;21.05.1914
2742;Gelbert;Reese;29.03.1985
2743;Heino;Steinbeck;04.10.1917
2744;Hansjakob;Scherer;11.04.1957
2745;Edeltraude;Oberst;21.09.2013
2746;Marietraud;Dehmel;05.02.1988
2747;Sieglind;Limpert;10.04.1998
2748;Hanswerner;Kösters;13.09.2009
2749;Giesela;Fährmann;08.07.1981
2750;Dorle;Kuper;20.10.1923
2751;Helgomar;Wriedt;22.09.1980
2752;Gitta;Friederich;21.07.2000
2753;Rudger;Heberle;01.10.2005
2754;Elia;Yavuz;24.08.1985
2755;Hannegret;Thierbach;20.06.1961
2756;Arabella;Oliveira;29.07.1980
2757;Alwine;Bittner;12.10.1947
2758;Margaretha;Ramos;30.05.1940
2759;Chiara;Paas;01.04.1960
2760;Tanja;Higgins;06.04.1950
2761;Zenta;Wachsmann;02.01.1909
2762;Liam;Mederer;27.06.1931
2763;Alois;Lierzer;14.03.1959
2764;Muhammed;Fichter;26.09.1975
2765;Karina;Detlefsen;01.05.1980
2766;Almtrud;Seide;08.12.1932
2767;Edelfried;Mette;18.06.1991
2768;Konrad;Baur;22.07.1984
2769;Wernhard;Stüven;07.01.1953
2770;Hermi;Liebold;14.08.2006
2771;Neithard;Arndt;20.06.2025
2772;Ambros;Clark;17.01.1942
2773;Dorothee;Heynen;17.01.2001
2774;Yasmin;Görres;19.02.1972
2775;Burgis;Schreiner;29.10.1907
2776;Gotelind;Kuhnt;23.05.2008
2777;Sönke;Steinert;10.11.1974
2778;Elfgund;Rockel;12.04.1955
2779;Caroline;Bailey;27.11.1970
2780;Cordula;Scheid;10.05.1937
2781;Witta;Grant;28.08.1938
2782;Til;Pförtner;05.02.2022
2783;Franziska;Hertrampf;21.01.2014
2784;Welfhard;Hoppen;22.01.1912
2785;Ortwin;Demel;27.09.1937
2786;Klothilde;Hüseyin;13.03.1981
2787;Zoe;Karbach;02.08.1920
2788;Ilse;Poerschke;03.07.1917
2789;Ali;Winterhart;31.03.2017
2790;Sidonie;Yildiz;05.06.1950
2791;Friedeborg;Schneemann;10.04.1971
2792;Wilja;Kaune;03.02.1951
2793;Arnt;Nerger;10.01.1950
2794;Ilseruth;Würtz;11.11.1926
2795;Volkart;Kluge;01.02.1976
2796;Anka;Frost;22.10.1927
2797;Lisbeth;Steinberg;05.01.1966
2798;Lerke;Holzmüller;23.03.1971
2799;Tiemo;Berwanger;05.09.1918
2800;Clotilde;Spiekermann;12.09.1916
2801;Elrike;Pflanz;18.11.1966
2802;Pankraz;Lütjens;20.03.1952
2803;Thielo;Böke;09.05.1912
2804;Giesela;Koops;28.02.2015
2805;Birk;Hennes;19.05.1941
2806;Joschua;Hirner;04.04.1911
2807;Rosi;Grube;19.06.1994
2808;Annedorle;Sänger;31.01.1962
2809;Wolfeckart;Baumstark;29.09.1994
2810;Sibilla;Herklotz;20.06.1997
2811;Sigtraud;Enke;14.06.1939
2812;Ilsegard;Biewald;03.11.1924
2813;Mattis;Hanft;20.06.1987
2814;Albertine;Simons;27.05.2017
2815;Jannine;Lay;02.12.1934
2816;Bernhart;Tasch;06.07.2013
2817;Thurid;Kipping;20.03.1991
2818;Thilde;Ruhland;12.03.1965
2819;Jolanthe;Joseph;03.10.1995
2820;Margitta;Stieglitz;26.06.2003
2821;Kriemhild;Recker;23.01.1991
2822;Ottfried;Kassel;16.03.2006
2823;Frohwald;Michalik;12.01.1979
2824;Tillmann;Mathias;03.05.1910
2825;Julie;Mock;03.08.2011
2826;Friedeborn;Pleines;05.11.1944
2827;Tino;Göritz;03.04.1968
2828;Karlfriedrich;Höll;31.08.2012
2829;Remigius;Kukla;27.05.2017
2830;Witmar;Allen;04.12.1946
2831;Innozenz;Sailer;12.11.1950
2832;Dorit;Schomburg;17.07.1989
2833;Celine;Bier;14.12.1931
2834;Marbod;Fels;07.09.1963
2835;Nina;Varga;22.12.1956
2836;Alheid;Pfitzner;03.03.2014
2837;Nicola;Güth;27.10.1913
2838;Effi;Hayn;26.05.1965
2839;Heinzkarl;Knauth;27.02.1943
2840;Winfrid;Roberson;14.07.1990
2841;Gordian;Schwan;29.06.1958
2842;Hariolf;Girard;21.02.1986
2843;Berthold;Langendorf;08.12.1935
2844;Annkathrin;Gronau;16.01.1938
2845;Magnus;Hellmann;23.02.2009
2846;Immanuel;Drexler;05.08.1915
2847;Gotlind;Kämmer;25.05.1955
2848;Gaby;Bartusch;06.12.2005
2849;Bertwin;Liebers;19.07.1979
2850;Alhard;Paul;20.11.1917
2851;Rosl;Koschinski;02.09.1945
2852;Reimund;Mittelbach;05.01.2015
2853;Gerlach;Hendel;29.03.1970
2854;Hansmartin;Grupp;20.11.1916
2855;Patrick;Wu;04.10.2018
2856;Zita;Wanke;02.10.1909
2857;Chris;Kaffenberger;01.08.1965
2858;Else;Mink;07.07.1977
2859;Thankmar;Maurus;10.06.1919
2860;Magdalena;Rohde;13.08.1980
2861;Runfried;Brunsch;05.02.1941
2862;Gotthardt;Maske;12.10.1938
2863;Joerg;Feyerabend;18.05.1949
2864;Bärbel;Vogg;28.05.1913
2865;Ulwin;Schönwald;31.01.1915
2866;Bettina;Fürst;16.01.1980
2867;Bernt;Lamberti;03.08.1961
2868;Eduard;Utech;12.12.1927
2869;Dorkas;Gäde;02.04.1955
2870;Burkhard;Weinzierl;04.02.1909
2871;Isabel;Leske;24.10.1936
2872;Elgine;Berwanger;31.03.1942
2873;Jil;Hohensee;11.10.1971
2874;Manja;Holzer;24.02.1942
2875;Abraham;Ens;27.12.1939
2876;Rudger;Matuschek;02.11.1974
2877;Ilsemarie;Kottmann;22.02.1927
2878;Frieda;Wodtke;29.04.1965
2879;Heimbert;Kanzler;24.05.1962
2880;Sebastian;Spohn;01.12.2004
2881;Gertmund;Yigit;18.09.1981
2882;Dennis;Stöber;18.04.1955
2883;Thore;Robert;16.12.1960
2884;Dahlia;Osman;24.05.1913
2885;Wolrad;Quaas;13.06.2005
2886;Jonah;Bärwald;24.02.1988
2887;Wiegbert;Hübenthal;30.09.2011
2888;Jean;Schulte;21.02.2018
2889;Idamarie;Schober;21.04.2021
2890;Melanie;Steffes;15.12.1978
2891;Bjarne;Grawe;04.02.1968
2892;Oslinde;Lausch;01.04.2021
2893;Loreliese;Schön;07.01.1907
2894;Cäcilia;Löhnert;12.03.1930
2895;Klaas;Flame;19.02.2022
2896;Gila;Gaßner;08.06.2002
2897;Hannelene;Hanemann;31.12.2014
2898;Collin;Lamberty;29.05.1989
2899;Ismene;Haak;28.11.2022
2900;Anke;Erler;24.10.1974
2901;Esther;Ehinger;19.05.2016
2902;Karlernst;Kehm;04.05.2001
2903;Urta;Bönig;10.05.1985
2904;Tillmann;Heining;24.09.1903
2905;Clemens;Naundorf;24.05.1951
2906;Humbert;Eschweiler;05.11.1925
2907;Rabea;Diem;13.10.1975
2908;Ruppert;Sandoval;21.10.1928
2909;Dinah;Eisenberg;10.07.2011
2910;Friedlies;Patt;05.12.1963
2911;Sighelm;Richarz;19.05.1998
2912;Aribert;Weingart;07.01.2017
2913;Wastl;Hüsing;07.04.1932
2914;Mika;Bührmann;08.02.1937
2915;Arnfred;Schönfeldt;12.08.1922
2916;Wolfmar;Schneider;18.11.2006
2917;Regelindis;Alles;28.01.1954
2918;Susann;Berendt;13.02.1977
2919;Isfried;Burggraf;22.01.1957
2920;Gotthard;Gramm;24.05.1973
2921;Anabel;Böhner;10.04.2007
2922;Gertwin;Kruska;15.08.1983
2923;Mira;Seiler;07.09.1959
2924;Annemirl;Malzahn;19.06.1984
2925;Friedeborg;Gertz;31.01.1947
2926;Yannis;Schirm;27.08.2007
2927;Marzel;Thiesen;22.12.1989
2928;Cordula;Dawson;12.08.2015
2929;Just;Haut;05.07.1912
2930;Gernulf;Plum;25.06.1917
2931;Aloysius;Söder;31.07.1914
2932;Annetrude;Erichsen;09.10.1981
2933;Isedore;Mischke;01.05.2016
2934;Nick;Puhlmann;15.07.1996
2935;Helmrich;Kuhlmann;28.04.1926
2936;Anneruth;Stadie;16.08.2013
2937;Sybilla;See;11.06.1959
2938;Annelore;Selinger;24.01.2013
2939;Torge;Zeeb;17.06.1973
2940;Sigenot;Vitt;20.03.1913
2941;Swenja;Hans;07.10.1979
2942;Karlfriedrich;Steinhagen;28.03.2023
2943;Herwarth;Reißmann;30.10.1971
2944;Notfried;Welch;09.05.1947
2945;Mathilde;Betten;11.11.1904
2946;Clemens;Martensen;04.05.1947
2947;Ortraud;Behnke;23.05.1910
2948;Antonie;Werner;24.06.1933
2949;Elsemarie;Rink;04.12.1991
2950;Arabella;Richert;13.03.1961
2951;Christhilde;Morlock;08.07.1982
2952;Berno;Tams;15.06.2001
2953;Helwig;Neff;30.12.2014
2954;Vera;Falkenberg;24.12.1992
2955;Fried;Deniz;24.12.1903
2956;Valentine;Worbs;05.11.2009
2957;Linus;Hennes;05.03.1919
2958;Helmbrecht;Knieling;03.12.1985
2959;Gerheide;Kerstan;23.07.2019
2960;Didi;Heiliger;04.02.2003
2961;Juliane;Kemmler;15.06.1910
2962;Arno;Fach;04.08.1908
2963;Chantale;Grahl;03.01.1980
2964;Emil;Herold;27.01.1970
2965;Giselbert;Köcher;13.03.1913
2966;Manja;Widmann;03.03.2004
2967;Emmeram;Hoheisel;22.01.1940
2968;Katja;Ockert;21.02.1936
2969;Claas;Wippermann;01.12.1942
2970;Medard;Siebert;07.05.1916
2971;Wolfeckart;Bultmann;23.10.1924
2972;Leandro;Wu;14.02.2003
2973;Mechthild;Eulitz;17.01.2011
2974;Rieke;Malsch;28.01.1953
2975;Heinzwerner;Winkels;08.01.1946
2976;Adolfine;Niehaus;12.04.1980
2977;Rahel;Osman;18.06.2001
2978;Ottobert;Haberl;23.09.1903
2979;Babette;Rentzsch;05.11.1905
2980;Smilla;Klabunde;31.10.2004
2981;Hariolf;Rössel;14.03.1949
2982;Tommy;Fauth;29.08.1911
2983;Rosie;Biel;05.11.1972
2984;Josef;Carpenter;05.07.1997
2985;Ellen;Fichtner;06.04.1902
2986;Kareen;Wentzel;22.04.1935
2987;Alwin;Hertweck;15.10.1923
2988;Nina;Ostermeier;23.04.2023
2989;Helgard;Lewerenz;23.11.1951
2990;Ingeborg;Nehls;04.10.2020
2991;Trautchen;Räder;18.05.1902
2992;Christopherus;Kozlowski;12.04.2000
2993;Lerke;Mössner;26.07.2001
2994;Adelgunde;Bergholz;04.12.1957
2995;Arnbert;Stierle;03.08.1931
2996;Bernt;Fehn;26.10.1970
2997;Evamarie;Gruß;23.02.1971
2998;Margunde;Jilg;07.11.1967
2999;Piet;Reeves;10.11.1991
3000;Noa;Pollok;25.09.1903
3001;Gotthold;Münzel;07.04.1928
3002;Karsta;Lingnau;02.02.1961
3003;Raphael;Zach;11.11.1950
3004;Eunike;Noetzel;20.04.2010
3005;Annabelle;Stewart;31.08.1957
3006;Donatus;Käfer;07.12.1958
3007;Gudrun;Floyd;13.08.2002
3008;Thiemo;Rios;19.12.1987
3009;Isgard;Heuer;11.07.1905
3010;Hartlieb;Schiller;20.06.1930
3011;Ayleen;Kutz;10.12.2007
3012;Luc;Eckerle;08.01.2002
3013;Regelinde;Marx;21.01.1980
3014;Thorsten;Chapman;30.09.2024
3015;Angelika;Schimmer;26.08.2003
3016;Mark;Speicher;04.10.1982
3017;Agilbert;Grandt;02.10.1962
3018;Bernward;Kühnen;04.08.1985
3019;Gunhild;Brünner;12.08.1913
3020;Herward;Flores;13.05.2000
3021;Godelind;Muth;09.06.1915
3022;Heimo;Pistorius;10.09.1961
3023;Erna;Dinger;20.04.1953
3024;Ermelinde;Rudnik;17.08.2011
3025;Maritta;Milewski;08.10.1975
3026;Dietbert;Kosch;20.12.2014
3027;Karsta;Moses;05.07.1965
3028;Horst;Orth;11.02.1984
3029;Resel;Horch;17.03.1947
3030;Chiara;Hager;27.11.1912
3031;Joschka;Ebbing;25.08.1948
3032;Eugenia;Seel;27.01.2012
3033;Jördis;Jakobs;18.05.1923
3034;Annabelle;Hassler;14.12.2002
3035;Christhilde;Wesche;24.06.1965
3036;Birgit;Torres;26.12.1958
3037;Siegward;Bahnsen;20.08.2012
3038;Fränze;Kiehn;31.12.1946
3039;Julian;Keuter;07.09.1986
3040;Notburg;Rohrmoser;13.08.2013
3041;Marilu;Liebl;05.11.1941
3042;Leonardo;Lindinger;29.07.1934
3043;Gesine;Lanfermann;15.02.1933
3044;Jakob;Göke;26.05.1945
3045;Volkhart;Zeiger;18.09.1928
3046;Pia;Eger;27.02.1908
3047;Fenja;Schmit;28.12.2017
3048;Ilsebärbel;Steinecke;30.05.1945
3049;Luna;Wicht;20.02.1945
3050;Anna;Kleinmann;05.11.1912
3051;Burgis;Achenbach;13.03.2017
3052;Theobert;Käfer;04.01.1974
3053;Annetraud;Keim;10.09.1992
3054;Lina;Hensen;20.12.1921
3055;Herald;Weisgerber;04.04.1950
3056;Loisl;Kirschner;29.05.1907
3057;Siegfrid;Frische;23.04.1989
3058;Lothar;Tost;15.03.2013
3059;Dieterich;Hagelstein;11.03.1996
3060;Jeannine;Glaß;13.06.1913
3061;Marvin;Ehmke;17.10.1919
3062;Florine;Künstler;14.12.2005
3063;Roseliese;Stein;14.08.2009
3064;Monica;Ehler;20.09.2002
3065;Gila;Schnittker;07.12.1990
3066;Sigbert;Meinen;28.04.2017
3067;Katja;Frietsch;01.01.1915
3068;Toralf;Sandig;11.03.2009
3069;Hasko;Krapf;28.12.1918
3070;Kaspar;Buth;11.01.1986
3071;Alinde;Hau;13.12.2015
3072;Delf;Richard;27.08.1986
3073;Anna;Eckhoff;24.05.1926
3074;Alf;Löwenstein;03.06.1904
3075;Reiner;Hüsken;03.07.1917
3076;Friedegund;Grupp;20.05.2021
3077;Marco;Traub;03.08.1958
3078;Marietraud;Boone;02.07.1984
3079;René;Finkbeiner;16.02.1940
3080;Aloisia;Ramsauer;27.11.1932
3081;Udo;Lücke;26.07.1965
3082;Heribert;Brust;11.01.1910
3083;Giulia;Bechtel;21.02.1933
3084;Karlotto;Engelbrecht;22.06.2009
3085;Philine;Kulik;08.05.1935
3086;Gerfried;Sinn;11.06.1955
3087;Otto;Gehlen;23.09.1995
3088;Theodor;Papke;07.07.2001
3089;Richardis;Kurt;14.01.1950
3090;Norbert;Damm;03.09.1945
3091;Sonja;Allison;04.10.1948
3092;Gerlinde;Kock;04.04.1904
3093;Herger;Deniz;13.04.1967
3094;Giulia;Schellhase;29.12.1940
3095;Anje;Hillebrand;18.04.1939
3096;Englbert;Hölscher;29.01.2016
3097;Bertwalda;Bill;07.10.1907
3098;Egidius;Paasch;14.10.2013
3099;Caspar;Stumm;20.09.2017
3100;Marfriede;Wandt;08.11.2016
3101;Lienhardt;Zehe;06.05.2004
3102;Hartwin;Mensing;30.10.2000
3103;Ralph;Oberle;16.11.2002
3104;Eleonore;Kraut;14.01.1924
3105;Botho;Heiser;30.03.1936
3106;Edelinde;Riehle;16.12.2004
3107;Emmely;Pollmann;30.10.1967
3108;Kuno;Ostermeier;26.02.1937
3109;Annabell;Welke;06.07.1937
3110;Reinlinde;Frost;16.01.1964
3111;Fred;Rios;13.05.1930
3112;Hanswalter;Kleinfeld;12.08.1957
3113;Gaby;Laumann;24.02.2007
3114;Tristan;Doose;03.02.1904
3115;Thoralf;Güldner;03.07.1928
3116;Hansdieter;Dürr;21.04.2024
3117;Lennard;Domnick;26.04.1945
3118;Sonnhilde;Tiedemann;21.05.1995
3119;Rosemaria;Hoff;15.12.1965
3120;Sigunde;Willig;03.07.1999
3121;Ria;Assenmacher;16.09.1971
3122;Jesse;Schopp;23.08.2002
3123;Heiderose;Heldt;26.06.1938
3124;Laurentius;Durst;01.05.1950
3125;Marlene;Hofmann;05.05.1990
3126;Jeanette;Allmendinger;26.08.1954
3127;Janfried;Wissing;13.11.1943
3128;Willibald;Göttmann;11.06.1938
3129;Reinar;Struß;18.03.1965
3130;Silke;Reifschneider;12.12.1904
3131;Barbi;Hesse;04.02.1955
3132;Runfried;Hartleb;19.03.1972
3133;Marielies;Pfleiderer;06.06.2015
3134;Oliver;Studt;25.02.1905
3135;Rauthgundis;Anselm;17.03.1975
3136;Kristine;Schoolmann;18.02.2010
3137;Sigtraud;Herting;18.04.1983
3138;Elsabe;Oliver;14.06.1961
3139;Marietheres;Arends;15.11.1983
3140;Waltraud;Radke;27.06.1990
3141;Odilo;Raithel;07.06.1978
3142;Marcus;Focken;28.10.1983
3143;Roland;Unland;10.06.1925
3144;Hildegard;Jentsch;23.12.2016
3145;Zenzi;Braune;06.06.1929
3146;Herko;Riechers;26.08.1946
3147;Horstmar;Oeser;12.04.1922
3148;Florenz;Werthmann;07.05.1971
3149;Siegrid;Helm;18.03.1929
3150;Elfgund;Gill;27.11.1964
3151;Mohammed;Biber;21.03.1989
3152;Melisande;Behle;16.10.2003
3153;Joana;Wischmann;21.06.1988
3154;Sieglind;Strübing;26.06.1941
3155;Arnd;Hofbauer;30.12.1978
3156;Lennox;Vossen;16.02.1988
3157;Urda;Danker;08.09.1929
3158;Edeltraud;Dießner;18.09.1904
3159;Friedolf;Schönfelder;27.10.1950
3160;Dimitri;Dorfner;06.09.1925
3161;Wunibald;Blumenstein;02.02.1991
3162;Ishilde;Metz;24.11.2007
3163;Melchior;Stoltenberg;10.06.2010
3164;Lucy;Bohrer;22.04.1983
3165;Karlotto;Krutsch;15.06.1902
3166;Annelie;Napp;24.01.1946
3167;German;Schachtner;19.05.1950
3168;Axel;Kroner;21.08.1927
3169;Giselind;Voit;01.06.1996
3170;Hertraud;Werle;09.12.1924
3171;Ehrengard;Kauf;23.01.1916
3172;Antonie;Pfingsten;02.01.2007
3173;Pauline;Thewes;21.03.1960
3174;Mathilda;Isenberg;19.11.2019
3175;Gregor;Glinka;16.06.1972
3176;Dorchen;Schöppner;19.02.1969
3177;Matilda;Nuding;03.04.1935
3178;Klaas;Hartlieb;04.11.2010
3179;Nicolaus;Martina;08.12.2020
3180;Corina;Nübel;21.03.1921
3181;Hansjochen;Kloster;25.08.1975
3182;Alwin;Provinzial;20.07.2000
3183;York;Bodenstein;10.11.2020
3184;Hellfried;Thömmes;15.08.1916
3185;Karlheiner;Dröge;13.05.1965
3186;Wolfgard;Heitzmann;05.10.1982
3187;Georg;Heyl;07.05.1970
3188;Artur;Prien;23.01.1940
3189;Keno;Creutz;05.06.1974
3190;Kornelius;Vester;20.08.1934
3191;Dorlies;Hanschke;31.01.1928
3192;Johann;Zeppenfeld;05.07.1913
3193;Erika;Alten;02.09.1968
3194;Verena;Porsch;07.10.1992
3195;Alix;Rest;29.04.2009
3196;Alwine;Bonn;07.12.1905
3197;Mila;Wohlgemuth;03.02.1949
3198;Desiree;Lienau;15.04.1988
3199;Merle;Weers;04.02.1979
3200;Schwanhild;Rast;27.08.1932
3201;Simpert;Berisha;03.10.1919
3202;Lyn;Höpfner;20.07.1985
3203;Gottfriede;Schnorr;21.05.1996
3204;Hellgard;Brandt;23.12.1923
3205;Holk;Gerth;26.03.1979
3206;Edeltraudt;Ay;12.09.1965
3207;Mattis;Steiner;22.08.1981
3208;Willma;Hilbert;15.05.2001
3209;Arne;Bury;12.01.1944
3210;Nils;Baas;27.11.1965
3211;Wolrad;Felten;05.10.1939
3212;Evalinde;Ilg;12.10.1972
3213;Lienhardt;Worm;08.04.1965
3214;Leonardo;Bender;21.09.1996
3215;Hertraud;Ehle;12.05.1983
3216;Volrad;Börsch;03.10.1986
3217;Dorena;Kegel;09.12.1978
3218;Siegfrid;Strehl;20.06.1907
3219;Sigwart;Reitberger;30.11.1955
3220;Wunibald;Peitz;08.09.1990
3221;Sybilla;Klees;06.02.2018
3222;Baldur;Illgen;23.05.1973
3223;Alrun;Niebler;24.10.1936
3224;Malte;Kretschmann;05.11.2023
3225;Helmuth;Prescher;20.10.1945
3226;Günter;Kleinwächter;17.08.1931
3227;Ulrich;Fenner;26.01.1957
3228;Marietraud;Fischer;01.07.1921
3229;Ian;Krebs;17.03.1906
3230;Theodeline;Martina;12.11.1988
3231;Romanus;Proske;07.10.2007
3232;Denis;Huth;17.04.2018
3233;Nico;Städtler;16.01.1998
3234;Regelindis;Krüger;28.10.2006
3235;Ilsabe;Foth;30.04.1923
3236;Immanuel;Wiederhold;15.12.1914
3237;Elfrun;Sigg;04.11.1923
3238;Hendrik;Beckers;08.04.1995
3239;Heinfried;Stemmler;25.11.1950
3240;Wiegbert;Heise;31.05.1969
3241;Dana;Munzert;02.09.1903
3242;Gertraut;Crone;04.04.1903
3243;Freddy;Fredrich;03.11.1926
3244;Emil;Maaßen;26.06.1940
3245;Helgrid;Jünemann;13.05.1905
3246;Wittmar;Streck;26.03.2021
3247;Evelore;Trier;30.03.1982
3248;Herold;Thesing;25.01.2022
3249;Ingmar;Mendel;18.01.1977
3250;Harro;Meinzer;13.09.1907
3251;Camilla;Wiederhold;15.11.1961
3252;Wiebke;Lübbe;08.10.2007
3253;Kordelia;Scheil;09.08.2005
3254;Lienard;Langanke;17.02.1927
3255;Can;Simons;27.07.1925
3256;Arnd;Schuricht;16.06.1907
3257;Jolanthe;Mäurer;09.01.2005
3258;Almtrud;Ferner;20.06.2002
3259;Gertrude;Kloster;20.01.1935
3260;Marbod;Riebel;19.01.1920
3261;Janin;Saunders;28.11.1904
3262;Bernfried;Oschmann;19.03.1990
3263;Anett;Klotz;21.03.1912
3264;Phil;Larisch;15.08.1922
3265;Katrin;Pade;04.05.1906
3266;Marina;Belke;19.06.2024
3267;Lucie;Tilch;07.10.2003
3268;Gerdhild;Hubbard;17.12.1945
3269;Bodmar;Steinebach;21.03.1927
3270;Gert;Krauter;27.03.1925
3271;Wolfgünter;Ruppenthal;04.08.2005
3272;Viola;Kaup;06.04.1950
3273;Botho;Höhn;29.10.1909
3274;Luc;Kossack;16.09.1930
3275;Helga;Röhr;15.08.1940
3276;Luis;Moers;23.12.1938
3277;Otti;Homann;12.07.2008
3278;Hermi;Terlinden;21.11.1995
3279;Laurentius;Stange;16.05.1973
3280;Dario;Schad;04.11.1922
3281;Roselies;Raue;09.06.1984
3282;Joelle;Lücking;23.09.1949
3283;Nathalie;Theuerkauf;08.11.1910
3284;Klaus;Weier;29.10.1957
3285;Birgitta;Kresse;06.08.1938
3286;Margaretha;Lorbeer;25.07.2018
3287;Bernulf;Summer;14.01.1930
3288;Susette;Jovanovic;15.11.1985
3289;Flora;Meinen;01.05.1998
3290;Klarissa;Kuch;22.09.1950
3291;Gundhild;Kind;10.07.1952
3292;Bianka;Steinle;06.10.1955
3293;Erdmann;Hummel;03.02.1936
3294;Rainer;Wehle;28.05.1972
3295;Florentin;Küspert;25.11.2006
3296;Jördis;Schlag;07.12.1968
3297;Egbert;Hils;28.03.2001
3298;Brunhilda;Glawe;28.05.1970
3299;Franz;Raabe;07.09.1904
3300;Roselius;Lübbert;22.01.1972
3301;Albertine;Buhmann;24.08.1930
3302;Knut;Nimz;03.08.1950
3303;Smilla;Fenn;05.02.2010
3304;Klotilde;Elbers;21.09.1984
3305;Folker;Liesenfeld;03.11.1932
3306;Hansjörg;Rath;06.12.1972
3307;Wulfhardt;Sittig;21.09.1983
3308;Folkhard;Stüben;27.01.1907
3309;Erkhild;Seeber;20.08.1960
3310;Lennart;Schnepel;29.02.1976
3311;Rilana;Spahr;23.09.1927
3312;Sepp;Schwägerl;01.11.1923
3313;Sieghart;Ockert;22.11.1949
3314;Ingelore;Hustedt;04.12.1928
3315;Myriam;Fredrich;20.04.1981
3316;Friedegund;Pastor;16.11.1948
3317;Lena;Fast;28.12.2006
3318;Irmintraud;Treu;10.06.2014
3319;Janette;Carstensen;28.07.1961
3320;Philip;Derichs;27.12.1993
3321;Babsi;Feuerer;12.04.2004
3322;Hansotto;Gimpel;01.02.2012
3323;Steff;Pankratz;16.04.1903
3324;Waltraud;Göttert;06.12.1984
3325;Winrich;Dostal;22.11.2018
3326;Alwin;Berry;16.12.1905
3327;Sigolf;Strauss;30.10.1980
3328;Yvonne;Alder;17.07.1909
3329;Tino;Sutton;26.04.1999
3330;Gisa;Vollrath;08.10.1964
3331;Almtrud;Kloss;22.11.2024
3332;Degenhart;Gasch;29.11.1932
3333;Wolfhard;Rohrbach;19.10.1977
3334;Rena;Austen;03.11.1919
3335;Justus;Garrett;16.08.2014
3336;Hasko;Bührer;25.11.1945
3337;Arnd;Hann;09.08.1923
3338;Katy;Thul;22.04.1979
3339;Giselbert;Thon;06.01.1938
3340;Emmy;Duffner;21.06.2020
3341;Alwine;Schepp;16.01.1943
3342;Riana;Loose;27.12.1969
3343;Marli;Glanz;29.08.1966
3344;Gritt;Schöller;16.07.1929
3345;Einhard;Bernauer;07.02.1938
3346;Arist;Himmelreich;31.08.1946
3347;Adi;Schoof;30.08.1910
3348;Petra;Spatz;02.04.1920
3349;Burgfried;Schäper;01.06.2007
3350;Amadeus;Leicher;24.03.1954
3351;Carlo;Allmann;03.04.1908
3352;Trautlinde;Wiechers;17.08.1945
3353;Stefani;Killinger;05.11.1941
3354;Wedigo;Grüninger;03.06.1988
3355;Joelina;Stelter;16.04.1964
3356;Ingedore;Garbers;05.11.1992
3357;Hansfriedrich;Geldmacher;31.01.1970
3358;Amelie;Janz;19.12.1994
3359;Richarda;Niesen;12.10.1954
3360;Marold;Kehr;07.02.1932
3361;Kerstin;Riehm;14.06.1924
3362;Alina;Prieß;21.03.1973
3363;Jamie;Engelking;05.04.2013
3364;Kurt;Imhoff;28.02.1917
3365;Ria;Ströhlein;17.11.1937
3366;Detlev;Irion;04.04.1982
3367;Ingo;Friese;03.01.1955
3368;Margit;Schütt;14.03.2003
3369;Hiltraut;Platen;12.04.2011
3370;Bartho;Scholze;24.02.1998
3371;Elenore;Frehse;22.12.1995
3372;Annik;Syring;09.01.1912
3373;Karlotta;Gaab;15.02.1977
3374;Reinulf;Bell;23.01.1960
3375;Carolin;Hambach;17.11.1936
3376;Undine;Heyn;15.01.2013
3377;Hildegard;Pelster;31.03.1928
3378;Anneke;Frank;07.04.1951
3379;Aaron;Merl;01.03.1952
3380;Gunfried;Mann;17.06.1935
3381;Oliver;Liehr;02.03.1915
3382;Hildegund;Klabunde;08.02.1964
3383;Otthart;Moos;21.11.2023
3384;Sturmhard;Schlindwein;19.07.1954
3385;Wolfmar;Waack;22.04.1972
3386;Kurd;Logemann;12.07.2016
3387;Kilian;Lutzenberger;04.03.1947
3388;Jupp;Hillert;10.03.2016
3389;Eginald;Hustedt;27.07.1989
3390;Gerritdina;Liske;29.03.1976
3391;Innozenz;Ramm;14.04.2020
3392;Adolph;Queck;23.07.2001
3393;Susanne;Linhart;15.07.1935
3394;Grit;Thies;28.03.1979
3395;Ditmar;Siegrist;16.06.1990
3396;Sigwart;Wehr;09.12.1916
3397;Markwart;Märker;30.01.1938
3398;Wernher;Felgenhauer;22.08.1975
3399;Magda;Schuh;15.03.1960
3400;Ellengard;Cicek;27.07.1954
3401;Leonard;Kunzelmann;27.09.1960
3402;Ludger;Epp;22.02.2009
3403;Wladislaus;Watzke;16.05.2025
3404;Anita;Schönberg;07.03.1907
3405;Bert;Kerkmann;31.01.2004
3406;Trudbert;Klute;01.04.1969
3407;Ignaz;Malek;02.11.1902
3408;Ottwin;Erickson;11.05.1934
3409;Jens;Kötter;20.03.2020
3410;Gieselind;Wick;27.07.1971
3411;Ilka;Grigat;06.07.1982
3412;Arno;Kupka;19.08.1977
3413;Marietheres;Rauscher;05.11.2024
3414;Rolf;Kummer;16.09.2002
3415;Marilu;Brockmeier;05.02.2002
3416;Irminfried;Braumann;14.12.1979
3417;Irmentraud;Herzer;14.11.1961
3418;Arntraud;Mertens;04.03.1978
3419;Borwin;Dieter;03.06.2006
3420;Steven;Puls;30.10.1914
3421;Lasse;Behncke;28.01.1904
3422;Alheid;Rex;13.04.1928
3423;Utto;Bartsch;27.02.1948
3424;Hannmeike;Cebulla;20.04.1914
3425;Sigtrud;Vesper;04.11.2016
3426;Frank;Prang;30.07.1905
3427;Griseldis;Wittig;17.11.1998
3428;Adalbert;Beringer;02.11.2010
3429;Dorothee;Schnurr;10.11.1926
3430;Hieronimus;Puppe;24.04.1993
3431;Henry;Wiechert;25.10.1972
3432;Zenzi;Hörner;13.12.1915
3433;Denise;Rieken;10.11.1952
3434;Günter;Roß;31.01.1976
3435;Karleugen;Unruh;26.04.1913
3436;Fridoline;Plock;31.08.2016
3437;Klara;Dengler;12.04.1978
3438;Gisbert;Krol;20.08.1958
3439;Damian;Hassan;14.01.1916
3440;Margareth;Conrad;09.11.2017
3441;Jaqueline;Janning;29.09.1993
3442;Rembert;Böcker;15.11.2012
3443;Inga;Rückert;27.03.1917
3444;Freimuth;Hauschildt;19.12.1925
3445;Dorith;Bienert;13.09.1913
3446;Arved;Hambach;25.01.1929
3447;Berndt;Neuer;06.04.1978
3448;Annik;Nash;17.11.1931
3449;Borromäus;Schnieders;24.11.1997
3450;Friedoline;Hornstein;20.02.1986
3451;Luisa;Frische;02.01.1906
3452;Wolff;Butter;30.07.1970
3453;Kathrinchen;Armbrust;13.08.1963
3454;Karl;Heitmann;01.08.1989
3455;Irminfried;Papp;03.10.1957
3456;Rhiane;Clark;01.12.1936
3457;Juliane;Schempp;23.06.1909
3458;Cora;Behrends;31.10.1934
3459;Dieterich;Thiess;29.01.2022
3460;Friedeburg;Fitzgerald;26.09.1944
3461;Tim;Langguth;11.12.1938
3462;Emily;Radtke;23.03.1972
3463;Aloisia;Grau;07.10.1917
3464;Hieronimus;Teschke;17.10.1908
3465;Annetrud;Cunningham;04.10.1920
3466;Niko;Klemke;07.11.1917
3467;Siegharda;Nestler;06.08.1988
3468;Gieselind;Plötz;24.02.1982
3469;Bernulf;Wurth;27.03.2004
3470;Diethilde;Rosenthal;27.12.1910
3471;Jannick;Ciftci;20.05.2018
3472;Gerlind;Riemann;11.12.1904
3473;Wintrud;Gilg;28.08.2015
3474;Karlgünter;Brake;13.02.1937
3475;Isabell;Thalmann;13.04.1972
3476;Wilhelmine;Angerer;26.03.1921
3477;Anthony;Bachl;24.03.2004
3478;Selin;Flamm;06.06.1995
3479;Adeltraut;Neuhauser;08.05.1980
3480;Traudl;Göring;17.05.1905
3481;Gerheide;Schmuck;23.07.1950
3482;Helga;Schellenberg;31.05.1933
3483;Annedörte;Münkel;07.01.1967
3484;Sarah;Knoche;04.02.1932
3485;Trinchen;Trinkl;22.02.2023
3486;Margreth;Emmerling;20.12.1921
3487;Helena;Meyer;16.08.1921
3488;Brigitta;Diedrichs;16.12.1993
3489;Bartold;Klopp;22.08.1939
3490;Adelhard;Saßmannshausen;04.02.1941
3491;Oliver;Heyn;11.10.1905
3492;Gustav;Harmsen;21.09.1922
3493;Marliese;Knothe;29.07.2019
3494;Gisela;Kusche;15.10.2019
3495;Susen;Willis;23.12.2024
3496;Marvin;Goy;20.02.2021
3497;Eginald;Lehmkuhl;16.06.1948
3498;Ingram;Brunken;18.09.1918
3499;Ella;Münzberg;08.06.2022
3500;Friedhold;Fetzer;01.03.2018
3501;Catrin;Schölzel;08.10.1969
3502;Henrik;Fritzen;06.07.1969
3503;Auguste;Valentin;31.03.1945
3504;Waltrud;Potter;03.12.1928
3505;Holk;Wucherpfennig;26.07.1924
3506;Arndt;Orhan;14.06.1995
3507;Erich;Rhode;03.02.1953
3508;Erno;Mücke;27.02.1966
3509;Manhard;Bull;01.08.1944
3510;Elmar;Roch;28.06.2016
3511;Babette;Greb;05.06.1972
3512;Giselbert;Balci;16.10.1953
3513;Mathilde;Dost;29.04.1984
3514;Gerda;Baldauf;22.07.1938
3515;Walter;Wegert;01.12.2000
3516;Muthild;Zentner;03.09.2022
3517;Gudrun;Röcker;16.08.2016
3518;Silke;Gorny;14.04.1930
3519;Elizabeth;Dobler;07.11.1921
3520;Griseldis;Willert;30.05.2016
3521;Monique;Raiser;30.06.1985
3522;Annett;Polster;02.04.2025
3523;Caren;Kurek;06.01.1995
3524;Elsbeth;Berlin;26.11.1941
3525;Gismar;Grotz;11.07.1913
3526;Betty;Winkens;21.01.2014
3527;Katy;Jülich;01.12.2006
3528;Thore;Holzmann;27.10.2004
3529;Friderike;Ladwig;12.03.2006
3530;Lieselotte;Schwedes;16.07.1963
3531;Norwin;Schallenberg;21.12.1918
3532;Volkher;Vinke;21.06.1930
3533;Josua;Rauscher;12.12.1962
3534;Erdfried;Unger;26.11.1984
3535;Julia;Geil;25.10.1937
3536;Irmtraud;Bernhardt;29.05.1921
3537;Anne;Aydogan;17.02.1960
3538;Sturmius;Weyand;14.05.1993
3539;Thilde;Keser;09.09.2012
3540;Carsten;Kulke;28.09.1938
3541;Walther;Tappert;30.05.1921
3542;Eddi;Spinner;01.10.1915
3543;Meinulf;Weidenbach;22.05.1929
3544;Aloys;Speck;04.05.1913
3545;Gottfriede;Luft;16.01.1959
3546;Mads;Ruder;11.11.2018
3547;Sahra;Göcke;26.11.1934
3548;Karen;Bayram;03.08.2008
3549;Gernot;Eisenbarth;17.06.2005
3550;Klaus;Gerner;24.10.2001
3551;Fränzi;Roll;04.09.1903
3552;Silas;Wölfel;03.11.1974
3553;Gerald;Hörmann;04.10.2024
3554;Adolfa;Boer;08.10.1971
3555;Nikolaus;Henneberg;19.09.1925
3556;Irmtrud;Odenwald;15.11.1968
3557;Erlgard;Junk;07.11.1904
3558;Ellen;Huhn;30.05.1939
3559;Erhard;Henneberger;19.11.1936
3560;Alissa;Diefenbach;24.01.1922
3561;Helwart;Christmann;01.04.1956
3562;Chris;Redel;22.01.1942
3563;Otbert;Schoberth;15.04.1902
3564;Steffie;Lenger;10.12.1940
3565;Marzellus;Seide;21.11.2020
3566;Helfried;Wendling;22.02.1978
3567;Wendelin;Wingert;07.03.1986
3568;Gundmar;Odenwald;07.08.2006
3569;Käthchen;Bös;28.06.1983
3570;Karl;Steininger;10.12.1951
3571;Raphael;Goldammer;10.06.1960
3572;Uto;Denk;18.07.1997
3573;Otwin;Schwegler;26.01.1950
3574;Matis;Graff;15.09.1971
3575;Eitelfritz;Hellmann;29.05.1911
3576;Neidhardt;Higgins;10.08.1928
3577;Annette;Spillner;27.10.1926
3578;Waltrud;Lerner;26.04.1961
3579;Carlo;Krebber;26.05.1913
3580;Ernestine;Schimmel;09.05.1986
3581;Annemargret;Stahr;12.02.1955
3582;Ferdinandus;Bühler;02.08.1963
3583;Siegwart;Habermehl;26.04.1978
3584;Sigfried;Suchy;03.03.1912
3585;Helmtrud;Baars;05.12.1923
3586;Hildtraud;Keßler;06.08.2002
3587;Ivo;Lawson;16.03.1990
3588;Editha;Stumm;12.08.1965
3589;Abraham;Vukovic;28.06.1948
3590;Luka;Brehmer;04.11.1936
3591;Benediktus;Knetsch;13.01.1944
3592;Jeannine;Stolle;24.05.2017
3593;Barbara;Dunst;12.07.1903
3594;Meinold;Patzke;23.07.1946
3595;Ekhard;Ziegert;12.02.2000
3596;Kimberly;Robertz;05.07.1918
3597;Kevin;Bölke;26.01.1913
3598;Huberta;Stelter;08.03.2012
3599;Augustus;Klotz;10.05.1971
3600;Luitpold;Nolte;05.11.1973
3601;Magdalena;Löwen;28.03.1911
3602;Smilla;Seefried;02.10.1958
3603;Bianka;Sill;17.05.1913
3604;Erdmuthe;Gottstein;28.07.1995
3605;Dietbald;Schirra;03.12.1950
3606;Rezzo;Karsch;23.05.1990
3607;Annely;Reuschel;06.07.1931
3608;Leongard;Hübert;25.04.1954
3609;Rita;Köstler;23.02.1981
3610;Tilli;Hupfeld;05.04.1954
3611;Marfriede;Sacher;11.07.1973
3612;Dietmute;Staub;22.03.1923
3613;Mona;Hölzl;29.05.1909
3614;Gunda;Engel;09.10.1963
3615;Reinhardine;Greulich;03.01.1988
3616;Sabrine;Honold;08.05.2005
3617;Heinzhermann;Linge;15.03.1981
3618;Cedric;Dieterich;02.05.1962
3619;Thea;Eisenbach;07.05.2019
3620;Egmont;Ermisch;26.01.2015
3621;Stefanie;Kanne;30.03.1958
3622;Catherina;Freye;23.05.1906
3623;Ingmar;Wachter;29.10.1978
3624;Sighelm;Wicher;08.02.2024
3625;Erhardt;Denzer;09.02.1966
3626;Cäcilie;Zellmann;06.05.1907
3627;Nunzius;Reintjes;26.01.1915
3628;Bennet;Stehling;22.01.2012
3629;Simperta;Macke;25.12.1916
3630;Willhart;Nübel;28.01.2008
3631;Louise;Hennings;10.01.1933
3632;Annagret;Ambros;13.12.1927
3633;Ansgard;Theurer;03.12.1936
3634;Rike;Balser;14.10.1946
3635;Heinzjörg;Gerhart;22.07.1993
3636;Elfgund;Everding;12.09.1943
3637;Lise;Irle;01.12.1976
3638;Leonhardt;Pelster;11.08.2022
3639;Heinzhermann;Nebelung;24.07.1923
3640;Wernhild;Kaluza;03.01.1936
3641;Kaja;Senn;26.11.1959
3642;Gabriela;Abel;09.12.1911
3643;Evi;Bittermann;18.06.1904
3644;Reinmar;Lang;27.02.1941
3645;Linhart;Wilczek;20.07.1990
3646;Lienard;Schumann;01.01.1983
3647;Sina;Ranft;21.02.1993
3648;Ireneus;Brune;25.03.1978
3649;Krimhilde;Schöbel;23.12.1993
3650;Wolfgang;Striegel;29.11.1958
3651;Susanna;Bley;24.05.1956
3652;Waltraut;Schug;18.06.2018
3653;Mareile;Griesinger;14.06.1968
3654;Klauspeter;Gibbs;03.01.1929
3655;Ingo;Teschner;19.10.2024
3656;Emmily;Steger;02.01.1916
3657;Irmo;Zwirner;07.11.2011
3658;Ottobert;Lütje;10.05.1917
3659;Ingolde;Dettling;06.05.2019
3660;Marcus;Holländer;26.09.1942
3661;Nik;Knauf;08.04.1960
3662;Gerfriede;Steins;13.07.2022
3663;Ilsedore;Steimel;11.11.1930
3664;Gunter;Penzel;21.06.1970
3665;Margund;Braun;12.09.2020
3666;Ornulf;Hielscher;07.06.1924
3667;Gerlinda;Lühmann;21.10.1974
3668;Anneruth;Stankovic;20.09.1991
3669;Raymund;Kapp;25.12.1938
3670;Helmuth;Schwedler;09.06.1960
3671;Burgel;Lowe;26.02.1975
3672;Maxl;Ammon;19.04.1980
3673;Adolfa;Konrath;19.02.1928
3674;Annika;Geipel;28.05.1926
3675;Lisa;Mandt;03.05.1931
3676;Florian;Kegler;18.08.1962
3677;Kim;Tosun;12.06.1990
3678;Herold;Fahlbusch;13.10.2016
3679;Karolina;Landsberg;25.07.1970
3680;Justin;Hannes;15.01.1912
3681;Margaretha;Hendel;01.12.1906
3682;Gebhart;Wörle;29.05.2012
3683;Gundhilde;Kellerer;18.10.1919
3684;Noel;Steinberger;04.03.2010
3685;Ellen;Heimes;11.01.1915
3686;Crescentia;Gauss;16.09.1912
3687;Almut;Sturm;26.01.1992
3688;Ingelore;Rostek;18.10.2016
3689;Chiara;Hüter;10.01.2010
3690;Carina;Hanusch;18.05.1916
3691;Mariola;Sonneborn;05.12.1945
3692;Altraud;Neuer;22.03.1905
3693;Heidy;Pope;25.01.1971
3694;Helmfried;Ruhl;28.02.1903
3695;Hildburga;Hohl;22.09.1953
3696;Heidegard;Pick;12.11.1961
3697;Albert;Strahl;08.12.1952
3698;Imke;Hartz;30.04.1964
3699;Linhart;Katzmann;01.06.1938
3700;Willibert;Betten;17.04.1944
3701;Heidegunde;Hetterich;09.09.2009
3702;Doraline;Micheel;29.01.1943
3703;Cathrin;Siebertz;22.05.1906
3704;Frederic;Horsch;16.01.1989
3705;Gundhild;Epping;26.01.2015
3706;Claas;Wiederhold;05.06.1906
3707;Zilli;Soller;01.07.1950
3708;Hilde;Hösl;17.06.1969
3709;Freiwald;Halter;09.05.1915
3710;Uve;Neurath;05.08.2013
3711;Matthias;Bohne;04.09.1937
3712;Ines;Strobel;05.02.1974
3713;Marilen;Skowronek;25.04.1934
3714;Burghard;Kiesow;16.11.1902
3715;Reinholdine;Fritzsch;12.07.1987
3716;Irene;Faßbender;11.07.1989
3717;Gottlob;Braune;27.06.1981
3718;Undine;Falck;09.08.1926
3719;Erdfried;Malzahn;16.09.1964
3720;Otheinrich;Eckard;20.12.1965
3721;Smilla;Schoppe;26.04.2005
3722;Sylvelin;Vetter;05.05.1998
3723;Rosegret;Lauterbach;30.08.1972
3724;Isfried;Euler;17.03.1922
3725;Margitta;Nees;16.09.1924
3726;Albin;Huck;16.08.1970
3727;Franziskus;Blattner;14.03.1957
3728;Jeremy;Maresch;20.10.1907
3729;Johann;Parks;19.10.1970
3730;Ramona;Künzel;21.08.2017
3731;Margunde;Kittelmann;10.08.1928
3732;Trauhard;Niebuhr;21.11.1911
3733;Bartosch;Dehmel;17.04.1964
3734;Bertolt;Finster;17.11.1903
3735;Annegreth;Saile;21.06.1996
3736;Kordelia;Krieger;08.06.1917
3737;Sergius;Scheil;30.10.1933
3738;Gina;Scharpf;27.02.1936
3739;Matis;Weippert;03.02.1980
3740;Christward;Schauerte;08.10.1918
3741;Leon;Klute;13.07.1943
3742;Anneheide;Baumstark;14.05.1934
3743;Clotilde;Wendling;17.12.1916
3744;Sieghilde;Erhard;12.05.1942
3745;Carlheinz;Teichert;10.11.2018
3746;Berthold;Goßmann;10.12.1928
3747;Luna;Könen;20.04.1947
3748;Conrad;Steffan;24.09.1907
3749;Nicolaus;Lichtenstein;09.11.1986
3750;Kaya;Göttsche;06.11.1984
3751;Jürgen;Newman;26.01.1962
3752;York;Niedermeyer;16.06.1918
3753;Karlhans;Köhnen;25.02.1911
3754;Bertwald;Powers;13.09.1974
3755;Ottkar;Mühlbaür;26.01.1979
3756;Bernhardt;Kirner;13.10.2006
3757;Yannick;Horbach;19.05.2017
3758;Erno;Sievert;14.11.1904
3759;Ria;Schoppe;06.01.1957
3760;Charlotte;Morgan;06.08.1928
3761;Dethard;Fröhlich;06.09.1921
3762;Arnt;Feldhaus;09.01.2024
3763;Franzpeter;Böhne;29.11.1906
3764;Mechthilde;Kummer;18.12.1947
3765;Leona;Bonin;14.06.1927
3766;Doreen;Siemer;13.05.1994
3767;Heimgard;Schäffler;26.08.1965
3768;Gerta;Jungermann;04.12.1991
3769;Ruthilde;Zörner;23.07.2000
3770;Berndt;Sokoll;30.11.1941
3771;Hannsjürgen;Tischer;23.07.1962
3772;Veronica;Klinkhammer;24.03.1918
3773;Sinah;Kuper;18.03.1943
3774;Ottkar;Scheld;14.01.1981
3775;Jochen;Glover;30.08.1995
3776;Rüdiger;Markl;25.12.1903
3777;Karlfried;Kratz;19.08.1988
3778;Wendemar;Bilz;24.11.1978
3779;Folkhart;Hehn;14.08.1949
3780;Marzel;Dirnberger;24.11.1953
3781;Zita;Obermann;11.04.1932
3782;Cordt;Trautmann;11.07.1915
3783;Dankward;Kania;17.11.1907
3784;Herrmann;Türk;01.10.1975
3785;Giselher;Greven;24.04.1921
3786;Bernt;Schrödel;24.02.1983
3787;Aileen;Bösl;14.01.1908
3788;Gert;Hinkelmann;19.04.1933
3789;Hannetraud;Grab;29.08.2018
3790;Sigfrid;Spitz;01.09.1973
3791;Guntmar;Harke;15.08.2000
3792;Eli;Then;26.09.2001
3793;Enno;Niklaus;20.01.2008
3794;Sighart;Jeschke;25.08.1904
3795;Wendel;Rieken;23.03.1903
3796;Reinbert;Klauer;31.05.2015
3797;Marlene;Junginger;15.06.1955
3798;Ivonne;Overbeck;04.05.1927
3799;Eitelfritz;Feldt;17.07.1930
3800;Gunther;Herbst;27.06.2011
3801;Nancy;Goldbeck;21.05.1955
3802;Ursl;Beinlich;02.01.2012
3803;Heiner;Gollan;15.07.1974
3804;Baldur;Ewen;23.07.1919
3805;Constanze;Bachert;30.06.1914
3806;Therese;Benke;17.12.1994
3807;Eckert;Wiebusch;15.03.1935
3808;Victor;Dirr;30.01.1940
3809;Ingelies;Brill;21.12.1910
3810;Luitwin;Goerke;17.01.1914
3811;Hartwin;Pötzsch;04.02.1977
3812;Hartmuth;Burr;07.02.1986
3813;Edda;Meinl;08.10.1951
3814;Ottheinrich;Pöhlmann;09.03.1920
3815;Teresa;Hödl;19.12.1920
3816;Annegret;Heintz;04.07.1998
3817;Inga;Nitzschke;08.07.1951
3818;Wernhild;Ramirez;24.02.2013
3819;Liborius;Schöpp;29.10.1927
3820;Gottreich;Vries;27.02.1979
3821;Volker;Reisser;19.12.1946
3822;Krimhild;Zauner;20.12.2009
3823;Emmily;Deimel;02.04.1905
3824;Irmgart;Feddersen;24.03.1936
3825;Paul;Wiegmann;29.09.1983
3826;Leonharda;Rauber;22.02.2022
3827;Timm;Rahmann;26.11.2013
3828;Tilo;Dormann;01.06.1947
3829;Wolfeckart;Tritschler;22.11.2003
3830;Roswita;Hildmann;23.07.1978
3831;Edelfried;Löb;06.11.1948
3832;Gerhilde;Laun;30.11.1910
3833;Jennifer;Schmelzer;12.07.1979
3834;Trautlind;Hennrich;28.12.1928
3835;Witta;Schäfers;01.03.1918
3836;Evelyne;Kahle;11.02.1924
3837;Merlinde;Post;21.10.2003
3838;Katy;Gaßmann;20.10.1932
3839;Kordelia;Abel;09.08.2006
3840;Bernd;Bögel;09.10.1966
3841;Frowine;Zahner;10.10.1916
3842;Nadja;Maierhofer;09.05.1926
3843;Erdmann;Steimer;08.06.1944
3844;Jessika;Nixdorf;13.06.1908
3845;Ishilde;Eberl;02.04.1926
3846;Herbert;Wilczek;06.06.1952
3847;Kassandra;Engelke;09.10.2022
3848;Emilie;Anschütz;24.08.2015
3849;Jannine;Finkenzeller;12.09.1923
3850;Lutz;Bartosch;03.01.1979
3851;Wolfbert;Seel;16.11.2017
3852;Ingram;Schüle;03.05.2017
3853;Rena;Wegmann;21.06.1980
3854;Walther;Hilse;22.01.1994
3855;Xaver;Topp;29.10.1970
3856;Konradin;Lipp;03.04.2003
3857;Alfhard;Ward;14.05.1918
3858;Uto;Wegener;29.08.1961
3859;Edith;Thien;23.03.1902
3860;Anette;Grünewald;21.04.1948
3861;Senta;Schrey;17.07.1989
3862;Lara;Herr;12.08.2001
3863;Andree;Dölle;06.08.1991
3864;Marcus;Root;17.09.1970
3865;Agnes;Gruhn;04.07.2004
3866;Katherina;Tillmann;17.03.1962
3867;Marlit;Bloch;26.05.1919
3868;Evelyn;Nold;04.10.1957
3869;Jil;Ufer;13.04.1907
3870;Benno;Kox;02.11.1908
3871;Urta;Fenske;12.04.1945
3872;Christopherus;Wendler;23.07.1959
3873;Dieterich;Schaeffer;10.06.1917
3874;Wiegand;Schug;05.06.1990
3875;Magdalena;Weingartner;01.12.1920
3876;Edelgard;Janßen;01.12.1980
3877;Aloisia;Kraemer;29.01.1903
3878;Annabel;Kuhne;04.07.1990
3879;Alina;Angermeier;02.12.1921
3880;Lenard;Röben;05.11.1947
3881;Irmgart;Knaack;02.02.1907
3882;Otheinrich;Kleine;07.11.1943
3883;Tobias;Schaible;26.09.1919
3884;Urta;Poser;25.02.1913
3885;Edelhard;Chambers;15.11.2018
3886;Gertmund;Diesing;07.02.1973
3887;Heilmuth;Weigl;05.07.1995
3888;Christhilde;Kocak;14.01.1959
3889;Donate;Heisterkamp;15.12.1912
3890;Kiara;Kestel;29.08.2017
3891;Humbert;Bunk;22.04.1937
3892;Kunigunda;Stöhr;18.11.1997
3893;Astrid;Henrich;05.10.1984
3894;Gismar;Scheid;14.08.1997
3895;Anneluise;Quednau;22.09.1948
3896;Riccardo;Thamm;06.07.2000
3897;Winand;Bohr;25.10.1986
3898;Theresa;Gellert;26.01.1977
3899;Katherina;Sprenger;22.02.1981
3900;Anka;Knopf;20.08.1973
3901;Torge;Hoven;11.06.1937
3902;Töns;Laber;21.04.1984
3903;Reinhart;Sell;18.12.2003
3904;Rahel;Kappler;30.09.1946
3905;Serafine;Lüneburg;12.04.2021
3906;Kaja;Kölsch;19.08.1939
3907;Iselore;Oswald;08.06.2024
3908;Ulrike;Zenger;24.07.1925
3909;Hannes;Klopfer;19.01.2015
3910;Bernadine;Gerken;03.06.1929
3911;Joseph;Kottke;29.04.1930
3912;Christhilde;Parr;12.03.1923
3913;Wiltraud;Lust;03.07.1911
3914;Otthard;Ehrler;12.03.1919
3915;Jeannette;Ohm;01.11.1974
3916;Lenore;Stock;02.10.2013
3917;Sybil;Lott;25.09.1920
3918;Sofia;Hermsdorf;28.08.2013
3919;Borka;Rodriquez;10.12.1942
3920;Hildburga;Kloß;06.08.1943
3921;Thaddäus;Dumke;01.09.2019
3922;Marieluise;Mutlu;26.10.1964
3923;Sighild;Sohn;07.10.1928
3924;Rembert;Hachmeister;30.12.1932
3925;Sylvia;Ulrich;14.07.1921
3926;Heimwald;Dienst;26.07.1958
3927;Mattis;Wang;06.04.1965
3928;Quirin;Day;17.04.2017
3929;Edda;Holzschuh;12.10.1915
3930;Herwig;Reichstein;22.04.1936
3931;Gerfried;Eiermann;26.04.1995
3932;Eleonore;Ehrenberg;14.11.2020
3933;Lindemarie;Wenzel;24.04.1998
3934;Volker;Bethmann;18.01.2016
3935;Arnim;Apel;12.02.2011
3936;Fränze;Schoop;18.05.2015
3937;Falkhard;Lacher;17.03.1980
3938;Dietwalt;Heine;11.10.1905
3939;Benedicta;Löwe;22.08.2000
3940;Guido;Geisen;07.08.1952
3941;Emilie;Gunkel;09.07.2009
3942;Brunhilde;Lehwald;08.10.1988
3943;Hertha;Khan;01.05.1939
3944;Edelinde;Thomalla;04.10.1925
3945;Wilma;Kullmann;28.02.2019
3946;Aribert;Ringe;14.08.1954
3947;Trinchen;Gronewold;29.06.1930
3948;Irmhild;Feddern;10.07.2015
3949;Kord;Dethlefs;14.10.1947
3950;Reni;Seidl;11.05.1918
3951;Elise;Köhnlein;21.05.1964
3952;Rosina;Deffner;18.11.1940
3953;Magdalene;Baldwin;06.08.2003
3954;Gundi;Rösler;01.12.1939
3955;Wendeline;Wenz;22.07.2011
3956;Dietburg;Witzmann;26.07.1942
3957;Nils;Renner;05.05.1963
3958;Claas;Pagel;23.02.1973
3959;Lana;Schermer;15.12.2015
3960;Otfried;Gottlieb;24.05.1971
3961;Gunthild;Rossi;07.03.1939
3962;Rothmund;Blaha;26.02.1938
3963;Laurin;Theilen;09.02.1946
3964;Patrizia;Diedrichs;22.08.2009
3965;Sigolf;Sick;31.08.1936
3966;Raimer;Todd;17.10.1937
3967;Sigwart;Rathjen;18.02.1907
3968;Margrit;Zeiß;28.07.1912
3969;Jonah;Beutel;19.06.1928
3970;Eginhard;Mauermann;01.05.1903
3971;Ermenhild;Ruprecht;10.12.2016
3972;Hannsgeorg;Gröger;24.04.1954
3973;Gislind;Gerstmann;08.09.1923
3974;Annalies;Brose;01.02.2016
3975;Gerlind;Rohleder;27.02.1909
3976;Rolf;Gebhard;05.08.1985
3977;Nina;Brenner;26.04.1966
3978;Franz;Engemann;21.04.1982
3979;Krista;Pampel;02.01.2024
3980;Wendemar;Wilm;26.02.1986
3981;Hanny;Ryll;01.01.1926
3982;Hanna;Mück;04.02.2004
3983;Regina;Matthews;21.08.1923
3984;Kimberley;Gutschmidt;07.06.1989
3985;Ferhart;Wesch;12.04.1987
3986;Gisbert;Lübbers;29.11.1924
3987;Hardy;Rizzo;18.09.2021
3988;Rigo;Malter;04.02.1903
3989;Theolinde;Deeg;14.02.1928
3990;Otthein;Biehl;06.02.2024
3991;Winnimar;Menze;28.10.1979
3992;Eustachius;Knezevic;19.11.1972
3993;Marlene;Engel;23.03.1907
3994;Margret;Stumpe;16.02.1953
3995;Cäcilia;Deppisch;20.08.1992
3996;Laurin;Theil;10.06.1963
3997;Bertlinde;Clark;16.05.1902
3998;Juri;Groll;02.12.2004
3999;Gunthard;Nitsche;04.03.1996
4000;Trudbert;Munk;31.03.1925
4001;Kathi;Rhodes;21.09.1927
4002;Arved;Giebel;15.10.1914
4003;Mayk;Dibbern;10.11.2014
4004;Karolina;Senge;12.02.1946
4005;Luc;Wandt;23.06.1947
4006;Dela;Demir;23.07.1928
4007;Cäzilie;Toth;12.10.1932
4008;Conner;Friedhoff;13.09.2012
4009;Emil;Czaja;30.04.1929
4010;Katharina;Gerloff;02.03.1984
4011;Iris;Wiedermann;10.03.1998
4012;Elbert;Liese;04.06.1931
4013;Florentin;Kögl;22.09.2012
4014;Anneli;Welling;09.03.1991
4015;Belina;Pappert;15.01.1965
4016;Altfried;Thoben;03.11.1919
4017;Luitgard;Hamer;13.08.1955
4018;Mona;Helling;21.12.1996
4019;Klara;Kliemann;30.10.2012
4020;Siegwald;Sahm;21.08.1982
4021;Friedemar;Terhorst;08.07.1925
4022;Julius;Stiegler;07.08.1907
4023;Eddi;Blei;09.04.1963
4024;Lilian;Born;09.09.1973
4025;Annely;Kluth;15.05.1953
4026;Isolde;Mania;08.07.1943
4027;Cedric;Schweda;17.09.2024
4028;Kaya;Majewski;03.03.2003
4029;Rudenz;Grunert;12.06.2005
4030;Ilsegret;Harzer;17.09.1949
4031;Hugo;Gundel;16.12.1998
4032;Annehild;Suttner;28.08.2002
4033;Kriemhild;Weerts;31.05.1953
4034;Wernfried;Holt;20.12.1978
4035;Sixtus;Eulitz;08.08.1930
4036;Jennifer;Pfeiffer;04.11.1982
4037;Freimund;Henne;19.11.1930
4038;Rosegret;Böer;23.08.1929
4039;Weikhard;Weger;12.05.1990
4040;Gunfried;Bonin;07.06.2001
4041;Lerke;Briel;24.02.1919
4042;Pankraz;Grundner;03.12.1912
4043;Gitta;Biallas;21.07.1940
4044;Runald;Reitmeier;23.06.1954
4045;Reintraut;Bautz;05.10.1926
4046;Wilhelma;Köppe;01.01.1953
4047;Madita;Rust;14.02.1988
4048;Bertwalda;Rehfeld;03.11.1946
4049;Jannis;Pfund;03.02.1932
4050;Giselbert;Bühl;21.07.2022
4051;Marco;Knerr;26.09.1992
4052;Ulrich;Lieber;22.03.1942
4053;Ferfried;Weidler;22.09.1971
4054;Herwald;Korten;27.02.1903
4055;Carola;Hirsch;08.08.2016
4056;Annemargret;Weidler;05.06.1990
4057;Ermelinde;Muhr;13.08.1948
4058;Gertrudt;Steigerwald;04.06.2015
4059;Reingard;Herzer;04.03.1956
4060;Janik;Horlacher;20.09.2007
4061;York;Illner;22.02.1999
4062;Ribana;Drake;01.01.1906
4063;Immanuel;Ditzel;13.04.1918
4064;Friedemann;Rehm;30.12.1990
4065;Idamarie;Eilts;28.10.1983
4066;Colin;Röttger;30.10.1944
4067;Giselind;Schein;25.01.1939
4068;Hanni;Berens;25.01.1907
4069;Gottholde;Goretzki;13.03.2019
4070;Bernold;Hertweck;15.02.1944
4071;Berna;Meschke;09.03.1925
4072;Hannelene;Rosenkranz;04.02.2000
4073;Sighilde;Hegewald;15.05.1938
4074;Alina;Brieger;28.04.1918
4075;Richardis;Gieselmann;07.09.1920
4076;Ingomar;Saller;07.02.1947
4077;Luk;Wenz;01.03.1922
4078;Oliver;Brandl;23.04.1996
4079;Annebärbel;Cornelius;12.09.1927
4080;Gerhard;Fiala;19.03.2025
4081;Gerhilde;Groh;12.11.1993
4082;Berthold;Krumbholz;03.05.1912
4083;Giesbert;Häßler;09.02.1921
4084;Sigward;Ay;11.10.1980
4085;Silvio;Reiber;29.10.1936
4086;Meta;Prasse;19.07.1942
4087;René;Gehrt;08.03.1917
4088;Emre;Bamberger;10.05.1961
4089;Gerborg;Linn;23.12.1946
4090;Florentine;Sigg;25.10.1950
4091;Joachim;Saager;25.03.2019
4092;Magnus;Suck;23.06.1937
4093;Anneros;Berk;05.02.2025
4094;Hanny;Gutzmann;07.04.1996
4095;Babsi;Huch;21.11.1919
4096;Friedrun;Flor;26.12.1943
4097;Sylvius;Nägele;03.02.2017
4098;Esther;Schwegmann;21.01.1944
4099;Emil;Mönnich;09.06.2010
4100;Agilbert;Hinke;27.05.1905
4101;Olivia;Zimmermann;05.09.2023
4102;Käthe;Beckert;28.09.1935
4103;Arnulf;Roth;01.11.1996
4104;Wolfgard;Christl;12.03.2008
4105;Waldfried;Hapke;03.09.1984
4106;Timm;Leitz;06.03.1981
4107;Phillippus;Jürgen;13.07.1991
4108;Rasmus;Ansorge;22.07.1972
4109;Sigrid;Rosenzweig;31.01.1915
4110;Arwid;Bünte;21.05.2010
4111;Horst;Koll;07.04.1983
4112;Adelheid;Schirmacher;23.10.1955
4113;Birga;Niebuhr;03.12.2018
4114;Jennifer;Meilen;17.10.1946
4115;Hellmut;Glaser;17.10.2000
4116;Claudius;Lemberger;01.09.1926
4117;Kathrein;Jeß;22.01.2015
4118;Ben;Ehlen;01.10.2001
4119;Siegmund;Bieger;25.12.1957
4120;Cindy;Höhl;26.06.1939
4121;Rimbert;Preiß;14.01.1981
4122;Dietwald;Leder;27.01.1946
4123;Julie;Draxler;27.11.2018
4124;Raik;Kleinschmidt;11.11.1969
4125;Waldburga;Abt;23.11.1988
4126;Niclas;Kanter;04.03.1916
4127;Annelore;Gloger;31.12.1915
4128;Elkmar;Schleicher;02.02.2004
4129;Dankmar;Köhnlein;08.11.1908
4130;Lisbeth;Hähnel;11.08.1908
4131;Röschen;Luthardt;10.02.1989
4132;Detmar;Lurz;08.07.1941
4133;Frida;Wüstenberg;12.03.1917
4134;Sonnhilde;Kiehn;30.06.1969
4135;Anje;Deller;24.09.1918
4136;Hildemar;Ralf;24.02.1913
4137;Hardi;Kleeberg;14.06.2017
4138;Gertraud;Jekel;18.06.1924
4139;Resi;Sobek;09.04.2019
4140;Lion;Burchert;27.12.1938
4141;Dorlinde;Wood;02.06.1937
4142;Aloysius;Berkemeier;16.02.2005
4143;Heinzjörg;DTAG;26.10.1954
4144;Smilla;Mrozek;15.11.2003
4145;Alix;Linker;14.10.1940
4146;Marietta;Schier;21.10.1987
4147;Lebrecht;Kreutzmann;11.03.1935
4148;Hannerose;Wiesen;08.12.1933
4149;Siegenot;Buchner;14.10.1918
4150;Sofie;Lindt;06.04.2000
4151;Sybilla;Armbruster;08.05.1905
4152;Isabelle;Poth;28.12.1932
4153;Ulrich;Döll;26.10.2004
4154;Sybil;Löhr;29.10.1976
4155;Carsten;Otte;20.11.2002
4156;Sybill;Wambach;01.09.1911
4157;Oda;Kammel;11.03.1977
4158;Marielouise;Pecher;15.04.2020
4159;Florine;Jürgens;29.04.1916
4160;Bertold;Tafel;11.07.1949
4161;Liliane;Pfrommer;22.07.1924
4162;Günther;Wachholz;03.05.1925
4163;Gerlinda;Bas;13.01.2020
4164;Ingbert;Lucht;16.10.1999
4165;Rebecka;Pollmann;28.08.1923
4166;Hildetraud;Rehbein;27.05.1951
4167;Stefani;Wege;11.05.2016
4168;Tiburtius;Ost;07.08.1987
4169;Johannette;Köder;19.08.1910
4170;Isa;Mailänder;15.06.2004
4171;Arnold;Pfeifer;04.09.1923
4172;Rahel;Schenker;06.12.1940
4173;Karlhorst;Fritzsch;20.10.1997
4174;Antonio;Kloth;17.06.1962
4175;Arnulf;Buhlmann;07.01.1935
4176;Irmentraut;Amberg;10.02.2020
4177;Gerlinde;Theißen;22.03.1923
4178;Emmely;Kloiber;23.01.1992
4179;Radegundis;Berchtold;06.05.2002
4180;Arnhild;Böttger;31.08.1966
4181;Thies;Wachsmuth;26.08.1927
4182;Gundolf;Weihe;10.02.1956
4183;Hartwig;Fletcher;23.04.1985
4184;Alyssa;Bock;30.04.1926
4185;Reinhard;Davids;22.02.1933
4186;Mats;Tappe;05.10.2011
4187;Laurin;Kauf;02.04.1995
4188;Claas;Dambach;11.07.1992
4189;Heinzjürgen;Rupprecht;18.12.1975
4190;Gerlind;Spang;06.02.2015
4191;Sybille;Penning;11.02.1920
4192;Inga;Brumm;25.01.1920
4193;Saskia;Baron;19.11.1962
4194;Undine;Liedtke;13.04.2004
4195;Diemo;Nikolic;04.03.1938
4196;Ingetraut;Karger;05.02.1935
4197;Friedemann;Fahle;26.01.2018
4198;Constanze;Remmel;24.05.2001
4199;Marei;Bahn;21.10.1936
4200;Tassilo;Gök;06.05.1912
4201;Ursulina;Eckmann;11.04.1933
4202;Joschka;Schlicht;22.01.1998
4203;Tiemo;Brendler;17.05.1908
4204;Sören;Jochem;12.01.2017
4205;Landolf;Ringel;13.12.1948
4206;Irmingard;Bensch;20.07.1961
4207;Sebastian;Schneidewind;23.05.2012
4208;Annegrete;Strunz;26.09.1946
4209;Volkard;Essig;26.08.1902
4210;Thorsten;Eckl;10.05.1924
4211;Ekkehard;Barber;19.02.1925
4212;Silvana;Klünder;27.02.2021
4213;Elena;Streng;28.12.2024
4214;Waltraut;Daum;18.09.2004
4215;Volkhard;Lauenstein;27.10.1909
4216;Willhart;Buchmüller;12.05.2006
4217;Ewalda;Stucke;09.03.1977
4218;Reinholdt;Hüller;23.04.1963
4219;Angelika;Finzel;23.12.2005
4220;Diemo;Daus;24.12.1959
4221;Valeska;Janowski;27.12.1918
4222;Barnabas;Hohn;28.02.1947
4223;Nadja;Natterer;30.07.1909
4224;Annica;Steinweg;06.09.1916
4225;Benedict;Ebers;24.09.2013
4226;Egbert;Klaes;15.09.1948
4227;Vroni;Götsch;21.02.2016
4228;Monika;Prosch;28.11.1936
4229;Pauline;Jehle;13.03.1984
4230;Annehild;Brech;21.11.2006
4231;Bartholomäus;Gronewold;13.07.2011
4232;Philip;Schult;05.03.1910
4233;Annalene;Seebach;08.08.1948
4234;Edeltraut;Welk;09.03.2022
4235;Berthold;Karge;02.06.2005
4236;Wiethold;Priller;18.11.1915
4237;Piet;Bockelmann;14.10.1949
4238;Markolf;Körfer;26.05.1995
4239;Bernhilde;Fabian;17.11.2021
4240;Doreen;Krebs;02.03.1961
4241;Heyko;Heldt;22.03.1983
4242;Gottholde;Deschner;20.03.1957
4243;Uranius;Rosendahl;22.01.1920
4244;Anna;Weidenbach;30.04.1923
4245;Eveline;Gerold;29.10.1994
4246;Gisela;Forner;07.11.1910
4247;Manfried;Kramp;07.06.1953
4248;Alfred;Saupe;24.09.2012
4249;Amrei;Umlauf;02.04.1931
4250;Gisela;Graham;01.05.1923
4251;Ruthild;Strobl;10.10.1987
4252;Sigunde;Stief;12.11.2005
4253;Sigurd;Daum;08.09.1952
4254;Wernhild;Lehr;14.06.1903
4255;Gerdt;Skupin;15.02.1915
4256;Lutz;Roters;14.05.1923
4257;Jannine;Dorfner;19.02.1909
4258;David;Goebel;01.06.1912
4259;Anouk;Sandmann;28.10.2013
4260;Christliebe;Biegel;18.03.1942
4261;Maike;Bäuerle;24.02.1982
4262;Sighilde;Breyer;17.06.1976
4263;Madleine;Leicher;16.04.2012
4264;Ingelene;Franck;07.03.1958
4265;Harro;Gabor;05.12.1965
4266;Gesine;Harter;18.02.2013
4267;Gretlies;Egert;30.10.1947
4268;Egmont;Leuschner;09.07.1970
4269;Desiree;Hunter;10.04.1977
4270;Egomar;Neuß;26.02.1994
4271;Henry;Bänsch;16.10.2000
4272;Gertrudis;Gaßmann;24.06.1954
4273;Felizitas;Kapp;22.09.1919
4274;Josepha;Eiben;17.02.1959
4275;Arnold;Hubbard;15.10.1916
4276;Ruben;Morsch;07.09.2004
4277;Flora;Könnecke;26.04.1961
4278;Annelinde;Lippmann;15.07.1957
4279;Phil;Steuermann;11.12.1932
4280;Eberhart;Axt;21.11.1998
4281;Horstfried;Baierl;03.10.2005
4282;Anouk;Knoke;25.04.2025
4283;Wilfriede;Zeidler;02.05.1978
4284;Karleugen;Bönig;21.10.2000
4285;Linhart;Kittler;16.02.1918
4286;Malte;Trenkle;10.01.1934
4287;Hedy;Brandes;06.08.1924
4288;Wolfried;Harmsen;07.01.2007
4289;Marilu;Rohlfing;16.04.1993
4290;Rudger;Kowalczyk;21.03.1929
4291;Siegrid;Klöcker;30.08.2024
4292;Linus;Peetz;05.11.1958
4293;Mila;Adamek;05.01.2002
4294;Vreneli;Kupke;25.12.1975
4295;Traudel;Yasar;16.03.1978
4296;Axel;Hopf;25.09.2004
4297;Cedric;Gemmer;14.03.1927
4298;Oslinde;Kubitza;03.12.1942
4299;Ingeruth;Wesemann;07.10.1976
4300;Romana;Ballmann;09.06.1947
4301;Marvin;Fester;19.07.1927
4302;Enrico;Terhorst;12.03.1906
4303;Toralf;Kania;08.10.2021
4304;Grimbert;Linde;05.12.1988
4305;Hannegret;Bopp;03.07.1973
4306;Desiderius;Buhlmann;30.04.1966
4307;Alwina;Kögler;24.08.1937
4308;Sophia;Schmalz;23.05.2015
4309;Ottkar;Seltmann;11.11.2017
4310;Gunhard;Gaber;15.11.1940
4311;Irmela;Grübel;08.09.1928
4312;Mandy;Schrenk;07.08.1982
4313;Ekkart;Reil;14.04.1911
4314;Eric;Fladung;26.11.1915
4315;Barbara;Yüksel;13.10.1962
4316;Lintrud;Petrasch;19.04.1965
4317;Serafine;Hüsken;27.11.2022
4318;Mania;Häussler;26.08.1961
4319;Samuel;Manger;18.08.1938
4320;Edelfriede;Jaspers;03.04.1928
4321;Birke;Birkel;23.01.1902
4322;Heimtraud;Kairies;31.01.1961
4323;Gunhild;Breiter;20.03.2005
4324;Friderika;Heering;24.01.2016
4325;Magdalene;Rogler;02.07.1947
4326;Stephanie;Brümmer;28.02.1950
4327;Adi;Laabs;06.12.2012
4328;Inga;Kröber;14.11.1937
4329;Ronny;Klaßen;22.01.1995
4330;Henri;Stockmann;24.03.1961
4331;Wolfdieter;Kromm;03.09.2018
4332;Steven;Schlemmer;15.03.1969
4333;Engelhardt;Kriegel;27.10.1981
4334;Hildeburg;Schaller;22.04.2020
4335;Dorlinde;Dick;06.10.1949
4336;Ekkart;Amberg;22.01.1957
4337;Dietwalt;Carle;02.06.2021
4338;Bärbel;Jesse;12.01.1987
4339;Sigenot;Kienitz;04.02.1978
4340;Philip;Weiskopf;08.07.1990
4341;Laurin;Beil;16.09.1976
4342;Ferhart;Pape;23.02.2010
4343;Frohmund;Steinbrenner;14.11.1988
4344;Severin;Book;18.10.1976
4345;Ilsegard;Gerstenberger;15.09.1986
4346;Theodolinde;Gaiser;06.04.1983
4347;Joelle;Grieb;31.03.1972
4348;Elsa;Paschke;17.01.1919
4349;Rabea;Mittermeier;06.04.1973
4350;Adi;Freitag;15.03.2013
4351;Steff;Noller;11.01.1973
4352;Isolde;Bischoff;13.12.2021
4353;Manhardt;Lehr;05.08.2021
4354;Doraline;Müller;28.01.1920
4355;Friedlies;Beutler;30.07.1947
4356;Sigenot;Friedrich;01.01.1962
4357;Dietz;Wurm;31.10.1916
4358;Ingrun;Gerland;31.07.1994
4359;Stefanie;Laser;16.05.1964
4360;Waltrud;Ries;09.11.1987
4361;Theobert;Reiber;04.12.1958
4362;Rauthgundis;Henk;28.01.2020
4363;Reinholdt;Krug;27.04.1922
4364;Svenja;Feucht;18.06.1975
4365;Volkhardt;Averbeck;29.03.1968
4366;Wiebke;Nolte;24.07.1924
4367;Berthold;Göttsche;10.04.1990
4368;Ricarda;Preißler;24.10.1961
4369;Vreneli;Rehm;01.08.1971
4370;Marfried;Köpcke;20.06.1976
4371;Christopher;Krauß;23.11.1968
4372;Sahra;Dill;26.07.1946
4373;Irmela;Stock;10.11.1904
4374;Randolph;Broda;29.01.1943
4375;Walburga;Trummer;22.02.1950
4376;Isbert;Munsch;17.03.1932
4377;Eckehardt;Schilz;25.04.1966
4378;Hanshermann;Pleger;12.10.1994
4379;Walburga;Gutsche;17.01.1980
4380;Rosina;Buck;20.08.1978
4381;Henriette;Emde;26.10.1925
4382;Philipine;Presser;14.03.1958
4383;Trautlinde;Aberle;11.10.1936
4384;Milena;Dirks;08.01.1996
4385;Joelina;Riecken;06.01.1904
4386;Klarissa;Crawford;06.07.1909
4387;Fabio;Siller;28.10.1956
4388;Gereon;Singler;13.07.1913
4389;Gero;Senft;01.08.1951
4390;Giesela;Kuhne;04.08.2005
4391;Danny;Schlegel;04.09.1974
4392;Meinard;Grabner;18.07.1988
4393;Tillmann;Herzog;10.06.2004
4394;Donatus;Dippold;17.12.2007
4395;Gernod;Roll;10.07.1944
4396;Gundhild;Lemcke;06.03.1936
4397;Olivia;Friederich;16.01.1919
4398;Roseliese;Karg;14.05.1984
4399;Gerhart;Derksen;19.06.2015
4400;Raimond;Eisenreich;08.06.1907
4401;Monika;Jahr;17.05.1984
4402;Lennart;Ising;07.06.1958
4403;Adolfa;Amrhein;28.12.1976
4404;Traugott;Straßburger;24.08.1913
4405;Gundhart;Daumann;20.11.1941
4406;Ambrosius;Marschner;27.04.1923
4407;Hertraud;Schilder;28.05.1981
4408;Nico;Waldherr;09.12.1946
4409;Dorette;Drake;12.04.1955
4410;Liane;Rosenthal;26.11.1977
4411;Osmund;Stute;05.05.1969
4412;Rochus;Johne;16.06.2018
4413;Reinhardt;Kuhlmann;07.05.1941
4414;Friedrich;DTAG;27.03.1983
4415;Ambros;Heesen;02.11.1921
4416;Kristine;Berendt;02.01.2017
4417;Luk;Nagler;10.08.1954
4418;Rutger;Uphoff;22.03.2022
4419;Hanno;Sanchez;08.02.1952
4420;Ursus;Scherz;19.10.2007
4421;Walter;Kampa;15.04.1998
4422;Eugen;Rabe;14.05.1909
4423;Florentine;Jörg;02.02.1948
4424;Winfrid;Geiss;01.12.1932
4425;Helmine;Traub;27.04.2013
4426;Ingelene;Thoms;27.05.1907
4427;Hannes;Aigner;09.08.1947
4428;Nunzius;Dethloff;24.10.1975
4429;Wiglaf;Dreisbach;20.08.1994
4430;Donat;Fock;13.12.2015
4431;Woldemar;Deike;24.08.1902
4432;Ingolde;Rebholz;01.02.1960
4433;Germo;Kaltwasser;03.12.2022
4434;Margitte;Kollmann;31.07.1941
4435;Zita;Klingel;13.11.1959
4436;Samira;Michalek;07.08.1920
4437;Elwine;Hohmann;24.03.1927
4438;Finchen;Blumenstein;23.02.2001
4439;Landolf;Schlotmann;20.01.1967
4440;Rauthgundis;Hirn;10.09.1919
4441;Irmelinde;Lapp;08.06.1918
4442;Brunhildis;Muhl;29.07.1959
4443;Wendeline;Dittmar;15.03.1924
4444;Volkmar;Jährling;03.05.1988
4445;Juli;Gerecke;02.04.1945
4446;Lucie;Linz;08.05.1970
4447;Burghart;Owen;22.05.2021
4448;Gustav;Wanka;23.04.1942
4449;Nik;Friedemann;21.01.2021
4450;Heimfrid;Dörre;02.11.1935
4451;Helwig;Warning;28.11.1928
4452;Ivonne;Nachtmann;23.02.2023
4453;Traudel;Siewert;04.10.1908
4454;Oswin;Brieden;29.04.1946
4455;Sophie;Wieczorek;21.10.2014
4456;Gila;Klinger;27.11.1912
4457;Luca;Matz;20.09.1912
4458;Elbert;Steinmüller;14.01.1967
4459;Reinhold;Pflug;15.11.1917
4460;Helmo;Lottmann;27.06.1919
4461;Edeltraut;Neuner;30.09.1980
4462;Laurens;Tilch;19.10.1934
4463;Steffie;Weippert;10.11.1962
4464;Emelie;Molzahn;16.07.1938
4465;Minna;Misch;13.12.1950
4466;Raimunde;Prediger;17.12.1903
4467;Harry;Gaede;25.06.1948
4468;Margarethe;Mühlen;27.02.2014
4469;Babette;Glahn;26.07.1947
4470;Christfriede;Schaeffer;16.04.2016
4471;Anje;Schönleber;01.09.1918
4472;Jasmin;Seufert;14.12.1982
4473;Egbert;Schwender;02.02.2004
4474;Notfried;Schulte;21.11.1965
4475;Irmlind;Wodtke;05.08.1930
4476;Christfried;Wolfe;05.12.1992
4477;Hansdieter;Greuel;01.10.2010
4478;Siegulf;Hädrich;13.07.1951
4479;Sigune;Schauer;27.09.1906
4480;Reni;Adam;17.04.1991
4481;Gerfried;Lurz;18.05.1980
4482;Friedemar;Windmüller;15.01.1963
4483;Inkmar;Zielinski;05.04.1988
4484;Arnt;Justen;24.10.1998
4485;Bert;Hendrich;08.07.2010
4486;Torge;Schneller;25.10.1973
4487;Oliver;Chmielewski;18.09.1923
4488;Wenzel;Dotzler;04.10.2006
4489;Brandolf;Wein;24.01.2011
4490;Augusta;Zühlke;28.03.1938
4491;Annalena;Smith;20.09.1978
4492;Kajetan;Baumgartner;10.10.1930
4493;Aribert;Kiefer;19.01.1940
4494;Erich;Pischke;09.07.2002
4495;Juli;Schippmann;20.07.2022
4496;Andrea;Borgert;29.06.1993
4497;Alisa;Romahn;27.09.1978
4498;Ingelotte;Liebscher;16.05.1904
4499;Alheidis;Yildirim;27.06.1989
4500;Ilrich;Anke;23.06.1930
4501;Jesse;Stober;03.08.1938
4502;Ferhart;Bulla;24.09.1984
4503;Helen;Diez;10.08.2023
4504;Josua;Fleckenstein;11.08.2016
4505;Steffan;Schwarzmann;10.09.1902
4506;Patrik;Lock;09.03.1906
4507;Thassilo;Hotze;16.11.1922
4508;Piet;Recht;08.10.1968
4509;Irmelie;Stober;12.02.2021
4510;Irmtrude;Hodges;24.09.1981
4511;Traude;Wirz;03.11.1912
4512;Burghild;Kracke;02.03.1923
4513;Wulf;Eiermann;09.06.1936
4514;Margarete;Klink;12.06.1926
4515;Maurice;Braumann;21.07.1926
4516;Ingemarie;Kutschera;30.08.1964
4517;Theophil;Kees;01.10.2011
4518;Timotheus;Brähler;05.11.1956
4519;Heimo;Wölke;07.01.1942
4520;Til;Sedlmair;07.06.1952
4521;Dietmute;Hunt;01.12.1947
4522;Emeram;Shelton;20.05.1968
4523;Albertine;Willis;20.11.1908
4524;Irmelie;Ruprecht;05.08.1982
4525;Engelhardt;Schauerte;19.10.2006
4526;Richardis;Mahnke;13.11.2023
4527;Steven;Gottschling;27.11.1957
4528;Eckehardt;Henze;14.05.1994
4529;Patrik;Heckl;13.07.1958
4530;Berngard;Holstein;29.08.1965
4531;Melina;Geisel;26.08.2002
4532;Guntmar;Köhler;04.05.1923
4533;Cordelia;Fries;18.11.1919
4534;Sabrine;Arp;28.08.2010
4535;Elisabetha;Hell;19.11.2024
4536;York;Glaser;21.07.2022
4537;Horstfried;Ziemann;08.03.2010
4538;Ilselore;Murr;09.07.1922
4539;Matis;Cohrs;17.06.1919
4540;Janne;Kuehl;12.05.2022
4541;Karlpeter;Bösch;20.11.1991
4542;Tina;Pawlak;08.05.1949
4543;Sylke;Bieder;05.10.1958
4544;Rosemie;Hornemann;28.01.1963
4545;Lintrud;Starke;18.03.1962
4546;Christa;Hacker;01.03.2002
4547;Brigitta;Thull;01.12.1976
4548;Fried;Borstel;17.10.1934
4549;Dietz;Friedrichs;03.09.1945
4550;Giulia;Olk;20.02.1939
4551;Wulf;Ward;16.03.1975
4552;Knuth;Nüßlein;27.03.1919
4553;Alwina;Sowa;07.09.1931
4554;Mathis;Hunold;20.08.1961
4555;Ekkehardt;Stürmer;11.09.1927
4556;Gerhild;Kunisch;02.05.2003
4557;Lore;Kittler;11.02.1921
4558;Mischel;Hackstein;21.10.1924
4559;Valerian;Zindler;03.10.1911
4560;August;Casey;10.05.1921
4561;Nadine;Thurow;10.10.1977
4562;Hannelore;Caspari;12.10.1971
4563;Marius;Baldauf;20.09.1936
4564;Olga;Classen;08.01.1943
4565;Quintus;Pause;09.08.2016
4566;Wernhard;Trümper;26.10.1914
4567;Trauhard;Ketterer;28.07.2001
4568;Margrid;Ochs;19.01.2002
4569;Raimer;Tobias;09.04.1993
4570;Edelhard;Hoops;05.12.1924
4571;Erica;Pille;30.01.1987
4572;Reinlinde;Brandenburg;18.04.1914
4573;Humbert;Erhard;25.06.2003
4574;Christfried;Borkenhagen;10.02.2001
4575;Eckhold;Bohrmann;20.07.1955
4576;Belina;Pluta;24.01.1908
4577;Karlheinz;Herzer;09.06.1974
4578;Wolfgünter;Wieber;22.05.2010
4579;Gerhilde;Riesen;20.10.1928
4580;Walti;Dudek;29.12.2020
4581;Doraline;Heidrich;02.08.1923
4582;Rolf;Stöver;07.10.1912
4583;Meinfried;Bachmaier;20.02.1979
4584;Jonathan;Max;18.06.1919
4585;Tommy;Wensing;26.04.2018
4586;Sebald;Hoh;27.11.1948
4587;Elia;Ohler;13.03.1956
4588;Rosetraut;Scharmann;26.03.1953
4589;Karlhans;Matthiesen;10.01.2004
4590;Irlanda;Wiese;30.10.1981
4591;Dorothee;Bohlmann;06.08.1903
4592;Ferfried;Recknagel;29.09.1978
4593;Ela;Balci;30.01.1936
4594;Dorchen;Klug;12.08.1928
4595;Carlotta;Dreesen;03.03.1918
4596;Eckhard;Bohnenkamp;04.09.1962
4597;Theobalda;Pfeffer;25.07.1920
4598;Lintrud;Potter;16.11.1923
4599;Haymo;Steger;08.01.1914
4600;Willhart;Leibold;12.12.2005
4601;Kristina;Samson;01.04.1908
4602;Emelie;Staats;25.10.2022
4603;Utz;Höger;11.01.1927
4604;Zeno;Rittner;06.06.1934
4605;Ursus;Britz;01.01.1991
4606;Suse;Göring;23.11.2010
4607;Irmingard;Führer;03.09.1984
4608;Ernst;Katrin;26.03.1936
4609;Angelika;Rex;21.11.1905
4610;Helmut;Dettmer;08.05.2004
4611;Eyck;Blass;24.07.1937
4612;Layla;Kemmer;20.07.1943
4613;Lorelies;Hennes;26.08.1974
4614;Burglind;Wirsing;21.05.2000
4615;Irmfried;Sass;12.10.1958
4616;Chantal;Spitz;13.12.1934
4617;Anneluise;Wüstner;02.05.1929
4618;Centa;Wack;01.08.1931
4619;Marietta;Wünsch;23.09.1978
4620;Cora;Wiemers;29.08.1926
4621;Dietgar;Lipinski;29.05.1937
4622;Nadja;Nuss;11.10.1928
4623;Ingmar;Kunkel;09.10.1976
4624;Elise;Weser;10.07.1922
4625;Wittmar;Krebber;30.08.2001
4626;Hariolf;Straub;12.07.1913
4627;Luitgard;Haese;27.12.2005
4628;Dorchen;Ketterer;01.12.2002
4629;Ingeruth;Klemke;11.05.1987
4630;Artur;Völk;30.09.2006
4631;Annemargret;Jungclaus;18.02.2003
4632;Carolina;Schlösser;07.05.2006
4633;Ringo;Schwede;08.08.2021
4634;Margrit;Staib;24.08.2015
4635;Flora;Meister;29.10.2010
4636;Katharina;Dann;04.08.1904
4637;Susi;Wiest;22.05.2015
4638;Gerdfried;Fuerst;04.03.1991
4639;Anneliese;Bader;14.02.1917
4640;German;Daniels;22.07.1959
4641;Maximiliane;Bialek;19.09.1970
4642;Margarete;Pagel;15.06.1927
4643;Gunthild;Peper;05.05.2003
4644;Willibald;Knies;19.06.1907
4645;Hansjörn;Bonk;02.10.1913
4646;Giesela;Köppe;25.09.1975
4647;Sigune;Tietz;29.11.2000
4648;Dana;Ristau;18.09.1929
4649;Burkhard;Lamm;28.07.1996
4650;Lukas;Pastor;10.01.1986
4651;Edelgard;Mieth;18.09.1980
4652;Jamie;Stephan;01.01.2011
4653;Jonna;Bubeck;31.03.1959
4654;Heimfrid;Heck;14.09.1967
4655;Detmar;Schöpe;19.05.1969
4656;Christliebe;Jaschke;26.04.1954
4657;Lisa;Bethke;19.03.1914
4658;Elfy;Mettler;03.09.1931
4659;Elke;Wehmeier;18.05.2023
4660;Kathrin;Zapp;05.05.1969
4661;Diemut;Isaak;06.02.2008
4662;Wolfbert;Loth;30.06.2007
4663;Jördis;Weißhaar;20.08.1909
4664;Hiltrud;Rinck;08.02.2018
4665;Lenz;Weißenfels;17.11.2011
4666;Birgitt;Bryan;12.05.1908
4667;Alix;Hermsdorf;29.05.1976
4668;Ambros;Hühne;11.07.1973
4669;Eckhart;Franzmann;08.03.1999
4670;Anneliese;Brzoska;30.03.1913
4671;Antonio;Follmann;15.10.1949
4672;Marbod;Filser;14.07.1944
4673;Otmar;Pollinger;24.07.1939
4674;Urda;Stöckle;28.07.1997
4675;Kristin;Levermann;16.08.1954
4676;Josefa;Wenninger;19.09.1974
4677;Emely;Sachau;03.05.1956
4678;Hertraud;Felske;22.05.1941
4679;Adolfa;Dötsch;15.01.1941
4680;Bertold;Harper;11.02.1929
4681;Isabell;Pfirrmann;07.09.1943
4682;Regine;Jaster;04.08.1958
4683;Annemaria;Tews;10.07.1985
4684;Annette;Knoche;17.10.1990
4685;Bernhard;Mohaupt;19.11.2007
4686;Annabell;Hering;06.03.1977
4687;Hanno;Jenke;15.01.1904
4688;Katja;Walther;30.11.1980
4689;Irmentraud;Daniel;24.05.1936
4690;Marcel;Lorek;07.02.2015
4691;Marei;Streb;21.09.1908
4692;Bärbel;Conradi;16.07.2008
4693;Wiebke;Wolz;20.12.1979
4694;Berta;Werk;11.01.1995
4695;Arthur;Fieseler;26.01.1933
4696;Katherina;Kindermann;24.05.1970
4697;Hannelore;Schmiedel;03.10.1973
4698;Jolina;Nemitz;09.04.1940
4699;Wiltrudis;Holtz;03.06.1962
4700;Dorlis;Völkel;10.02.1975
4701;Hellmut;Schrödl;15.03.2021
4702;Marike;Pickl;14.02.2025
4703;Wolrad;Roemer;08.09.2014
4704;Richard;Schedler;16.03.2023
4705;Antja;Thomas;13.09.1996
4706;Clemens;Schrewe;18.09.2009
4707;Luitpold;Baltrusch;02.12.1921
4708;Friedbert;Schuler;22.08.1978
4709;Karola;Ploch;08.07.1958
4710;York;Posch;23.10.1972
4711;Celine;Sladek;09.04.1922
4712;Annegret;Mast;12.07.1960
4713;Anfriede;Mündel;19.10.1950
4714;Bartold;Kaster;03.08.1984
4715;Annelinde;Flame;24.11.1924
4716;Maurice;Rehbein;04.02.1962
4717;Dorette;Zabel;04.04.1945
4718;Sibylla;Herbertz;07.10.1943
4719;Matthies;Schlösser;21.05.1992
4720;Friedoline;Schroll;06.10.1988
4721;Richarda;Zoll;26.10.2003
4722;Neidhard;Ostermaier;20.10.1917
4723;Edelfriede;Grunenberg;01.03.1925
4724;Gundhart;Steinhaus;14.06.1982
4725;Theodeline;Hitzler;06.01.2021
4726;Beat;Knackstedt;14.04.2023
4727;Irmingard;Wehrle;05.07.1974
4728;Egidius;Dunker;02.02.2017
4729;Giselind;Riehle;12.06.1985
4730;Hanshelmut;Meinhard;23.09.2008
4731;Hannelotte;Wehr;27.05.1920
4732;Lidwina;Eiermann;02.12.1981
4733;Siegberta;Wallis;02.08.2001
4734;Friedlinde;Schenkel;30.08.1906
4735;Camilla;Eisert;30.11.1952
4736;Noel;Evers;23.02.1995
4737;Siegbritta;Sondermann;06.02.1957
4738;Frigga;Nau;17.04.2014
4739;Augusta;Mayr;08.10.1923
4740;Karli;Semler;31.03.1965
4741;Wolfrid;Schmöller;21.12.1981
4742;Ida;Hentschke;18.09.1910
4743;Annemargret;Bienert;07.10.1967
4744;Lili;Reuschel;08.07.1909
4745;Tomas;Lohrer;05.02.1991
4746;Gerhart;Gartmann;26.10.1992
4747;Alheid;Gohlke;18.06.1948
4748;Juri;Dörfler;04.11.1963
4749;Wigbert;Borm;28.12.2018
4750;Justus;Eberspächer;09.05.1955
4751;Kristof;Knappe;03.07.2019
4752;Sibille;Schwemmer;01.09.1996
4753;Gertrudt;Diesing;04.09.1975
4754;Karlfried;Höfner;06.12.1939
4755;Wigand;Gutjahr;15.03.1988
4756;Teresa;Schott;04.09.1935
4757;Friederike;Gramsch;27.03.1982
4758;Alice;Speth;18.04.2008
4759;Lucas;Schüßler;14.10.1924
4760;Frohlinde;Koschmieder;06.04.1959
4761;Nadja;Vieregge;24.11.2022
4762;Falk;Ambrosius;12.10.1955
4763;Neithard;Gutsche;10.07.1961
4764;Ehrentraud;Haugg;03.12.1916
4765;Jeanett;Baake;16.10.2022
4766;Tore;Schmalzl;04.02.1938
4767;Steven;Schüle;06.12.1956
4768;Arnhart;Paar;15.01.2005
4769;Ortwin;Ringe;20.01.1979
4770;Reinburga;Hennen;01.04.1942
4771;Ewald;Fecher;21.04.1917
4772;Dimitri;Bronner;17.06.2009
4773;Jamie;Reif;23.08.1997
4774;Bjarne;Mehler;20.04.1960
4775;Linus;Ecker;22.04.1942
4776;Rosemarie;Königer;10.09.1977
4777;Dionys;Granzow;13.08.2022
4778;Gertwin;Sandoval;14.01.1966
4779;Liebhardt;Dietl;13.03.1922
4780;Reinmar;Marschall;19.07.1952
4781;Herwart;Oldenburg;06.01.1994
4782;Carolin;Schieder;01.01.1914
4783;Eva;Sämann;19.08.1904
4784;Alix;Schreiner;10.01.2006
4785;Christof;Sharp;07.10.1943
4786;Annemargret;Eckmann;01.10.1961
4787;Maxl;Gimbel;09.03.1945
4788;Hubert;Singer;29.10.1992
4789;Gottlieb;Graff;23.02.1915
4790;Ben;Kuntz;23.04.1967
4791;Ina;Strey;02.01.1920
4792;Lyn;Brettschneider;20.02.1971
4793;Heinrich;Schoofs;17.07.1954
4794;Humbert;Boer;28.11.2001
4795;Timmo;Ens;03.01.1965
4796;Ehrenreich;Kistler;18.06.1924
4797;Aaron;Kremser;23.06.1957
4798;Harry;Burk;28.08.1905
4799;Adrian;Fiebig;20.01.2009
4800;Ellen;Günthner;30.07.1912
4801;Dietram;Joosten;15.04.1921
4802;Alfinus;Ehrig;26.09.1954
4803;Dietwolf;Dietzsch;27.03.1906
4804;Dörte;Irmer;10.10.1969
4805;Reinwald;Tate;28.05.1915
4806;Olinde;Röben;14.09.1981
4807;Damaris;Saul;01.05.1985
4808;Diane;Oetjen;18.09.1922
4809;Siegwald;Wächtler;06.03.1927
4810;Inkmar;Turowski;08.01.2011
4811;Burglinde;Birner;10.04.2011
4812;Fabian;Tegeler;12.02.1954
4813;Ludwiga;Christof;11.03.1920
4814;Edeltraudt;Krauss;24.11.1977
4815;Sahra;Dreger;27.03.1983
4816;Karlmann;Gräf;15.07.1928
4817;Adam;Todd;20.08.1916
4818;Erna;Heigl;29.10.2003
4819;Ruth;Brands;08.11.1990
4820;Birga;Schroll;04.06.2008
4821;Bennett;Langguth;06.04.1998
4822;Traudi;Altenburg;30.06.1944
4823;Franz;Ohlendorf;16.06.1998
4824;Ulfrida;Berninger;19.01.1941
4825;Helmtraud;Kaul;01.02.2014
4826;Hildeburg;Kauer;18.06.1980
4827;Heino;Pech;15.07.1946
4828;Bodomar;Steinbach;08.06.1920
4829;Burghilde;Lutzenberger;24.12.1928
4830;Ermelinde;Klemann;17.05.1917
4831;Mariegret;Hucke;26.02.1959
4832;Gundula;Hilscher;16.04.1969
4833;Walfriede;Munsch;12.01.2006
4834;Golo;Le;04.01.1951
4835;Fränze;Elvers;01.03.1918
4836;Sighild;Goldammer;25.09.1996
4837;Siegfrieda;Behrend;24.10.1985
4838;Rainmund;Detzel;07.09.1986
4839;Jacob;Parker;08.05.1931
4840;Thies;Mattner;14.01.1982
4841;Ribana;Streubel;07.01.1912
4842;Jolande;Hörnig;27.11.1936
4843;Renald;Hauf;14.10.1932
4844;Eckhardt;Spallek;14.03.1940
4845;Melanie;Rolf;24.01.1912
4846;Joelle;Ruhl;12.04.1948
4847;Liesgret;Kittel;23.01.1916
4848;Helfred;Josten;23.11.2017
4849;Lennard;Christl;09.07.1944
4850;Josephine;Giersch;23.12.1958
4851;Karena;Dehne;27.08.1986
4852;Hildelies;Neubauer;09.08.2007
4853;Ben;Griffin;03.03.1912
4854;Gerti;Fröhling;05.06.1954
4855;Christina;Lex;25.05.1981
4856;Wendeline;Heidmann;01.10.2013
4857;Irmentraut;Filipovic;18.06.1951
4858;Simpert;Tiedemann;21.08.1902
4859;Gismar;Ostertag;24.10.1944
4860;Magnus;Morgenroth;20.12.1985
4861;Heyko;Steinbrenner;28.08.1977
4862;Meinfriede;Hüttel;11.11.1999
4863;Gunthard;Notz;12.03.1934
4864;Herger;Kulla;03.05.1905
4865;Dario;Harsch;20.09.1952
4866;Rebekka;Kleber;10.12.1906
4867;Gertmund;Schwabe;02.09.1984
4868;Marlies;Britz;21.01.1993
4869;Wolfeckart;Jeromin;21.10.1925
4870;Haymo;Knieling;02.03.1906
4871;Helfred;Belitz;30.09.1979
4872;Engelbert;Schmoll;27.07.2009
4873;Constantin;Hieber;22.08.1943
4874;Berenike;Naujoks;26.12.1978
4875;Johannette;Beck;24.07.1948
4876;Bringfried;Wanninger;13.10.1927
4877;André;Stünkel;09.12.1972
4878;Friedebert;Lüning;08.11.1919
4879;Folkhart;Kossack;08.04.1912
4880;Theresia;Köder;15.11.2002
4881;Evelore;Mühlberger;04.04.1945
4882;Alix;Kämpfer;10.03.1948
4883;Hellmuth;Sprengel;06.09.1948
4884;Mert;Sachse;25.06.1956
4885;Margret;Füssel;02.07.1903
4886;Korinna;Kohnen;21.09.1993
4887;Richarda;Ortner;09.04.2001
4888;Dorlis;Frisch;27.07.2015
4889;Friedmuth;Langmann;19.04.2005
4890;Lona;Hacke;18.08.1919
4891;Isolde;Pfaff;01.11.1986
4892;Oslinde;Steffens;22.05.1998
4893;Leonie;Hopp;27.02.1952
4894;Roman;Gehlert;18.12.1908
4895;Friedewald;Fieber;01.05.2025
4896;Maximiliane;Engelke;03.01.1973
4897;Antonia;Hengst;29.06.2004
4898;Meinfriede;Buckel;14.03.1926
4899;Maximilian;Wörner;11.07.1922
4900;Rahel;Stollberg;17.05.1983
4901;Ole;Owen;25.11.1951
4902;Elfgard;Löchner;27.02.1917
4903;Wenzel;Damerow;29.09.2015
4904;Gunhilde;Rohr;20.10.1995
4905;Ilsefriede;Schäuble;17.10.2014
4906;Winand;Völker;09.12.1970
4907;Rafael;Reiß;09.06.2020
4908;Alisa;Fechter;28.09.1927
4909;Johann;Gasser;13.02.1950
4910;Antonia;Biehl;10.07.2019
4911;Timon;Goldstein;13.01.1907
4912;Fabienne;Otte;18.04.2017
4913;Zoe;Haubner;23.09.1976
4914;Edmund;Mages;11.10.1970
4915;Volkmar;Hüneke;06.05.1953
4916;Matthies;Wurzel;29.03.1951
4917;Sergius;Wieland;08.10.1971
4918;Heide;Degener;19.08.1931
4919;Lyn;Ceylan;28.11.1902
4920;Ingolf;Persch;09.06.1999
4921;Caroline;Schuldt;13.03.1972
4922;Chantale;Hübschmann;17.02.1970
4923;Markward;Hucke;05.01.1932
4924;Josepha;Meschke;05.03.1902
4925;Mohamed;Paulus;19.12.1974
4926;Tanja;Kanone;14.07.1978
4927;Reinfried;Bestmann;29.07.1998
4928;Ann;Brönner;15.02.1927
4929;Sybill;Lühmann;30.11.1943
4930;Elfi;Hilt;04.05.1993
4931;Finchen;Buchholz;16.12.1989
4932;Justin;Seide;09.02.1986
4933;Eberhart;Andrae;12.10.1963
4934;Wilderich;Ahlers;22.07.1928
4935;Korinna;Wienhold;18.07.2024
4936;Christhild;Hofer;27.01.1984
4937;Denis;Pavel;26.07.1949
4938;Brita;Korf;17.04.1979
4939;Ilsetraut;Rösener;03.03.1951
4940;Waltrud;Löwe;25.07.1978
4941;Hadumod;Schieber;25.01.1985
4942;Mariedore;Bahr;15.06.1930
4943;Ludwiga;Morbach;10.04.1958
4944;Veit;Essig;12.07.2010
4945;Suse;Kunde;05.09.1938
4946;Rita;Lochner;25.07.1937
4947;Raimar;Tan;20.08.1905
4948;Ehrenreich;Zeising;28.04.1961
4949;Liam;Schläger;11.06.1920
4950;Franka;Lichtner;25.12.1902
4951;Denis;Mertens;02.03.1994
4952;Ellentraud;Dölling;02.07.1958
4953;Josepha;Dippold;30.09.1941
4954;Theophilus;Dörsam;10.05.1936
4955;Malwine;Maßmann;08.09.1914
4956;Reinburga;Behrends;26.08.1962
4957;Anneliese;Hagemeier;28.02.2023
4958;Alhard;Rauch;17.03.1955
4959;Bodmar;Geiler;02.05.1981
4960;Felicitas;Schläger;04.09.1950
4961;Rudenz;Seifert;30.12.1993
4962;Theodolinde;Eitel;29.05.1978
4963;Ekhard;Huppert;23.02.1905
4964;Charlotte;Becke;23.05.1961
4965;Mareike;Zintl;03.09.2003
4966;Eckehart;Schönig;10.07.1968
4967;Claudia;Langmann;07.11.1914
4968;Maximiliane;Neugebauer;30.06.2011
4969;Waltrudis;Welle;28.06.1948
4970;Arnolf;Simsek;26.08.2010
4971;Melina;Hilse;20.09.2014
4972;Alwin;Löchel;28.06.1973
4973;Hanswerner;Mumme;25.09.1975
4974;Kord;Feldt;06.10.1939
4975;Tim;Proske;17.02.1976
4976;Waltraut;Artmann;15.02.2023
4977;Rico;Halder;22.03.1978
4978;Björn;Osborne;29.11.1950
4979;Ottwin;Wahle;07.11.1932
4980;Gerd;Osten;28.09.1973
4981;Degenhardt;Görgens;01.09.1920
4982;Rike;Reit;29.09.1988
4983;Manuel;Rössler;31.05.1965
4984;Knut;Mühlmann;02.08.1909
4985;Trautchen;Pastor;25.10.1933
4986;Gerlind;Germer;18.08.1919
4987;Leona;Bridges;28.07.1938
4988;Sylvana;Kipper;19.11.1980
4989;John;Lewandowski;26.01.2012
4990;Klarissa;Hinzmann;27.08.1961
4991;Holk;Lewin;02.06.1993
4992;Theodeline;Diegel;13.04.2005
4993;Margunde;Bothe;18.01.2004
4994;Katrina;Heiland;13.05.1948
4995;Gottlob;Zach;16.07.1943
4996;Daphne;Wittmann;05.04.1921
4997;Nicola;Benzinger;22.08.1903
4998;Christhelm;Lotz;24.11.1952
4999;Helmar;Freigang;24.09.1997
5000;Wanda;Patzer;24.08.1980
