982	295	283	681	425
805	784	923	668	886
441	227	252	307	859
807	446	680	129	740
517	249	629	891	598
321	924	972	900	119
706	797	386	307	470
157	126	762	346	464
535	863	994	995	989
969	461	318	900	314
65	652	906	509	267
228	709	956	676	79
469	508	980	24	428
979	770	614	119	667
923	516	60	540	65
449	827	238	151	14
610	50	706	29	424
905	584	783	962	351
502	446	892	397	495
206	217	367	708	504
303	850	240	31	819
620	919	200	955	966
498	822	919	644	99
870	984	414	706	92
307	188	891	947	222
547	860	846	799	767
226	654	633	212	843
373	913	824	500	293
466	451	231	422	417
585	99	992	354	487
500	552	196	938	239
204	458	845	940	733
658	158	185	25	119
430	995	359	592	705
22	140	758	96	113
879	246	412	341	486
716	507	72	748	350
844	936	814	741	665
756	215	100	462	755
667	150	598	233	888
983	763	447	496	194
991	506	824	439	826
730	136	896	700	71
738	601	803	354	837
564	750	951	399	773
657	257	583	736	881
652	840	731	897	677
285	829	502	705	708
157	178	624	307	889
741	526	990	185	223
977	410	8	608	610
859	914	793	779	830
140	114	150	804	682
727	444	624	116	769
849	709	669	8	374
632	667	64	187	611
342	868	165	951	313
901	735	521	872	745
130	677	169	594	313
60	548	68	23	804
359	160	984	318	349
596	937	100	160	666
912	854	677	384	652
431	157	242	568	897
448	437	422	912	673
106	4	933	853	373
26	536	825	584	757
819	365	884	491	956
476	620	617	43	678
677	909	392	358	831
502	463	8	8	205
451	382	928	346	712
807	448	68	506	554
88	629	846	137	560
376	282	740	295	294
105	552	634	756	787
956	737	272	269	524
825	405	838	382	873
435	419	961	892	128
982	963	69	555	579
773	723	336	815	202
685	68	70	178	167
530	501	340	474	339
943	33	746	531	139
294	421	666	829	589
875	144	176	411	793
164	281	285	346	283
270	320	977	753	420
53	937	671	90	151
506	712	808	437	349
236	658	805	794	982
903	459	327	867	73
37	995	450	969	706
512	139	706	813	834
175	183	449	481	681
456	873	917	4	449
210	790	142	205	799
419	937	11	18	201
435	938	326	302	62
120	612	758	230	442
879	160	94	655	255
591	439	916	481	259
196	552	747	336	525
667	41	965	932	182
632	587	14	40	452
561	414	195	503	268
692	275	432	895	524
927	499	253	2	485
468	657	853	394	856
923	37	130	461	989
808	419	616	540	751
361	105	161	130	684
776	997	600	176	477
803	403	837	949	304
428	894	493	443	272
956	888	244	326	640
471	671	739	746	901
810	691	631	260	312
377	190	606	385	46
539	846	264	624	265
781	769	250	224	754
548	39	973	365	790
535	185	889	4	375
569	881	198	581	898
310	753	733	89	550
597	940	735	913	476
942	450	173	274	14
249	383	755	284	548
31	228	391	954	834
107	627	441	758	957
824	227	673	178	932
596	253	265	198	800
539	72	65	675	755
945	822	604	47	388
442	285	990	5	291
759	253	777	529	529
392	417	65	590	485
832	950	164	826	463
991	351	166	111	765
679	358	618	54	630
228	200	427	475	99
329	536	679	921	919
672	476	815	770	357
957	811	261	420	609
800	131	702	832	720
420	256	863	842	351
827	661	878	167	979
450	581	64	667	754
509	762	406	157	479
636	524	508	683	688
994	692	70	639	456
227	823	268	19	989
248	548	951	791	59
45	275	525	587	382
938	981	197	685	135
357	968	825	528	648
947	775	74	604	637
534	282	690	859	777
478	745	849	922	95
244	507	765	344	376
764	234	143	757	155
642	806	733	519	955
60	557	526	297	590
486	303	769	673	663
299	183	717	317	272
775	545	302	164	219
589	433	775	463	797
560	226	20	498	462
68	165	399	667	337
339	608	812	788	227
331	719	904	40	729
778	207	404	757	469
869	171	921	325	717
803	242	620	798	695
586	63	974	22	662
528	36	182	879	140
518	837	60	954	119
298	461	279	439	937
227	179	884	176	424
229	649	490	639	293
430	322	466	363	874
666	562	528	375	74
171	810	235	364	153
166	314	832	93	35
508	803	578	277	551
184	863	279	328	620
576	748	41	156	276
31	300	353	57	587
307	133	916	785	663
469	813	386	439	274
625	601	72	486	835
519	568	750	773	62
904	907	456	797	399
19	5	165	439	202
341	894	780	716	294
177	593	458	659	865
20	846	14	48	445
437	314	149	950	768
935	981	891	313	787
334	710	309	975	627
557	582	825	687	383
847	441	467	174	417
634	627	703	941	604
114	331	742	870	344
819	502	123	107	447
128	956	398	234	406
362	591	510	99	73
974	888	757	867	824
983	662	598	789	138
271	389	54	594	1
502	935	602	450	20
494	572	113	174	177
217	41	441	454	87
223	582	662	865	852
155	738	953	791	40
154	978	851	761	335
538	940	140	950	631
690	263	968	460	669
234	175	337	500	191
905	477	197	714	577
36	947	544	221	51
580	229	147	593	858
599	775	535	604	55
414	116	373	275	805
800	960	29	119	195
371	219	551	209	649
858	301	683	686	534
927	560	998	834	757
576	572	589	494	569
371	147	792	793	734
746	47	668	232	398
858	19	869	620	410
295	21	852	280	54
442	74	643	991	411
549	394	293	309	597
843	548	696	454	403
991	994	695	792	564
748	701	883	361	288
878	57	60	837	815
487	255	252	803	398
723	682	452	655	999
316	250	299	840	259
44	891	649	51	636
77	820	547	101	312
714	685	23	157	70
786	883	411	737	625
713	393	352	576	422
576	761	420	671	866
103	421	813	781	567
814	906	264	54	465
9	171	608	765	112
438	154	602	544	879
123	173	281	863	270
956	431	117	166	721
974	663	432	137	513
300	749	729	791	185
953	596	856	962	445
131	853	243	779	391
147	2	600	725	974
313	31	744	498	362
527	812	29	575	458
436	828	409	133	741
530	941	482	605	376
586	272	670	394	414
767	706	294	715	171
346	446	633	681	585
848	821	555	203	345
322	314	825	139	18
294	806	468	295	642
89	18	471	591	819
843	649	164	729	716
573	376	934	496	923
681	541	361	809	658
638	845	699	81	102
723	865	611	260	917
460	604	2	99	623
811	916	355	699	479
702	650	307	256	442
15	594	787	368	480
412	804	880	723	977
889	691	118	608	822
483	152	157	864	946
997	996	642	131	776
887	756	381	207	110
982	104	473	902	758
193	934	809	764	79
294	460	371	838	756
486	686	87	589	322
315	64	24	166	889
654	101	145	593	151
328	601	494	807	582
426	242	635	207	162
73	895	507	56	247
876	447	462	612	691
105	986	799	654	401
143	915	738	966	126
778	159	497	410	604
561	139	353	268	980
971	256	158	413	150
125	125	410	168	189
777	70	433	919	39
525	558	203	441	189
665	969	611	994	152
956	425	451	999	670
913	297	714	390	133
923	76	35	175	548
522	215	956	804	241
713	352	350	581	361
631	720	133	656	92
913	583	877	198	866
557	908	455	786	549
152	436	709	609	270
239	415	757	450	179
997	161	13	442	621
555	950	802	168	557
892	261	828	55	170
927	154	349	332	74
496	771	872	641	557
740	905	588	84	170
765	654	72	516	514
0	77	577	410	198
464	890	702	0	647
78	349	421	608	939
142	654	982	323	989
877	492	917	465	500
107	861	862	786	772
414	665	568	550	937
305	469	362	142	541
886	878	655	582	844
284	811	483	834	336
97	715	332	794	304
138	903	835	245	120
765	600	552	464	679
414	346	326	521	428
938	761	151	365	26
774	214	383	885	60
776	775	822	325	423
403	69	772	361	605
35	645	898	936	562
372	954	983	999	268
651	16	812	323	245
332	348	929	81	359
517	543	593	144	64
269	128	76	598	753
756	180	201	976	191
457	341	434	81	545
80	363	37	878	438
189	95	118	225	582
977	549	518	27	680
950	218	361	947	571
101	893	993	762	101
132	204	222	8	462
62	126	261	231	855
953	359	639	523	514
530	883	75	636	793
995	517	337	935	990
460	91	620	579	264
671	556	651	113	535
176	373	675	970	747
968	325	849	666	54
685	555	571	70	57
304	298	440	306	805
685	953	96	908	333
333	902	109	714	642
40	472	705	221	912
582	330	18	35	827
41	439	89	243	316
638	851	672	448	319
50	925	725	419	938
31	665	602	650	388
236	261	459	100	362
421	861	459	605	829
643	359	821	37	191
89	337	977	743	377
221	633	703	409	465
965	254	372	141	56
198	311	280	739	540
81	396	653	600	978
686	988	932	675	767
938	407	914	692	560
472	361	181	919	655
927	431	821	977	567
995	100	822	793	637
584	161	405	782	910
59	430	219	451	699
699	367	63	934	980
643	648	689	902	919
657	981	686	745	415
912	115	776	670	765
710	714	684	885	189
657	996	548	661	962
507	470	330	618	192
657	307	234	696	700
163	780	577	275	167
502	113	92	710	423
198	149	744	742	810
707	508	157	928	271
425	72	997	175	49
976	995	332	731	964
29	368	292	760	674
578	166	599	934	258
435	913	501	562	840
407	295	485	230	487
389	626	798	369	546
24	587	759	316	765
790	540	882	141	856
996	441	722	158	60
448	530	623	803	129
431	20	564	258	247
584	413	680	183	583
198	37	807	219	280
463	383	728	963	25
313	901	959	466	39
637	893	289	633	189
30	602	993	278	575
832	963	956	556	933
634	608	148	675	687
31	95	318	456	960
305	710	689	369	879
864	875	349	618	617
410	314	575	675	467
999	549	146	286	472
406	683	831	584	764
877	126	403	972	792
221	878	972	568	47
116	66	776	111	530
541	217	172	105	833
949	953	761	396	934
632	236	504	735	737
940	864	768	880	622
538	855	631	988	349
800	893	726	600	524
43	923	668	465	854
473	959	354	739	765
513	279	242	376	645
72	177	729	979	983
825	914	943	648	103
824	777	628	228	809
920	608	838	957	589
673	59	210	251	99
642	339	21	274	616
524	972	562	992	814
557	483	819	980	496
923	546	472	124	738
640	738	172	233	628
862	416	155	373	329
2	167	339	258	585
526	2	734	410	820
149	640	308	830	779
300	111	715	741	299
558	328	221	518	415
343	161	230	265	89
575	672	591	368	511
509	991	575	433	103
625	148	326	339	306
938	483	211	220	915
722	489	206	69	949
670	33	355	76	835
464	435	482	965	782
139	471	863	609	206
348	23	535	930	916
609	571	123	924	77
118	359	285	410	723
651	412	843	890	476
906	352	884	370	977
460	163	661	424	963
532	425	369	911	13
389	262	283	175	153
621	842	153	567	713
443	531	855	306	326
27	578	737	802	78
711	832	957	96	544
452	721	83	667	680
33	676	313	10	274
430	188	529	832	46
735	744	696	685	818
993	841	379	708	8
869	114	591	551	382
156	110	915	1	726
811	97	133	649	662
744	285	134	250	472
1	32	587	710	841
162	306	845	762	552
735	2	275	1	19
431	12	467	406	51
273	564	255	348	909
117	900	953	977	258
812	423	636	811	143
38	431	378	990	506
47	539	32	850	775
616	525	672	443	260
855	493	414	340	717
974	817	306	93	123
13	911	427	949	46
51	405	32	1	999
943	956	920	702	492
251	915	565	137	542
251	577	537	589	934
412	670	755	275	960
963	412	525	690	960
468	867	5	886	755
666	535	564	679	743
292	695	169	712	586
608	783	660	24	266
384	735	53	330	189
972	105	165	795	870
154	564	50	513	899
650	177	33	628	806
225	938	64	520	420
802	220	372	767	550
370	593	484	175	552
501	889	893	496	20
791	327	596	552	536
651	799	217	121	665
597	99	788	966	526
524	217	844	111	782
589	907	508	960	383
751	992	930	79	896
998	760	305	303	388
250	603	190	333	785
53	721	625	960	611
858	558	932	813	622
312	118	462	446	399
360	932	955	400	22
341	277	469	417	488
91	191	145	990	500
471	316	543	769	389
917	943	556	331	743
450	513	218	111	276
555	893	624	644	272
375	9	97	241	226
315	5	682	733	614
610	68	117	953	307
772	50	587	690	554
667	52	562	497	595
452	554	364	293	241
377	97	318	884	675
613	875	73	320	311
299	200	845	63	942
556	329	441	538	670
27	17	232	520	390
405	241	284	325	631
460	949	686	142	23
843	219	208	81	949
256	443	251	410	614
698	823	442	543	314
68	455	557	26	818
564	744	820	534	112
496	694	511	333	275
768	948	718	28	199
720	349	268	784	326
311	76	51	512	927
386	852	214	936	611
19	44	350	151	341
186	982	830	297	615
541	676	907	830	281
927	104	31	181	561
842	337	145	684	906
633	472	357	437	884
2	401	351	160	117
306	332	245	596	2
848	915	870	997	701
682	179	552	562	512
788	516	310	383	841
16	794	338	560	947
54	125	425	891	848
347	363	2	691	131
846	80	815	455	67
29	232	37	742	475
186	597	612	21	469
621	70	157	953	632
915	949	208	943	594
281	874	336	454	485
8	692	994	295	804
42	987	333	320	477
37	462	939	78	989
825	138	212	44	541
102	373	153	912	909
55	44	718	257	986
247	748	245	347	132
627	195	318	279	750
483	406	577	601	855
644	414	347	902	318
29	772	974	465	56
96	819	470	840	30
464	719	533	384	621
872	347	425	777	848
510	799	341	258	433
346	281	79	436	439
227	594	353	248	492
211	914	263	353	251
723	321	946	298	152
883	76	377	481	880
211	453	292	667	828
863	442	827	283	915
726	226	802	410	344
512	844	263	959	117
778	312	836	909	620
478	749	32	247	161
631	525	191	573	907
888	848	42	522	32
95	828	538	891	309
656	870	970	782	396
445	835	353	567	995
334	397	217	552	199
209	439	799	627	68
315	126	814	845	57
934	347	610	639	939
929	499	733	163	134
223	491	313	936	867
409	761	496	796	824
329	944	384	876	217
932	336	694	468	190
674	797	914	818	931
403	247	769	823	774
464	179	80	60	548
977	940	679	332	501
549	956	310	939	994
194	389	734	204	44
71	701	750	11	774
757	60	804	669	808
568	22	186	53	78
799	375	987	487	269
392	581	0	532	424
611	470	680	535	352
640	777	369	513	937
787	763	13	381	658
27	877	209	444	52
768	691	139	774	560
515	783	611	106	131
787	227	3	87	752
74	590	867	776	186
494	643	600	500	505
659	340	211	470	16
132	576	470	403	27
927	342	167	920	517
677	198	210	591	997
337	797	64	729	505
275	654	480	883	79
182	812	495	556	57
775	800	732	261	173
171	70	891	647	371
490	273	483	303	511
785	256	398	95	446
883	625	735	0	75
44	740	971	556	621
804	756	759	487	578
515	996	617	837	359
258	765	813	313	597
953	61	14	75	499
836	351	269	746	682
792	342	947	448	212
980	108	867	208	746
454	736	356	131	624
358	761	772	372	634
151	118	238	960	959
62	201	570	123	741
938	232	514	215	580
446	863	451	68	819
82	491	510	955	262
813	597	665	923	653
960	229	284	429	923
509	727	169	957	659
991	77	274	688	880
927	3	145	923	808
967	602	730	342	587
256	464	493	110	287
406	701	79	353	736
393	245	621	806	819
939	678	952	202	512
757	846	847	65	82
652	571	562	608	362
240	49	111	728	720
980	836	643	696	277
12	812	414	596	935
376	331	506	613	840
586	866	900	974	328
178	577	714	395	34
55	676	803	253	398
229	827	13	951	94
522	879	896	904	533
418	554	584	314	716
688	162	986	475	693
809	130	726	2	549
879	660	289	402	594
781	744	848	704	697
429	789	497	873	282
910	461	88	151	327
538	801	298	409	793
132	573	383	854	548
194	932	969	79	510
325	703	582	74	81
558	942	897	818	593
875	42	356	645	779
553	628	709	867	716
338	502	850	706	594
750	462	235	332	801
401	364	361	717	540
408	648	43	167	166
43	501	983	988	468
684	850	71	859	705
802	314	556	385	683
898	642	998	65	987
852	690	962	730	143
308	40	664	326	399
432	400	544	417	592
576	377	538	346	678
775	639	741	273	466
200	469	194	345	146
206	110	605	530	792
738	530	907	705	924
29	243	8	981	476
104	738	111	375	250
608	807	616	822	566
202	196	118	406	952
493	925	618	258	321
591	279	334	822	908
870	98	434	74	971
439	831	712	89	985
542	938	348	978	950
227	496	989	841	918
79	29	885	796	1
84	375	382	844	752
763	950	652	133	750
202	890	955	578	68
68	559	893	145	92
234	382	918	756	269
332	703	32	480	321
395	646	481	759	753
487	9	514	188	119
639	975	293	118	335
583	42	783	758	334
38	665	769	194	7
463	454	780	47	13
867	393	715	9	16
491	131	95	65	242
164	964	233	603	957
407	797	693	805	742
960	714	689	754	733
478	941	934	736	836
141	582	149	422	596
346	981	740	322	556
843	37	578	69	6
706	262	663	307	567
949	744	254	589	182
111	421	754	697	40
766	361	8	166	21
765	24	881	888	579
690	609	812	57	725
179	648	956	265	346
167	961	764	462	716
81	744	412	94	826
314	580	903	434	50
71	48	349	975	460
41	635	335	606	929
844	769	573	38	149
784	268	252	823	471
854	945	40	326	315
349	146	428	927	968
189	550	170	768	584
533	234	563	677	778
10	555	709	26	3
753	564	991	791	798
226	108	323	463	950
517	170	955	902	960
616	867	136	355	550
335	286	317	497	734
112	913	957	725	968
319	769	628	494	796
210	738	16	896	652
30	720	942	230	159
56	710	363	209	210
545	244	673	123	67
864	417	136	162	954
970	385	448	560	411
858	90	979	386	975
486	14	442	277	658
378	425	461	67	495
680	452	60	565	385
700	391	228	603	938
911	638	677	292	306
386	95	371	14	475
976	386	918	385	559
899	389	7	135	381
281	567	164	586	472
104	511	812	797	790
635	267	368	802	29
927	551	745	511	714
975	818	392	221	832
863	789	775	882	12
30	893	272	822	272
555	111	945	429	681
421	33	261	19	103
64	392	712	131	211
926	969	926	325	712
318	738	429	634	43
187	656	792	348	684
893	172	691	810	121
488	675	833	871	919
605	358	827	465	499
36	536	606	299	939
975	160	495	222	702
159	52	606	330	665
755	692	721	593	915
958	939	1	937	956
820	307	960	610	832
449	508	135	742	276
639	766	936	339	542
693	625	468	826	450
493	118	978	499	723
884	128	338	980	582
46	998	930	500	960
276	67	259	179	408
606	234	581	513	190
798	388	908	162	729
753	452	979	65	114
606	993	885	188	917
346	371	168	695	331
253	293	632	506	496
447	340	303	388	502
724	813	697	194	22
99	803	672	448	472
869	499	414	740	826
187	50	31	656	367
430	989	206	245	155
573	203	85	970	994
288	488	954	575	759
495	697	957	504	828
486	478	322	932	200
289	60	319	833	26
470	646	420	462	211
742	836	799	605	813
540	890	495	626	684
679	971	434	625	872
234	418	460	450	458
269	10	431	959	745
288	829	449	727	252
872	200	790	804	583
171	96	232	521	586
458	613	319	389	109
863	82	885	891	639
757	938	422	407	817
415	911	114	244	440
302	287	546	931	349
645	69	605	773	893
523	918	417	265	242
677	975	851	603	331
424	85	571	12	697
301	973	26	896	220
38	68	842	335	784
983	182	371	147	283
60	624	788	77	917
651	307	878	362	117
302	529	273	431	125
84	98	352	296	679
560	266	783	640	550
661	763	912	628	115
532	788	216	471	966
95	443	949	908	132
339	525	435	392	893
770	160	958	910	252
94	587	454	94	188
23	252	404	489	188
658	660	950	89	797
176	162	282	790	512
571	324	985	348	967
491	114	271	228	920
554	478	143	807	726
277	98	171	553	328
242	590	654	405	876
652	334	511	567	176
689	982	652	847	895
807	989	780	690	817
93	398	658	827	849
201	649	712	210	499
950	537	326	430	714
583	329	895	217	435
199	894	72	482	892
274	640	493	361	197
834	133	463	980	448
284	662	384	640	37
276	974	704	295	675
254	273	452	200	960
171	520	81	592	267
443	755	448	366	278
148	567	64	400	732
285	522	901	640	947
379	57	967	970	672
998	682	62	27	401
230	731	996	415	668
917	63	273	946	839
354	558	868	36	495
827	152	376	796	269
448	870	231	684	395
530	697	229	670	530
188	558	216	826	824
489	372	416	642	390
776	162	854	259	659
607	902	688	529	118
728	691	129	905	140
473	583	967	971	334
430	842	965	560	725
673	371	66	138	141
302	704	68	99	276
263	232	571	402	648
602	904	897	144	245
561	45	667	77	465
822	682	172	641	983
463	600	210	613	65
682	418	925	84	944
803	983	825	25	785
586	884	708	151	296
819	7	688	23	611
833	317	762	861	396
424	976	152	918	697
667	938	786	636	787
323	314	766	40	384
249	569	540	510	688
375	139	225	603	362
955	471	201	909	186
628	145	668	787	272
460	615	198	328	841
314	450	711	508	180
643	591	996	526	769
132	776	941	885	645
328	390	473	648	827
32	242	247	287	177
853	989	199	346	395
280	733	614	894	910
341	880	355	955	861
687	700	263	201	99
686	916	741	806	341
440	426	868	388	685
713	639	261	799	242
985	750	284	704	75
483	382	0	560	758
986	347	351	801	705
530	772	187	906	88
831	297	700	463	767
697	468	118	993	21
970	8	666	195	703
924	151	264	606	23
341	480	975	885	821
58	302	420	649	584
626	148	776	322	238
818	929	608	615	816
112	802	172	413	181
411	113	427	342	659
643	936	286	488	966
560	86	585	892	285
444	384	912	604	65
339	196	36	710	515
497	354	724	898	573
113	588	627	706	807
223	42	353	305	50
452	703	976	731	546
515	402	392	741	162
722	799	180	685	673
730	101	208	982	27
899	437	900	320	125
366	684	794	806	507
41	634	927	452	750
422	232	274	726	607
877	429	498	472	847
52	163	412	473	867
783	414	150	711	18
153	100	319	516	319
450	40	315	785	48
218	219	789	538	585
978	208	744	613	787
348	727	33	410	64
33	684	208	760	160
59	867	961	678	186
334	232	582	87	408
414	551	368	43	867
812	162	64	256	672
813	441	271	854	502
555	488	196	258	660
649	983	663	904	164
894	989	377	921	425
576	548	60	401	895
861	519	542	723	958
244	512	596	432	739
177	55	480	402	604
746	874	464	98	964
704	325	125	581	686
957	319	114	743	334
709	899	702	393	530
371	338	332	620	8
353	908	497	661	236
852	193	278	358	256
439	377	784	445	296
606	280	784	528	919
835	491	298	453	848
743	121	454	993	67
989	890	96	202	24
656	686	25	12	908
775	698	924	796	268
698	906	511	831	603
541	509	892	339	62
432	127	586	914	236
607	788	935	271	568
582	117	656	457	792
42	487	683	871	419
301	914	860	506	703
155	118	656	553	169
98	373	679	981	915
781	581	847	688	757
779	103	386	361	848
906	364	551	176	66
369	703	985	741	59
619	477	939	344	936
447	905	143	845	554
379	245	441	227	853
713	136	115	170	618
513	237	596	413	484
78	768	882	397	669
298	628	197	630	169
981	748	379	631	864
405	183	755	184	816
471	126	988	892	682
754	976	978	432	462
98	569	916	107	777
833	41	877	730	942
536	867	298	533	749
574	853	94	585	96
422	337	72	914	899
84	904	133	331	52
833	157	975	278	636
0	73	400	114	290
365	832	894	509	90
826	923	659	173	93
16	833	894	614	314
702	982	303	254	231
211	810	330	1	54
308	490	382	685	834
841	477	140	544	821
99	322	458	517	896
961	479	484	662	745
736	461	171	175	60
338	84	481	738	260
221	726	55	281	498
279	401	0	865	440
728	427	607	846	493
605	683	783	238	403
942	225	196	76	47
975	671	508	615	651
607	796	913	906	400
452	211	945	872	857
39	712	482	772	19
701	888	306	271	564
107	471	481	982	802
590	834	885	166	290
170	188	499	275	263
665	59	177	619	225
823	817	267	865	479
773	366	647	304	669
453	174	993	239	458
279	891	334	108	292
482	230	74	933	708
487	637	160	355	171
739	848	296	5	687
478	902	381	422	646
153	366	312	894	750
813	60	169	657	508
805	629	862	878	802
142	475	111	6	130
613	751	647	309	694
148	682	270	612	23
693	675	172	360	630
769	714	599	227	759
946	882	532	433	393
5	663	899	416	266
464	986	926	474	909
230	13	144	209	437
263	25	883	830	749
905	305	568	523	387
491	291	42	62	16
619	107	955	912	550
44	274	791	124	626
582	936	435	36	467
753	171	826	840	874
130	567	956	893	634
391	57	812	319	262
830	518	124	711	157
77	625	972	237	587
744	911	562	36	146
628	13	79	990	836
479	86	721	44	674
869	436	238	687	685
413	116	323	505	320
704	565	57	43	611
81	627	579	833	694
30	534	650	752	173
278	706	855	166	149
263	367	348	598	643
383	305	160	318	634
258	63	134	570	218
650	412	847	42	725
234	236	170	269	112
629	188	509	322	266
896	230	29	182	92
506	304	305	756	72
527	299	13	676	617
615	994	706	937	74
181	944	712	77	934
458	927	916	323	246
426	602	762	123	659
540	79	572	532	455
744	78	260	56	12
841	138	39	312	64
115	967	609	640	787
489	737	554	857	863
207	576	118	922	287
919	599	729	4	593
32	285	368	299	60
653	116	89	618	690
761	377	930	429	733
667	519	352	318	999
946	565	30	773	294
391	244	792	954	316
355	749	789	563	508
594	882	105	110	684
70	548	381	117	81
352	971	768	986	287
188	746	716	326	140
861	619	84	951	462
465	982	844	50	814
545	345	910	368	524
467	447	437	468	897
630	616	102	323	53
736	169	574	721	540
327	671	859	420	332
856	417	295	724	226
239	706	721	899	433
428	79	462	391	611
999	393	855	371	150
2	989	327	387	696
351	463	389	867	828
200	722	145	880	14
386	154	260	282	745
891	455	418	840	854
748	680	5	846	496
887	698	478	654	47
685	594	709	905	806
234	806	566	600	605
150	114	597	542	314
555	570	283	974	974
256	507	751	284	746
103	540	134	774	598
177	962	158	935	885
877	890	445	812	234
170	453	835	355	874
65	236	334	279	533
921	244	102	662	327
585	962	145	691	514
589	290	463	823	727
447	780	177	770	40
161	446	93	665	381
170	254	27	992	46
534	310	310	788	448
349	949	543	801	650
445	569	150	252	474
113	163	429	743	311
679	828	160	891	100
926	825	47	450	23
515	224	465	96	260
585	869	395	319	248
75	924	304	729	294
296	858	454	672	870
198	283	900	271	879
703	23	73	715	68
36	517	161	522	633
996	395	993	805	877
94	295	612	131	453
545	695	227	453	6
521	747	118	56	104
116	141	901	609	287
782	520	561	789	69
900	679	755	251	988
968	677	257	729	59
867	158	802	323	736
661	503	408	682	863
591	783	340	781	818
95	548	231	925	460
383	421	777	574	701
698	192	152	208	397
546	817	486	168	60
99	778	210	714	10
262	809	46	32	765
838	496	228	159	839
213	138	999	353	253
892	768	867	550	245
544	640	77	723	859
526	272	666	453	918
465	135	5	813	897
509	958	893	921	797
327	731	930	291	432
599	193	901	256	255
889	210	80	609	56
631	726	180	148	456
710	237	932	846	494
424	719	428	820	458
96	204	83	627	61
156	422	57	442	541
30	867	938	748	18
347	431	99	579	230
136	945	758	660	770
625	101	958	610	370
370	665	848	315	356
140	477	990	951	416
971	138	105	306	650
7	197	625	839	509
208	7	98	168	357
498	701	914	195	407
51	77	124	416	709
561	714	988	294	809
522	367	278	808	634
872	768	9	749	702
9	475	634	690	757
613	236	232	680	575
475	228	430	22	285
948	219	462	159	930
467	25	471	364	561
974	811	875	749	839
372	136	506	473	837
701	909	52	57	997
309	70	492	363	102
787	762	985	229	965
112	531	207	787	232
917	961	123	781	118
614	841	777	453	272
51	232	573	756	85
7	799	525	989	918
168	862	778	102	801
169	620	417	870	298
575	436	699	341	587
533	965	622	920	934
730	654	902	636	489
118	653	40	499	892
424	690	139	561	959
278	164	710	72	809
284	628	519	196	968
147	465	952	99	901
653	925	584	680	939
810	828	733	942	696
763	750	221	942	189
987	605	712	21	376
425	976	827	602	392
573	957	92	834	392
688	748	517	242	156
91	913	601	609	956
681	676	290	636	807
975	233	281	881	457
499	984	658	672	483
791	260	157	376	970
888	996	918	396	928
7	548	82	906	802
675	404	210	74	619
895	203	524	797	256
849	425	469	684	994
766	959	890	911	126
704	781	590	559	209
320	72	57	631	104
452	353	649	817	581
48	623	49	249	107
282	181	866	341	984
385	19	898	698	738
426	726	401	523	135
60	182	40	167	805
834	917	714	786	760
465	151	541	963	995
433	598	445	268	693
503	341	987	884	940
535	325	638	271	249
287	447	930	618	836
872	404	108	351	981
833	480	891	400	335
929	732	294	913	678
61	43	89	366	369
435	529	756	800	191
2	283	483	839	247
747	922	786	29	859
518	451	563	620	197
897	43	853	346	453
564	429	854	254	635
679	223	913	425	812
244	110	605	39	912
428	794	774	879	493
85	12	981	470	561
59	922	45	64	940
134	406	645	167	291
342	575	701	260	140
859	7	740	721	564
15	419	711	865	308
536	603	532	186	116
135	98	681	395	784
443	752	691	53	393
878	915	359	30	55
975	789	737	248	472
441	302	776	644	762
652	543	629	830	648
918	366	311	817	329
995	27	71	453	799
11	624	990	591	863
147	434	83	937	982
574	528	711	696	835
239	657	429	254	29
820	267	589	127	904
853	76	366	212	216
197	238	456	427	624
723	467	707	827	782
643	605	82	743	444
291	577	464	193	315
468	735	324	544	784
961	11	547	685	140
625	699	526	179	305
586	700	992	511	140
45	181	262	121	560
425	586	101	82	148
546	487	97	981	454
507	4	213	367	775
9	370	406	393	866
443	991	107	549	951
232	660	978	37	961
88	50	676	716	694
926	985	163	848	367
90	888	671	702	806
220	338	370	89	659
479	421	327	23	290
300	543	622	781	61
546	336	853	791	536
99	122	406	705	54
579	126	890	505	721
356	216	107	58	256
103	779	141	103	479
671	480	485	542	226
288	164	91	980	975
795	731	531	512	353
937	24	840	950	660
533	46	62	470	774
461	647	782	489	92
531	35	15	291	337
23	565	242	805	700
867	391	802	347	738
364	452	153	142	998
530	609	812	69	920
194	794	166	944	248
196	629	92	723	411
94	601	273	676	675
258	888	810	343	197
883	118	627	30	539
537	711	332	442	961
280	352	558	541	907
843	769	830	445	633
55	225	99	753	506
873	769	377	292	169
7	108	289	858	9
108	642	722	195	208
376	294	100	192	343
834	63	193	85	590
172	143	630	313	58
903	61	459	493	916
441	496	422	884	204
733	8	489	664	139
287	972	236	898	825
901	745	176	377	20
838	228	442	430	811
58	60	290	916	546
417	662	973	770	119
496	853	944	333	945
99	45	781	206	826
117	972	865	197	847
92	64	80	960	59
171	691	887	248	668
192	545	155	892	812
299	357	956	351	842
174	966	802	918	795
472	585	343	406	3
785	169	417	475	831
939	631	874	950	514
137	778	143	175	677
218	17	773	34	441
862	910	469	293	590
512	745	346	276	884
507	656	512	875	1
198	528	495	262	425
455	428	191	205	444
493	415	437	521	535
112	137	103	936	260
12	570	463	611	31
216	733	151	118	425
147	611	976	298	292
765	217	3	377	768
244	77	303	117	693
763	667	715	922	225
224	345	6	499	399
800	423	793	230	984
924	49	353	0	696
522	547	139	260	812
88	973	439	663	875
833	475	581	257	285
356	86	655	586	878
442	73	511	358	579
185	452	799	886	382
956	460	756	99	422
661	583	111	842	691
875	792	79	516	102
297	471	673	370	249
506	504	369	845	163
345	6	445	125	469
943	578	22	713	551
77	978	490	825	616
784	210	96	743	768
365	962	325	662	453
782	794	83	414	125
838	801	304	556	375
967	675	816	855	34
166	841	877	769	408
737	878	24	771	430
289	11	663	290	222
891	84	737	888	584
226	659	779	748	392
255	758	541	323	429
493	69	105	783	342
750	865	407	317	651
182	798	141	195	538
192	852	238	171	531
971	698	555	348	914
865	947	853	261	380
640	733	736	966	522
506	728	585	72	879
493	592	85	591	565
547	550	316	715	534
524	9	122	578	471
243	760	889	791	906
948	279	120	698	841
300	397	435	385	906
694	812	520	870	647
876	257	741	749	641
652	205	578	673	446
755	314	537	932	999
530	919	81	825	62
858	979	894	718	8
222	387	192	76	585
895	131	99	628	658
46	128	811	24	442
9	661	355	378	396
648	901	472	483	186
751	503	328	148	451
698	59	906	762	992
103	578	929	805	74
826	462	798	397	957
860	875	618	139	150
284	852	956	871	944
956	649	962	288	627
76	155	987	186	978
187	741	630	659	488
870	474	627	551	423
996	779	214	531	0
439	295	92	958	251
19	712	957	851	529
775	693	924	427	859
179	441	110	714	32
772	804	398	394	269
338	22	122	42	93
814	715	506	49	299
735	329	24	451	395
262	667	193	957	522
651	199	992	789	976
773	411	727	432	25
872	259	97	975	468
668	318	400	188	886
117	314	638	633	385
568	124	96	221	585
320	884	208	657	465
563	331	172	614	183
629	267	612	185	557
705	818	335	191	499
663	42	968	267	21
209	802	767	795	765
811	802	206	925	628
562	635	477	35	365
871	115	850	318	284
645	234	46	453	695
831	39	255	57	159
571	253	256	12	333
349	943	180	29	103
828	106	827	223	13
617	567	575	939	971
840	192	924	607	817
47	128	725	731	877
992	419	801	178	928
831	149	40	971	666
936	41	505	869	488
630	235	320	220	81
631	805	47	967	579
422	624	614	581	280
787	646	714	608	258
594	29	424	19	51
840	189	113	829	765
349	158	21	903	523
457	726	786	682	569
715	884	140	759	604
733	112	842	363	777
279	855	647	505	130
818	826	386	943	325
300	93	285	627	810
397	756	447	114	197
479	955	36	891	169
77	114	286	876	753
501	658	125	676	909
69	996	584	448	82
354	832	613	921	180
399	548	710	203	46
165	943	582	632	412
286	90	720	85	598
505	893	464	386	42
708	34	710	941	130
87	888	638	488	360
767	848	219	538	985
138	13	624	928	998
767	134	298	519	999
455	740	70	364	321
256	869	556	110	237
686	660	310	871	97
493	831	813	425	369
338	865	511	655	98
521	248	710	278	980
244	567	855	148	410
992	150	572	117	771
967	803	497	558	389
828	302	919	319	340
718	674	923	109	519
495	360	233	161	34
951	978	403	410	928
205	114	807	929	304
109	454	896	348	985
154	80	21	608	184
362	352	515	210	36
181	486	65	124	967
748	106	4	217	690
474	845	502	8	361
234	720	543	499	839
664	410	999	996	611
463	24	558	353	91
176	785	95	325	975
707	116	492	744	850
181	68	633	259	667
888	279	720	609	317
679	358	580	496	807
234	761	451	770	856
441	215	540	2	489
394	521	453	84	341
598	205	894	445	256
456	505	161	434	519
592	851	825	998	440
131	821	447	717	147
737	771	168	760	833
188	118	607	286	319
735	493	499	177	655
331	590	620	223	681
367	742	53	891	923
474	434	745	932	622
546	795	435	66	935
334	168	786	748	239
764	538	319	344	388
419	54	112	910	760
116	840	7	623	492
360	572	238	294	259
628	283	741	863	419
738	137	525	484	566
520	0	546	120	518
57	886	86	410	803
509	469	826	549	499
443	555	66	332	53
583	626	612	510	13
198	8	576	589	503
786	942	733	261	497
194	909	938	848	24
759	423	151	720	721
860	656	894	670	10
269	345	356	579	662
725	504	179	662	390
332	267	261	472	417
162	153	249	845	719
455	976	996	359	541
29	338	281	330	337
813	157	130	339	562
317	795	884	33	819
917	234	86	971	0
905	82	138	818	868
596	924	279	229	99
440	726	449	155	84
392	522	498	227	382
251	770	719	348	622
17	370	75	516	17
639	462	453	317	842
746	80	490	885	915
583	761	90	972	429
830	0	189	451	395
639	475	405	572	189
55	888	740	966	139
580	961	701	499	818
861	253	56	119	837
430	177	971	352	640
861	476	441	709	235
414	16	546	721	819
540	872	179	712	723
777	648	462	363	77
957	552	565	527	613
630	110	168	219	658
897	485	804	575	647
29	938	954	819	154
246	970	266	276	484
748	459	79	809	112
34	343	963	198	766
856	973	524	932	58
249	2	251	671	748
596	169	315	236	844
543	230	714	222	227
793	269	627	169	114
833	307	336	75	783
55	159	577	843	768
17	591	673	845	552
890	716	298	397	360
518	560	501	380	974
636	55	499	128	324
99	326	118	946	896
862	118	81	283	571
498	753	738	50	524
531	959	35	886	670
932	402	620	177	284
158	408	590	240	783
373	772	224	934	740
890	787	942	262	355
883	683	105	998	348
41	826	308	218	30
870	680	805	705	879
883	792	87	845	701
262	942	804	317	989
390	611	365	140	749
60	824	861	346	401
338	859	707	335	502
111	72	895	818	236
883	862	321	199	478
259	552	754	770	458
121	483	342	772	436
283	701	62	458	159
550	188	34	359	925
638	628	371	172	111
787	955	802	347	313
840	636	982	921	919
586	128	414	655	788
948	322	871	795	118
825	304	232	703	186
125	207	356	381	378
739	632	38	69	936
349	185	229	645	934
925	745	990	707	292
233	605	846	928	563
799	740	936	606	408
805	981	427	219	815
863	657	310	282	317
850	633	873	616	315
576	983	654	141	757
14	903	999	296	255
994	995	554	590	514
71	265	151	851	53
37	232	261	137	648
411	771	269	164	438
280	126	108	543	933
169	96	836	318	623
503	59	219	178	86
402	957	221	279	561
164	90	506	861	303
640	465	65	299	112
45	754	925	895	3
995	362	608	323	80
37	986	570	206	976
378	13	27	523	990
109	71	10	859	393
766	239	929	937	919
786	887	16	750	36
404	283	742	68	418
158	482	352	478	52
147	302	388	555	869
896	942	470	56	362
324	942	999	662	635
891	776	114	101	534
96	360	638	607	226
958	28	574	856	155
602	811	404	744	303
622	853	578	808	141
512	849	514	710	748
805	67	107	751	588
486	128	11	858	879
407	564	339	732	779
802	978	450	951	852
502	958	997	0	191
762	275	749	356	48
26	130	578	976	272
359	304	168	417	703
233	939	615	930	45
176	620	898	915	574
848	729	748	258	293
810	352	598	239	393
647	62	495	196	35
964	578	773	484	401
114	584	835	393	181
531	319	414	132	765
378	778	377	745	262
163	448	340	460	522
190	276	567	677	153
4	933	689	538	71
882	762	544	90	353
521	711	530	684	911
548	41	462	392	395
807	580	272	133	245
529	206	805	813	625
475	326	845	103	770
444	618	121	550	246
75	154	562	176	871
622	187	25	589	47
648	318	62	552	955
76	788	235	477	366
251	314	872	477	738
41	994	914	543	485
684	892	252	812	878
2	808	632	881	929
391	476	217	871	433
45	853	12	377	545
784	156	803	789	160
355	972	401	693	690
284	993	466	591	626
338	883	409	182	932
390	975	507	396	354
295	770	456	858	775
783	49	633	992	391
570	453	936	151	882
322	61	117	503	989
340	225	304	474	710
414	670	380	485	63
262	454	46	150	931
187	727	993	859	579
796	580	171	833	813
42	564	934	193	672
85	846	791	435	720
756	15	136	711	766
762	372	102	402	595
852	903	929	883	162
283	117	405	567	979
198	692	202	552	687
413	773	863	641	239
328	309	148	214	236
389	444	563	39	832
276	733	818	502	990
963	19	326	40	567
406	805	715	829	252
218	2	648	638	461
236	818	745	615	674
541	151	433	542	269
667	618	658	590	942
525	743	115	432	549
414	40	137	710	723
656	394	249	879	491
126	493	696	265	60
769	791	761	53	481
921	254	42	714	384
975	121	296	696	148
382	482	179	951	412
299	527	637	251	77
138	981	407	894	883
141	501	958	992	505
432	279	52	78	426
124	221	807	389	750
596	802	626	604	248
161	473	974	479	436
707	865	889	884	185
464	587	193	774	497
457	779	705	535	505
545	194	274	859	351
247	977	883	532	194
388	87	9	442	313
912	115	550	377	892
161	200	405	694	125
848	192	494	806	679
706	595	682	714	28
207	779	670	599	28
321	522	947	622	397
521	843	662	598	546
609	852	948	496	761
36	530	299	840	900
685	691	622	324	61
579	78	38	510	595
623	501	955	447	239
238	922	982	497	370
126	854	63	547	712
403	3	83	122	842
590	233	441	985	762
390	429	209	956	623
392	585	668	59	983
70	209	334	711	124
313	321	759	992	352
588	975	475	339	724
282	728	496	683	209
236	385	679	237	702
251	353	145	396	842
196	801	575	94	498
410	361	269	919	11
550	8	659	696	172
809	964	799	639	294
516	850	382	124	879
696	226	87	815	833
577	9	650	597	216
794	684	497	359	659
742	110	175	758	572
105	223	907	736	239
309	700	95	683	829
58	527	912	11	719
885	201	149	210	745
615	343	169	411	489
491	780	210	137	724
855	598	670	795	171
393	607	971	670	563
495	546	368	899	226
605	724	616	69	375
186	849	99	920	425
266	250	949	605	655
127	275	587	881	989
450	817	855	759	458
36	365	933	83	961
718	780	383	56	873
217	542	201	872	403
481	221	934	233	863
872	335	611	89	661
378	610	722	791	988
575	315	434	327	526
608	763	94	95	126
813	672	418	857	899
187	124	84	998	449
448	127	448	349	473
614	719	189	204	519
127	192	100	654	442
605	963	921	879	924
57	685	659	545	535
666	785	878	151	835
432	975	950	479	80
12	802	763	957	259
253	40	146	383	711
41	128	326	314	162
378	962	77	667	756
615	730	538	690	831
894	955	528	981	242
321	383	42	495	779
325	196	962	99	479
380	499	481	22	920
796	773	485	135	417
909	736	630	801	521
278	856	922	878	428
725	136	567	590	51
648	657	86	668	919
597	496	577	27	604
221	377	105	845	289
128	492	350	133	540
462	943	942	152	822
685	487	845	494	16
985	794	961	860	28
517	616	172	412	543
962	201	914	830	9
316	422	993	844	800
425	102	640	360	75
605	145	494	608	362
370	281	769	96	147
574	294	156	947	624
115	445	613	953	683
859	999	646	652	321
889	997	32	985	736
136	236	594	601	333
251	638	835	178	969
158	862	622	643	612
601	538	880	550	103
579	333	23	410	227
838	762	732	626	372
386	862	702	515	763
875	125	398	317	343
512	961	481	849	434
952	973	802	155	527
226	320	645	407	232
293	431	427	256	953
609	557	405	923	535
743	252	467	350	998
474	324	347	774	720
317	820	386	461	107
875	231	784	998	26
405	979	164	784	771
633	110	925	950	914
27	662	380	216	944
733	32	319	26	653
585	35	123	894	948
692	511	356	619	357
244	679	952	897	781
353	105	267	433	796
320	891	939	288	68
937	612	368	458	363
605	371	640	269	126
736	331	232	79	199
619	376	125	628	931
517	79	897	316	668
26	342	4	539	978
685	309	579	821	492
344	295	805	424	630
521	507	311	541	240
742	543	936	164	56
57	258	957	887	938
191	7	963	829	369
313	549	528	594	160
171	948	471	997	212
174	884	115	17	619
115	782	951	707	53
695	566	885	604	286
278	970	190	457	684
357	665	453	99	545
2	847	228	52	729
61	288	342	245	875
869	641	521	998	882
589	132	188	795	64
567	122	756	509	31
978	322	888	491	52
830	183	957	201	154
612	470	461	170	311
735	398	588	227	414
489	739	161	849	562
129	889	538	949	197
60	396	246	915	500
410	71	277	765	443
495	211	965	208	169
773	480	852	376	919
444	196	180	322	894
977	146	956	607	690
879	559	379	254	764
928	887	549	494	489
585	218	298	24	168
113	382	285	685	717
547	389	244	630	680
862	436	647	131	528
736	840	391	596	230
479	777	508	530	370
424	461	368	653	975
218	13	150	757	427
233	940	428	377	179
857	314	918	485	124
791	898	109	749	652
358	833	923	3	547
833	906	610	813	907
533	407	709	496	386
455	971	587	420	191
968	449	385	778	159
873	620	484	379	982
558	196	384	794	553
274	447	39	676	691
353	85	355	275	309
908	964	910	785	268
677	383	499	286	127
279	574	33	41	952
843	676	59	51	10
497	412	314	928	338
651	470	405	250	204
4	959	947	275	327
677	675	408	166	508
172	975	479	988	300
685	559	551	299	372
68	812	631	87	35
431	14	2	161	542
297	664	916	90	928
208	609	444	444	171
34	838	942	925	690
48	702	493	914	605
322	725	553	521	361
257	768	978	407	237
890	71	453	845	324
668	555	151	696	239
104	11	266	369	63
34	595	874	119	852
25	27	88	397	227
478	320	363	453	51
747	103	829	582	16
477	372	914	594	842
402	380	988	951	503
270	681	373	132	340
893	140	732	954	158
510	664	28	503	883
892	616	303	20	205
619	654	348	100	61
661	178	287	939	190
381	821	29	232	20
609	11	687	407	363
735	234	616	175	644
427	201	961	462	445
799	327	50	289	521
249	78	107	780	419
4	586	580	891	181
790	19	893	29	819
115	915	155	390	540
945	761	696	947	193
82	162	823	632	490
996	983	335	742	110
282	117	450	445	383
607	999	795	218	281
800	75	977	356	900
308	276	412	246	181
500	0	510	94	763
305	964	132	141	482
8	888	480	545	141
328	928	984	687	856
270	20	47	576	962
87	275	219	233	182
607	435	373	909	8
648	611	864	917	959
612	592	82	845	246
465	497	623	958	67
333	65	826	698	418
643	236	721	287	509
682	145	990	340	277
563	864	789	114	386
409	475	954	890	248
47	766	839	179	382
172	143	767	870	309
226	504	253	525	287
751	367	573	595	514
456	215	448	295	998
680	902	146	717	828
577	586	342	468	920
325	375	953	441	889
524	675	479	646	132
95	643	562	291	901
70	667	877	322	406
283	316	205	184	782
772	435	483	812	126
645	439	873	628	110
54	169	918	349	478
681	416	853	563	89
594	558	269	916	665
554	54	693	541	576
165	384	775	435	484
987	553	906	824	583
373	675	306	841	534
592	645	95	862	308
555	195	76	554	408
158	98	440	680	608
618	88	505	511	816
608	654	455	190	512
408	584	441	188	441
788	990	665	308	73
424	216	694	890	252
901	97	406	923	700
533	708	688	855	384
106	906	761	457	488
87	373	355	778	143
901	858	985	347	361
895	992	19	604	405
85	438	332	790	929
645	419	96	849	648
778	352	115	618	452
881	403	18	435	994
174	839	484	852	230
184	228	676	98	315
671	808	833	975	865
287	585	738	516	168
672	764	157	220	723
532	598	432	413	951
796	756	607	866	282
550	760	372	794	886
8	695	22	574	787
866	466	455	174	955
765	983	21	806	977
562	310	658	721	508
562	244	157	288	149
581	515	570	297	316
624	750	703	173	178
114	853	514	436	612
614	246	939	619	979
611	477	38	669	237
329	981	265	602	543
645	134	155	929	811
37	496	832	130	888
358	280	345	804	808
432	72	978	177	814
687	420	453	322	19
379	130	851	64	458
881	832	551	920	562
299	367	769	427	812
846	63	724	814	591
194	546	228	298	16
194	540	127	375	855
834	572	668	431	752
80	119	32	427	534
269	729	339	771	475
290	660	658	315	21
893	104	720	839	428
274	387	510	707	615
110	277	880	91	240
448	772	247	690	851
984	719	548	742	881
827	194	12	843	420
517	639	607	466	347
373	862	987	371	221
653	652	734	65	983
329	669	765	820	944
841	504	538	893	234
648	421	356	769	429
543	524	541	788	146
638	300	835	968	778
371	823	915	403	384
724	972	849	852	199
270	112	429	237	824
561	763	929	619	102
769	131	573	897	85
971	797	861	550	567
999	376	989	838	36
317	953	470	926	17
511	619	95	52	184
902	571	71	578	38
540	65	716	70	12
526	483	396	353	845
401	410	68	618	694
967	812	387	519	131
148	361	845	805	834
762	197	341	750	30
209	709	859	245	171
59	141	597	307	609
754	620	479	906	328
533	492	397	422	375
936	234	398	30	703
429	813	555	391	248
124	584	390	124	629
652	624	235	481	648
135	444	967	527	387
507	725	122	115	873
446	451	240	888	38
603	698	815	327	911
236	952	580	624	97
765	209	94	962	834
736	943	567	60	173
781	707	604	655	668
757	636	171	318	295
131	881	385	239	580
654	354	680	895	835
928	876	126	88	204
696	871	399	286	36
786	164	673	623	199
295	765	101	729	913
704	605	793	316	474
711	212	937	107	977
385	943	133	216	546
407	311	775	943	456
799	264	177	981	938
234	456	342	872	485
117	582	680	433	882
429	727	490	664	375
440	725	183	976	509
236	619	33	443	714
594	860	260	767	812
854	322	473	541	411
845	39	836	172	617
181	821	467	276	213
683	523	818	124	807
649	599	336	993	1
420	278	611	298	682
602	294	340	289	479
658	197	673	206	971
125	307	126	296	147
981	343	420	205	567
895	40	400	857	719
55	515	30	323	145
982	245	968	818	617
785	233	426	967	331
445	812	540	975	741
925	745	842	606	680
696	934	956	593	198
162	298	480	646	893
262	797	475	3	319
825	410	154	770	409
26	316	1	668	359
717	712	457	798	486
243	599	628	269	517
953	718	518	16	273
943	429	111	68	996
140	575	531	85	764
700	328	709	165	631
444	100	795	328	202
472	759	69	576	845
80	153	555	103	107
305	768	524	858	610
608	11	636	867	57
529	162	351	701	517
691	964	355	342	777
743	74	160	549	516
398	178	302	525	107
749	743	290	710	552
268	903	310	355	43
517	424	517	567	828
609	241	80	219	825
955	900	542	155	769
291	503	759	478	561
609	750	812	471	309
914	808	513	366	868
11	715	794	102	323
102	173	86	961	383
131	25	684	861	230
373	865	422	496	167
817	327	233	687	497
34	534	327	823	447
631	558	334	125	943
762	214	65	533	42
837	780	937	237	982
839	895	804	86	537
586	925	158	399	861
703	278	792	406	551
950	345	643	396	667
89	555	252	352	619
476	445	579	605	929
938	438	514	768	557
798	888	273	464	624
745	611	200	252	97
906	908	392	522	624
854	766	119	225	467
975	751	322	676	572
543	312	194	332	272
548	155	820	13	666
799	887	657	212	361
23	471	600	683	821
906	532	711	649	176
863	79	595	495	744
275	388	710	674	578
748	993	88	568	647
885	916	683	832	155
756	86	915	469	237
588	836	895	994	91
29	783	873	209	311
953	323	770	226	98
851	93	693	975	606
692	13	212	142	538
163	905	9	485	457
688	976	389	788	953
912	841	272	521	204
0	516	877	131	833
813	290	147	943	978
678	200	819	107	234
933	922	459	510	33
346	368	283	477	763
861	241	357	836	61
519	736	996	52	62
782	341	399	866	800
531	597	771	491	464
882	219	800	663	647
20	92	713	476	100
817	422	79	517	553
17	218	949	481	539
405	115	732	70	481
576	680	37	572	941
436	32	350	857	998
220	108	650	146	46
704	709	31	352	736
822	876	550	558	187
566	700	681	136	740
534	483	126	161	741
242	293	999	726	909
517	668	249	413	559
302	186	243	868	314
918	428	630	98	318
685	889	494	870	10
841	401	741	834	390
359	417	647	181	817
216	934	500	513	972
941	329	257	153	504
770	99	100	78	134
171	938	577	823	423
844	496	439	863	492
190	584	615	108	281
111	107	81	102	50
33	635	615	621	327
610	983	166	254	282
234	897	525	510	355
211	854	512	712	205
587	215	678	905	734
295	893	833	512	314
615	285	438	41	411
862	242	838	78	292
503	366	233	4	969
43	38	846	530	20
863	300	267	37	423
868	990	915	768	75
584	641	223	821	154
803	568	482	304	289
721	463	920	219	319
423	722	164	896	395
50	608	730	411	467
618	223	656	951	716
610	901	86	279	300
289	885	753	261	317
28	958	428	112	79
681	246	647	708	604
276	479	471	386	530
2	9	439	363	418
994	546	743	109	798
702	418	346	61	517
947	806	951	64	695
705	869	916	645	840
810	366	944	427	972
985	693	731	319	27
815	308	739	982	889
246	371	33	273	716
43	63	477	504	837
891	103	282	666	137
716	852	968	333	791
324	325	311	983	389
130	692	809	306	206
268	756	504	127	486
629	170	356	432	42
742	281	411	268	316
353	757	200	178	930
207	266	377	571	961
84	662	685	120	966
444	831	672	895	819
192	232	18	570	602
527	380	620	231	18
629	229	276	495	34
520	161	195	445	217
522	949	929	660	601
157	923	370	143	140
626	617	882	503	63
564	642	861	37	333
847	559	358	117	396
874	205	786	959	883
798	98	110	908	961
275	668	822	228	312
918	378	694	185	774
729	144	77	446	997
595	342	47	256	876
969	533	369	3	234
98	709	273	439	254
311	757	436	963	900
683	134	111	160	446
50	959	618	592	620
379	828	632	208	279
876	661	497	147	137
827	438	572	84	102
508	275	973	287	89
953	331	616	919	332
272	68	391	903	414
669	357	554	711	928
388	504	462	868	607
463	29	348	130	22
324	749	317	239	340
909	716	60	509	505
621	546	237	72	277
288	57	34	6	996
90	206	635	191	427
832	333	954	631	302
863	966	810	293	696
468	195	628	132	942
985	487	396	29	238
243	420	337	348	691
439	305	624	901	461
481	571	80	900	244
753	541	83	392	24
179	984	581	782	946
954	89	134	410	614
45	999	870	227	451
372	934	835	403	695
52	539	902	423	223
709	948	763	89	417
506	796	915	708	438
211	273	673	120	391
636	68	754	838	864
275	319	42	642	964
987	467	301	476	594
886	870	402	191	303
555	711	447	540	434
605	277	592	607	395
596	788	88	256	549
522	250	215	687	885
797	864	945	367	232
769	765	184	570	814
802	411	446	16	289
262	256	31	163	513
505	421	833	954	283
366	588	880	599	203
865	915	340	102	629
432	873	957	365	562
715	259	80	10	472
223	673	193	958	32
318	958	618	712	350
206	377	287	223	176
568	450	831	871	106
649	258	970	858	936
394	646	507	3	698
605	947	756	108	993
542	630	375	520	1
606	80	41	731	647
734	395	259	778	381
114	323	849	630	470
98	649	543	438	520
882	633	400	35	467
849	807	796	287	379
209	313	993	215	909
919	49	911	21	327
576	313	652	546	879
941	501	999	900	165
803	680	901	539	456
819	216	192	13	674
983	402	939	722	625
757	485	105	116	190
218	157	905	541	283
551	933	792	254	325
401	324	404	362	248
858	705	639	393	101
19	899	996	187	749
583	169	370	928	232
924	995	50	676	875
336	578	139	346	199
467	314	520	354	418
673	104	472	7	483
214	167	13	143	361
737	873	405	977	853
488	645	743	885	317
302	461	927	154	625
266	514	607	508	361
953	514	768	449	364
36	13	806	462	756
131	935	300	69	972
214	676	604	680	114
506	558	839	705	682
108	316	762	444	782
290	999	811	561	320
59	986	430	457	519
582	376	537	451	775
683	815	912	19	767
910	223	66	17	208
981	309	356	445	322
703	450	546	500	748
608	247	354	39	713
438	40	355	646	981
788	773	631	997	864
731	302	123	53	37
767	970	561	290	261
362	971	100	806	756
692	239	349	608	722
73	804	617	670	64
377	473	787	381	741
427	996	634	798	759
528	32	626	786	829
425	246	918	773	324
926	716	365	733	463
101	576	523	4	243
350	627	145	447	398
567	355	784	827	974
955	217	400	826	602
289	253	868	155	923
630	922	971	983	318
9	693	45	714	468
493	249	688	629	235
697	296	577	508	172
787	96	290	904	802
616	497	866	285	122
631	422	402	729	975
243	301	586	632	271
906	981	197	346	955
159	7	160	122	582
103	968	369	176	23
564	915	137	792	347
365	114	270	273	769
14	324	45	716	259
500	827	278	315	179
654	383	261	154	919
944	235	611	322	785
41	531	964	736	478
588	319	512	6	627
435	330	27	243	343
156	342	800	313	972
583	709	821	605	496
805	212	335	0	943
145	173	260	930	216
150	495	858	483	535
350	489	625	484	156
909	983	37	970	880
115	896	42	812	57
585	771	341	402	454
827	732	274	471	69
829	720	399	843	853
483	915	5	109	837
218	14	114	845	338
962	93	554	181	921
823	392	992	84	297
836	658	336	675	582
102	526	75	75	870
584	507	708	462	945
673	230	275	508	216
812	281	246	635	38
96	352	469	8	384
888	33	715	359	542
298	385	299	9	545
637	464	624	858	500
77	829	691	415	386
481	731	68	97	114
473	69	64	33	518
286	190	120	58	765
741	837	635	826	440
595	448	310	770	569
817	272	304	185	328
574	63	441	960	891
878	574	633	155	435
41	416	730	5	985
866	150	84	756	902
352	41	84	413	804
916	841	686	73	402
870	583	927	976	488
834	149	305	139	991
324	115	495	564	806
665	301	351	454	868
552	348	761	982	423
146	840	127	201	702
917	712	252	573	413
364	123	108	769	109
511	414	806	585	422
662	549	79	356	233
811	405	561	440	247
300	29	301	151	708
593	217	142	632	654
860	624	739	837	396
281	141	89	767	249
384	672	557	624	601
12	150	839	758	696
836	979	886	629	976
384	264	980	576	330
399	912	886	427	774
534	753	460	326	851
263	161	109	563	684
429	874	769	983	253
664	738	390	47	105
406	298	479	492	322
286	563	346	838	713
839	945	279	199	829
650	500	270	475	656
465	553	538	669	937
615	774	363	966	283
918	839	864	710	905
787	857	414	99	728
966	809	767	934	262
391	153	543	162	625
788	545	59	614	317
75	572	970	72	782
972	932	519	72	248
896	978	12	799	64
643	291	177	786	965
18	322	252	439	508
886	706	745	381	439
731	328	254	919	509
907	682	60	984	164
880	980	398	581	716
894	59	288	603	428
838	92	357	739	527
257	920	394	159	412
307	640	181	671	240
39	763	480	418	420
684	102	862	156	648
821	465	750	977	750
308	325	264	344	3
333	49	387	443	642
253	596	215	803	847
832	397	436	503	415
407	328	775	33	273
328	959	401	208	261
400	395	437	929	930
428	342	908	796	880
58	525	439	12	11
359	344	35	171	843
787	452	955	814	693
110	554	626	804	588
890	221	804	357	675
462	487	985	54	875
941	11	152	390	620
518	116	187	769	904
449	531	530	444	766
256	897	554	400	823
439	56	384	53	202
807	924	911	82	223
680	280	162	867	565
788	224	223	101	784
642	61	430	497	381
719	614	806	494	727
89	0	531	726	227
647	277	250	754	336
440	522	894	759	49
184	507	868	601	20
614	678	540	29	320
560	994	131	585	706
733	849	147	812	31
230	471	589	668	654
127	598	654	325	744
191	750	60	332	600
193	831	631	451	34
564	114	316	997	779
56	700	637	852	838
276	694	489	315	444
29	305	993	853	263
888	8	110	80	189
422	978	510	280	576
425	969	630	385	195
609	469	151	153	87
168	889	958	161	739
643	941	205	483	214
667	938	589	380	853
583	748	601	667	915
48	745	849	532	694
496	344	776	166	9
526	598	393	640	444
83	186	170	579	264
992	827	434	851	318
80	514	458	534	259
904	457	121	595	852
696	464	562	515	861
228	65	153	972	329
680	956	604	759	142
216	216	301	153	914
562	928	309	645	513
49	713	174	314	103
914	795	490	293	861
179	901	146	441	380
878	614	489	757	974
952	536	909	545	998
946	874	144	863	963
268	467	160	958	76
776	978	29	521	160
222	329	208	687	601
867	969	812	319	926
213	749	222	704	685
109	152	782	292	661
404	757	626	757	518
946	228	850	58	871
415	729	845	134	315
874	38	48	913	526
304	757	228	623	394
668	678	47	776	995
175	575	866	209	589
547	921	871	404	783
721	786	556	529	552
23	644	517	130	969
602	894	213	162	733
370	215	666	481	239
356	861	94	503	128
253	848	603	615	282
996	387	522	353	132
642	162	464	477	884
21	562	399	137	74
333	44	330	780	304
638	88	386	571	767
883	926	339	374	884
470	464	533	556	883
588	912	238	537	714
690	729	127	110	274
198	726	215	546	359
30	21	487	499	107
37	313	815	775	823
527	787	237	100	843
814	90	745	164	662
793	630	361	147	37
622	670	706	818	561
0	943	927	52	182
15	707	587	747	555
302	641	415	167	611
830	987	476	565	569
962	582	172	123	105
240	374	975	23	705
96	168	904	574	837
236	421	30	587	673
261	902	898	428	559
450	695	915	603	254
602	554	362	623	485
180	792	427	351	537
137	105	60	299	975
857	511	888	914	213
499	430	146	941	620
595	171	665	136	33
867	660	298	841	498
86	113	145	814	930
513	390	880	930	793
169	444	366	206	302
325	865	284	331	766
899	272	686	876	532
526	959	911	983	312
862	575	81	737	554
371	400	535	871	146
870	663	140	91	729
65	652	892	896	499
584	712	516	781	376
199	568	903	712	628
211	824	110	983	640
827	834	569	877	495
295	930	922	120	751
147	949	183	539	418
968	80	574	748	939
885	476	525	280	335
646	414	517	553	960
114	332	155	991	265
672	958	274	294	305
1	784	704	45	350
332	167	743	234	419
767	522	460	715	694
72	972	53	396	943
258	921	622	703	972
282	642	909	910	891
909	836	497	256	284
767	215	6	658	963
912	762	321	508	798
223	927	9	817	574
759	371	673	66	361
289	248	286	469	131
831	825	121	439	424
992	98	268	635	916
46	457	510	593	732
820	662	316	613	847
74	936	125	172	420
438	128	506	219	997
191	580	238	503	571
257	74	503	850	221
406	154	661	994	834
189	327	387	293	933
996	993	329	613	676
279	489	778	158	194
907	460	466	453	504
575	451	472	974	376
514	380	10	390	856
251	781	774	761	902
711	885	486	453	296
181	844	820	259	256
115	378	97	445	453
643	66	273	116	822
492	676	76	604	379
364	859	308	857	818
701	563	18	67	734
969	791	592	554	824
703	309	314	161	714
307	757	631	304	732
27	11	551	45	27
255	14	547	399	735
742	271	434	167	24
687	982	831	104	694
688	628	237	366	992
57	880	839	756	564
362	30	190	600	219
761	548	933	646	726
560	881	663	564	704
238	348	216	49	202
728	609	770	271	843
428	883	795	517	106
149	233	675	511	44
422	585	521	565	244
981	872	367	577	606
131	164	909	437	106
533	866	423	989	347
400	922	960	919	484
570	675	74	757	840
343	953	895	508	77
26	736	534	616	775
34	452	266	568	764
873	420	460	48	236
386	153	937	613	390
398	669	899	98	866
299	664	542	752	796
659	675	290	182	567
901	204	123	146	120
768	835	832	693	831
574	723	465	749	834
85	329	55	986	923
661	137	721	211	838
652	194	582	189	550
753	527	734	762	141
781	583	532	12	899
579	495	571	329	860
178	694	724	290	271
791	389	982	596	424
73	528	398	776	59
290	626	874	934	187
958	325	388	613	149
844	925	706	411	891
549	783	777	854	40
228	499	306	864	293
621	826	961	605	283
286	909	818	741	363
70	432	109	635	680
6	108	13	116	436
791	141	706	447	212
839	335	624	638	97
849	232	95	502	875
771	273	483	988	734
414	47	21	423	530
836	462	637	904	46
888	480	142	122	472
403	725	184	867	859
710	920	756	393	758
241	523	417	549	646
215	467	687	476	395
456	513	807	480	711
105	753	659	392	174
873	128	211	412	279
637	337	394	174	767
142	803	690	5	72
819	161	804	868	747
577	223	391	476	749
577	280	180	736	673
490	833	838	422	529
281	324	942	828	952
583	196	451	230	734
375	910	760	872	236
514	27	957	668	803
567	299	593	842	197
447	500	140	529	584
244	536	694	260	829
642	34	110	114	512
483	837	607	234	60
417	379	570	354	278
848	157	135	910	545
398	790	920	991	896
17	667	557	291	750
114	737	771	230	201
863	911	996	170	434
95	540	130	164	928
281	694	252	134	429
813	785	170	559	937
848	299	303	798	503
177	161	57	872	167
221	241	231	776	616
492	882	136	16	546
357	694	347	245	543
45	459	699	680	818
289	31	735	445	856
177	705	559	2	875
98	901	312	794	577
304	150	456	777	941
799	580	394	51	854
816	449	166	433	885
414	228	785	524	252
678	497	297	807	245
445	154	848	825	951
590	704	494	523	19
363	25	839	254	243
230	309	457	54	867
228	655	368	696	958
239	969	941	45	651
967	518	469	674	194
186	960	703	814	260
596	847	690	745	652
234	151	926	771	484
437	441	624	420	361
246	971	173	892	749
341	270	17	321	85
374	862	851	463	953
458	211	862	96	568
469	964	444	600	862
735	548	886	168	337
282	394	106	77	395
768	382	472	860	302
232	365	561	487	450
444	942	269	96	954
729	241	179	914	240
234	421	529	375	182
23	49	951	787	559
919	685	103	895	970
731	990	317	528	443
482	10	763	446	447
630	319	8	777	451
855	353	774	284	262
503	336	889	79	753
854	965	7	939	817
313	275	179	199	748
628	286	712	187	472
543	45	417	574	854
513	481	983	591	57
252	372	94	712	492
614	938	496	54	984
819	872	959	679	759
380	300	418	254	158
337	591	918	627	410
386	526	591	861	193
61	352	687	898	706
868	262	165	499	223
303	214	786	997	944
181	512	578	834	645
138	324	678	223	268
930	1	370	450	97
580	267	236	330	403
907	105	950	170	584
530	70	730	604	993
790	279	262	887	684
480	720	316	926	46
252	723	831	785	414
628	737	426	360	198
731	837	216	993	566
433	304	978	393	618
272	919	525	535	134
607	601	487	423	242
450	510	744	857	939
945	566	344	449	904
969	807	278	73	318
124	890	431	61	617
521	988	548	287	75
512	943	525	849	59
309	877	334	576	257
186	702	540	971	871
278	6	769	152	769
23	109	461	521	72
856	120	94	476	808
210	849	567	436	713
350	123	681	151	169
917	869	446	935	433
355	146	135	563	534
475	497	311	870	105
399	837	944	379	855
131	460	820	430	609
487	6	113	435	594
954	943	771	188	438
856	203	785	926	978
961	443	482	85	138
164	958	62	923	364
254	186	513	725	455
611	939	529	625	553
497	118	279	684	972
652	547	818	712	926
918	290	586	856	725
459	316	172	547	560
465	766	563	832	413
580	190	777	410	994
889	437	529	244	543
976	392	19	223	795
450	18	115	744	842
763	710	98	987	813
499	81	809	390	162
56	293	546	490	415
354	359	205	244	447
655	629	481	565	139
415	299	782	67	468
747	745	450	751	712
585	26	316	391	676
757	997	406	611	402
224	811	356	535	417
604	725	648	76	764
163	821	27	624	902
719	540	130	121	623
725	128	621	474	529
971	298	722	54	438
359	254	430	124	466
768	981	291	623	53
548	295	769	204	646
45	123	992	340	789
926	216	494	567	594
890	905	221	177	912
42	807	796	838	228
507	815	312	182	816
767	208	403	258	277
687	257	619	57	628
226	803	338	217	498
297	915	451	88	138
721	941	53	750	471
776	455	455	743	947
917	31	572	933	683
10	201	264	308	258
333	297	609	380	87
197	349	462	103	33
31	944	212	194	895
215	555	528	219	577
95	499	396	499	849
570	22	771	763	229
312	193	213	146	782
163	393	432	824	662
858	641	382	916	606
153	720	575	959	151
838	774	741	940	247
456	45	510	556	28
339	177	729	50	553
760	121	391	104	472
691	364	36	535	517
427	47	450	629	559
898	130	382	268	838
349	241	538	117	606
427	207	760	932	356
525	787	997	931	689
743	41	905	638	467
146	78	941	557	812
863	292	302	706	870
818	168	763	652	448
6	677	510	415	237
577	634	893	788	705
222	399	793	360	239
429	669	376	65	307
581	724	829	429	857
374	224	835	84	588
680	116	337	759	582
688	63	243	317	199
747	287	202	287	113
556	170	243	491	620
322	647	208	234	798
878	414	307	774	89
760	384	254	379	361
294	985	992	292	410
386	192	305	912	175
370	873	10	306	814
376	870	789	767	366
928	23	318	443	511
318	708	447	777	773
485	295	902	88	20
121	400	715	875	626
422	227	668	861	705
878	519	773	858	708
279	18	548	286	215
111	551	203	461	110
482	976	342	956	900
657	877	562	461	483
796	354	617	981	614
798	516	479	39	758
538	480	356	661	678
458	192	625	841	96
721	482	610	647	166
638	758	255	298	652
746	616	32	749	786
341	178	205	525	951
264	84	701	644	386
525	49	720	528	170
756	173	518	802	946
721	896	494	202	226
446	880	893	321	815
944	29	662	999	662
731	458	48	831	971
22	116	692	143	803
387	135	823	395	603
194	957	965	132	157
173	977	543	714	984
816	5	120	52	916
102	737	536	995	600
988	132	639	421	603
793	123	281	583	447
226	994	946	409	473
967	832	614	257	118
369	929	926	578	559
872	627	38	359	816
681	608	470	101	158
924	723	886	740	640
126	551	657	74	897
547	871	301	734	596
139	750	38	823	296
257	739	67	994	436
844	520	440	706	956
31	202	330	856	740
79	144	312	592	342
796	625	73	768	446
75	85	250	603	657
996	6	829	603	9
877	699	263	920	610
945	28	766	310	532
863	83	235	830	679
214	356	451	201	21
123	889	779	707	850
410	515	903	549	185
604	738	847	822	647
529	817	316	991	116
489	722	397	876	171
599	1	414	122	868
752	128	770	131	504
145	89	217	68	297
775	85	557	511	65
620	498	344	604	60
548	915	474	19	726
102	725	525	924	159
985	579	768	412	600
556	70	435	407	796
607	964	456	529	224
520	565	953	744	981
72	895	121	387	902
411	958	138	328	886
160	737	676	698	687
377	510	582	134	885
784	872	589	740	552
293	877	196	537	781
144	151	606	712	256
85	795	669	39	624
822	919	869	886	929
488	977	929	75	440
856	274	859	285	433
109	920	370	575	278
960	86	19	819	892
591	518	101	805	51
76	999	206	721	390
31	676	682	516	596
574	596	381	405	138
771	523	965	135	302
993	267	965	929	549
470	424	86	504	43
332	125	273	83	739
640	825	751	564	138
484	891	541	920	805
73	47	51	232	893
964	314	202	497	304
646	758	112	432	141
753	792	963	941	475
605	280	783	545	684
671	151	948	299	598
662	299	292	847	811
440	74	357	920	351
754	953	342	884	519
125	526	517	334	55
867	540	89	114	930
738	423	423	881	790
612	490	724	552	302
109	4	461	121	702
200	566	728	663	673
843	139	959	72	46
737	946	126	406	671
353	583	661	738	976
590	535	831	113	331
171	115	632	980	696
635	861	582	344	2
206	484	509	231	152
273	173	681	324	527
601	373	194	631	418
638	644	555	487	853
176	456	192	188	42
834	580	387	911	238
463	306	717	901	361
767	877	200	587	781
744	966	954	101	779
418	411	611	766	851
257	637	169	290	247
129	338	750	331	686
843	555	188	379	124
388	494	528	749	88
658	883	252	569	469
97	32	681	599	426
643	77	387	129	199
642	749	760	705	785
679	886	591	634	262
504	685	452	618	599
165	955	713	342	525
380	179	111	144	269
123	55	123	941	715
20	986	923	594	862
733	47	526	935	325
982	543	354	691	18
896	337	177	620	518
425	851	338	524	764
342	258	443	176	220
848	101	460	583	180
488	20	639	95	668
440	665	397	320	786
484	766	64	37	583
143	583	345	504	407
139	575	139	860	369
531	144	89	413	935
935	116	627	991	119
403	857	834	91	743
971	862	40	661	364
437	689	696	703	693
56	887	723	799	180
862	979	533	441	363
589	951	212	940	946
531	188	4	929	246
277	465	541	690	535
840	553	455	515	892
171	702	775	845	744
378	641	835	414	773
224	881	949	237	530
375	185	586	545	373
871	938	557	35	520
599	895	296	611	148
550	894	420	446	576
156	258	165	199	893
810	917	967	729	584
604	780	310	139	301
444	263	768	443	234
535	44	712	774	829
87	527	195	917	403
776	929	569	628	378
876	986	920	957	957
419	332	575	237	668
161	563	231	356	77
781	1	669	916	656
226	270	202	456	430
896	431	351	393	100
867	688	843	206	211
912	642	296	996	290
571	209	744	470	937
52	186	622	256	84
641	481	942	853	80
58	917	941	373	437
292	508	374	984	62
915	295	70	685	532
417	649	346	732	587
180	261	929	697	565
858	992	703	193	529
578	979	895	431	777
370	548	648	830	810
635	557	170	425	885
586	413	974	722	236
6	586	656	317	305
592	135	465	139	954
357	568	962	342	176
22	492	269	81	764
120	548	420	361	116
337	665	727	571	472
886	624	797	405	23
353	511	53	862	652
941	114	848	382	957
562	483	998	876	110
96	200	171	649	221
907	638	904	546	213
623	357	762	207	267
825	608	712	977	797
372	436	336	261	884
337	118	534	836	176
173	630	957	120	145
257	861	254	541	571
354	49	807	623	899
792	899	343	903	444
395	363	849	610	517
552	476	932	851	605
856	277	314	665	52
414	637	29	921	395
887	965	873	890	812
448	641	21	523	200
897	490	60	939	173
924	453	650	713	674
18	640	597	526	626
184	598	467	228	513
757	7	770	499	884
376	506	771	509	992
365	663	787	941	854
390	49	526	863	289
983	777	391	661	558
88	171	991	655	999
607	425	872	848	520
325	265	766	605	678
808	877	384	395	175
144	953	875	157	761
468	924	914	915	56
202	583	947	979	865
583	154	853	584	838
991	209	553	78	764
656	218	954	859	622
385	895	69	272	467
347	289	409	830	861
420	476	619	278	196
80	945	304	170	252
38	795	372	596	395
859	499	883	67	275
82	21	111	562	432
967	662	787	402	574
862	761	73	92	873
306	986	856	40	718
935	13	318	381	358
776	894	280	501	463
82	321	882	304	856
987	837	466	73	948
116	474	213	66	328
619	88	127	26	272
879	899	470	529	527
761	540	546	446	970
969	848	175	183	247
380	303	700	892	425
881	417	483	87	541
252	774	320	910	699
843	837	44	232	486
195	232	692	753	26
768	106	114	198	542
617	200	62	13	117
775	15	121	100	347
572	574	440	600	109
872	870	786	386	547
558	204	339	939	78
806	831	365	563	840
776	168	29	138	776
306	349	402	272	469
785	659	322	409	452
354	480	440	734	376
618	818	7	683	187
469	268	221	161	451
168	281	620	606	75
976	257	954	938	948
351	460	47	245	195
190	533	782	9	955
167	411	289	100	928
908	714	340	92	867
494	901	42	298	110
267	901	461	546	163
997	630	292	725	237
879	135	241	803	373
868	643	961	725	825
705	444	260	511	819
459	380	817	606	630
760	247	898	20	841
500	301	947	886	989
382	409	154	211	125
511	603	256	302	604
556	809	321	843	800
190	826	159	848	585
577	227	515	679	542
526	964	403	599	390
34	644	76	386	758
440	34	710	589	772
712	697	319	869	179
552	140	168	251	434
556	886	675	942	143
688	268	836	959	210
196	403	228	229	188
721	694	49	818	245
883	277	90	880	9
253	275	913	267	164
902	342	314	561	615
447	158	280	992	476
219	868	823	269	141
163	194	567	190	760
613	255	344	351	583
991	66	732	409	235
314	864	79	816	869
305	293	634	912	664
648	497	190	420	758
625	194	832	382	155
496	46	651	782	765
180	249	491	361	653
952	691	562	285	84
240	431	419	19	379
785	112	85	391	338
97	660	958	747	367
231	515	988	112	390
912	636	943	274	704
831	421	999	282	744
627	992	181	853	383
718	19	264	719	906
451	393	214	338	737
14	359	447	246	303
156	588	431	512	661
63	61	149	850	818
820	160	687	14	14
171	431	634	695	593
47	797	192	27	930
606	244	36	337	87
263	264	539	199	656
714	103	793	593	669
89	264	347	56	249
412	665	247	326	611
703	340	48	973	932
565	7	846	484	528
251	533	512	882	68
850	156	980	32	862
42	292	888	21	859
834	525	980	323	379
828	312	350	521	501
421	972	293	849	805
383	88	549	640	118
680	837	187	526	103
725	291	930	463	79
745	271	28	519	471
610	996	264	363	833
19	681	626	873	323
501	248	55	294	796
96	15	232	772	131
778	392	429	558	889
930	942	66	386	478
663	376	600	387	190
939	484	645	846	865
176	66	706	56	785
942	856	509	755	589
536	294	679	494	837
825	76	466	192	930
813	137	44	296	413
400	873	182	222	156
413	321	793	556	540
467	326	915	883	465
33	794	89	584	883
341	635	409	756	447
466	936	289	1	103
391	124	480	998	876
892	639	644	960	453
691	601	687	793	541
929	394	110	566	643
384	27	304	314	462
178	990	108	174	25
186	32	708	102	877
463	822	273	501	755
849	525	184	310	621
599	893	464	268	950
548	389	324	365	61
687	131	271	950	275
380	980	989	324	106
51	23	130	695	778
287	427	940	118	533
813	38	120	927	927
389	976	205	556	251
14	237	660	940	7
801	487	447	795	318
613	530	799	851	394
816	139	237	237	26
177	738	891	320	675
645	426	858	483	806
518	723	784	300	152
480	582	92	319	386
484	908	516	743	222
806	847	808	456	624
822	747	251	40	717
255	788	167	617	253
135	762	855	460	69
853	669	642	799	342
528	863	390	312	330
186	988	694	732	729
870	940	254	960	532
235	912	214	17	10
113	23	799	9	315
532	604	974	388	200
549	436	446	712	821
628	557	375	640	802
690	495	312	830	684
967	851	664	465	999
775	83	430	889	688
218	17	403	397	732
517	565	785	833	514
213	105	963	555	22
757	494	580	706	883
636	275	455	840	145
618	196	949	839	747
433	90	112	567	346
722	458	719	235	447
216	454	253	523	247
686	189	141	31	872
707	792	312	994	279
91	405	7	993	552
465	260	576	952	727
18	786	409	614	52
292	220	597	195	17
458	289	502	631	713
668	655	407	954	663
49	820	32	262	264
707	56	606	392	62
211	249	181	174	774
796	97	388	565	812
487	901	47	0	372
253	86	922	932	215
321	596	296	919	778
920	800	960	66	606
807	923	690	965	923
716	173	127	757	84
410	116	743	758	301
495	134	373	545	58
928	456	826	550	556
129	605	407	619	845
629	653	168	466	21
372	386	268	2	133
849	417	401	357	763
660	470	790	894	290
993	848	223	618	656
93	250	480	552	187
191	781	507	316	608
613	401	571	32	971
862	744	128	158	292
570	388	856	884	831
133	549	737	145	652
543	67	116	303	417
400	355	797	944	833
374	390	225	786	329
34	98	517	904	805
856	214	679	871	451
18	294	154	388	291
802	634	254	857	13
8	461	762	964	554
556	602	677	732	576
214	543	749	794	827
344	978	58	966	47
325	233	845	735	333
250	285	21	999	423
199	887	869	557	72
249	100	969	971	192
358	598	891	615	62
909	26	660	977	525
920	222	550	46	412
324	52	252	111	670
962	748	752	918	435
31	304	406	345	428
784	201	22	24	239
40	917	68	485	723
668	777	940	214	755
539	356	624	54	139
601	713	376	170	127
797	772	262	481	330
880	731	75	591	206
694	904	131	375	788
530	103	281	645	260
562	381	377	136	251
188	254	648	631	577
387	237	256	986	739
378	609	464	8	409
467	895	107	82	715
217	471	440	852	969
655	663	672	945	27
45	177	259	164	172
549	324	991	187	354
52	916	309	17	538
959	853	465	371	757
577	594	576	831	888
386	353	70	683	543
468	437	991	472	436
710	347	531	747	190
969	681	37	291	424
341	689	390	416	51
14	823	581	398	821
227	521	512	327	140
913	468	672	21	389
515	74	296	292	548
498	812	392	460	327
760	563	714	404	573
654	866	95	358	425
607	236	377	216	555
776	88	864	124	844
706	253	794	643	291
52	643	0	744	860
951	390	540	189	959
867	892	417	69	203
123	406	475	361	762
752	973	709	748	609
960	583	579	896	40
895	542	757	993	594
259	985	361	209	960
264	118	495	398	91
591	817	685	791	520
902	336	131	22	225
565	794	604	749	80
772	212	790	723	379
673	506	722	437	534
225	262	773	429	828
730	307	295	705	497
833	738	4	690	538
223	730	626	583	430
110	72	524	626	500
894	690	86	208	649
570	283	152	869	45
126	758	840	788	747
684	351	602	965	716
12	620	665	370	631
68	481	920	892	110
64	762	933	822	675
570	670	978	289	648
599	910	624	783	256
809	130	656	569	607
302	819	946	745	778
904	619	646	208	211
66	614	470	863	347
547	885	759	618	968
451	946	519	424	347
251	496	459	715	842
91	811	728	487	301
543	843	683	90	905
36	641	507	254	972
29	91	584	586	603
840	243	207	597	109
654	540	727	491	80
71	750	37	368	475
246	968	80	285	645
51	875	701	411	972
741	461	408	203	987
770	818	622	271	385
699	58	368	506	342
686	245	187	798	681
356	144	599	547	470
958	747	978	573	999
541	571	902	35	266
920	802	882	655	667
730	638	902	417	423
8	709	958	658	281
99	146	270	521	447
180	786	118	829	478
936	646	931	259	480
136	908	832	549	372
216	580	478	690	733
919	544	530	185	795
536	617	264	591	316
453	540	88	667	420
475	297	645	525	93
517	471	533	176	841
832	994	663	443	616
774	743	314	993	14
105	236	882	279	761
224	509	377	459	909
715	939	926	701	405
464	593	433	308	933
395	591	862	529	29
891	68	511	504	443
40	954	743	857	973
742	437	375	27	254
329	871	127	590	897
201	934	252	152	726
288	311	146	653	696
60	598	105	881	375
745	127	80	591	369
755	971	86	29	769
642	266	806	5	656
195	693	550	956	813
747	540	496	185	768
195	396	501	15	783
338	409	900	350	570
144	836	8	110	751
663	897	904	37	725
289	398	506	461	800
318	785	69	501	996
109	60	554	197	996
734	971	450	975	494
198	847	214	151	40
10	150	392	362	376
417	880	600	317	270
537	666	396	418	567
136	330	630	330	293
288	530	453	377	63
439	402	685	887	795
397	217	618	863	786
129	826	756	781	467
263	682	185	867	483
81	38	142	934	959
261	383	194	761	948
292	954	99	150	259
652	889	931	520	6
244	200	686	959	804
661	637	743	169	226
492	612	40	60	199
912	886	645	211	172
474	767	302	677	451
360	27	178	802	344
289	126	653	402	387
599	993	468	633	194
231	172	142	83	411
351	977	895	645	289
762	235	833	67	76
977	575	527	683	693
259	517	279	724	423
234	255	452	754	798
828	769	111	890	322
146	164	333	305	881
822	522	970	384	771
57	224	852	102	985
630	635	551	715	458
758	487	485	157	131
825	138	344	437	535
422	270	795	535	225
958	527	826	404	847
214	688	604	72	845
144	898	640	233	160
672	627	525	201	62
664	102	123	836	247
806	193	191	444	278
328	139	815	231	349
667	907	40	128	767
510	516	419	460	727
990	554	293	449	571
434	390	299	572	404
237	936	777	433	977
353	643	296	835	355
70	848	481	694	139
781	228	309	371	32
838	97	397	191	542
390	124	988	399	299
868	773	699	445	587
745	906	414	768	423
493	182	476	4	427
719	156	251	595	343
213	388	739	794	808
986	895	245	326	412
660	974	827	565	568
884	247	525	912	552
232	868	315	109	230
56	678	360	36	986
334	584	370	475	518
676	761	693	974	458
166	175	733	179	848
689	593	278	686	641
716	412	464	396	3
516	276	634	927	250
426	976	509	889	24
557	146	904	402	248
337	988	762	70	915
622	882	45	249	870
549	880	971	181	167
743	166	691	231	281
595	240	725	53	995
257	388	29	435	742
157	720	999	266	699
226	835	578	357	364
859	274	637	616	354
75	964	287	80	731
208	469	287	312	817
194	688	725	601	297
709	230	266	227	767
574	232	116	554	675
563	142	132	679	785
189	908	960	144	519
203	541	489	194	861
992	360	411	885	619
705	203	337	175	500
618	734	383	673	926
944	184	643	449	585
549	612	208	268	886
948	57	552	108	762
529	746	595	949	494
605	747	944	81	315
370	520	27	508	146
242	286	297	330	750
298	946	631	239	295
807	254	638	569	428
600	847	804	528	890
765	559	29	360	957
24	145	705	839	760
870	207	864	507	833
941	789	707	668	390
848	907	692	59	584
18	159	657	434	887
104	415	391	314	585
599	367	817	312	696
331	639	921	512	491
467	357	941	757	784
265	600	919	558	810
759	621	210	119	694
294	706	298	723	876
90	641	17	236	138
983	580	263	311	563
478	412	562	474	277
397	356	618	591	448
757	408	232	426	850
91	539	360	470	143
993	599	924	846	346
331	796	42	343	624
226	825	321	912	24
823	878	747	514	62
348	777	901	6	852
535	741	796	326	944
935	103	716	221	193
879	746	213	882	407
265	281	463	1	977
894	817	911	940	557
933	524	270	402	173
27	585	687	950	260
471	980	878	696	817
241	932	363	792	948
366	105	231	37	78
258	276	894	176	190
948	475	603	914	732
173	620	226	969	606
101	241	657	874	443
593	74	797	169	116
736	915	780	521	516
930	617	622	263	622
166	537	119	457	849
723	804	871	442	893
228	85	714	840	744
816	8	865	136	29
477	132	980	823	16
59	861	268	706	222
581	739	865	861	581
385	179	170	612	929
772	748	713	7	885
884	214	179	365	111
715	949	251	590	196
155	955	628	623	95
811	234	948	554	126
325	40	72	964	942
851	202	967	956	553
550	905	578	236	729
222	649	621	161	836
324	339	306	457	18
485	402	547	614	279
185	818	843	594	205
648	388	270	792	358
837	636	407	916	184
262	190	679	397	268
229	198	887	725	337
438	698	600	273	818
920	643	801	109	807
376	268	955	966	502
424	273	830	15	388
182	841	134	164	673
568	935	122	245	642
455	622	839	928	453
572	139	517	163	931
425	126	249	980	916
33	291	148	403	496
435	470	472	556	749
852	946	261	49	247
55	957	978	967	723
825	851	99	626	678
813	559	175	483	353
221	429	333	740	356
402	892	884	460	990
284	620	902	7	740
341	361	269	442	761
745	943	256	794	31
627	301	465	777	99
546	114	486	349	131
234	806	834	795	385
401	544	566	315	353
771	739	804	226	209
393	684	789	760	575
494	327	712	809	746
930	100	814	459	346
859	682	467	695	667
330	21	938	434	223
746	85	165	833	130
488	296	92	306	665
257	889	687	524	150
462	945	562	118	781
935	457	404	238	376
66	137	389	25	738
534	909	490	286	963
635	967	768	448	992
566	701	960	196	545
270	50	193	833	582
130	577	558	536	84
453	629	348	675	109
901	983	625	783	57
42	423	323	496	263
355	831	735	240	900
821	672	674	751	86
580	671	647	426	703
212	994	691	667	503
36	706	472	890	696
480	874	685	19	730
369	382	205	634	351
472	406	461	180	2
178	958	694	542	645
499	373	901	302	635
174	493	131	757	596
915	410	500	188	865
899	716	877	528	883
287	654	727	915	789
591	661	198	572	596
915	430	270	589	781
37	485	469	34	351
713	540	586	305	139
232	538	225	718	290
20	668	860	936	869
466	795	80	542	997
257	844	978	520	467
917	867	497	523	296
719	427	603	647	137
382	563	464	168	989
296	761	601	999	780
55	481	294	987	159
365	732	669	432	395
373	808	542	452	73
597	623	280	147	765
1	10	194	294	826
122	664	398	445	254
160	387	552	958	276
873	936	159	438	531
712	925	961	249	384
603	627	259	34	132
211	223	858	365	225
409	770	765	537	61
659	496	259	724	584
74	742	53	917	49
956	806	715	84	86
372	417	143	305	584
667	704	167	471	733
993	851	576	643	602
603	461	952	181	854
186	389	880	206	792
492	855	967	904	263
160	601	105	933	641
484	602	368	307	782
351	394	57	14	51
139	421	647	267	127
507	200	88	671	363
766	127	800	257	982
891	708	67	879	825
438	108	454	437	716
766	869	62	942	741
932	703	607	536	987
868	413	359	95	530
949	44	402	619	969
743	356	901	879	13
266	138	79	740	886
485	151	782	86	264
226	955	487	338	592
177	675	419	241	249
966	524	882	389	617
789	335	634	928	481
910	862	905	313	587
402	802	109	830	178
524	599	677	932	566
405	29	974	264	629
576	755	870	756	784
214	757	807	668	772
885	561	81	963	261
595	223	337	188	312
23	834	904	394	616
435	635	446	822	937
871	958	742	292	371
68	646	676	313	248
620	76	510	195	608
723	377	132	278	406
369	143	551	263	22
61	496	579	240	63
129	330	67	829	321
88	785	42	799	429
969	587	350	278	853
297	281	398	290	418
914	383	722	683	469
460	227	463	190	666
694	180	98	231	357
562	10	92	242	379
872	659	507	552	717
132	831	729	28	238
752	15	693	509	16
875	854	999	328	321
289	800	172	369	387
317	546	712	547	997
573	212	464	548	559
995	649	212	908	961
382	421	623	936	739
996	294	948	41	716
115	224	979	630	262
597	586	749	410	54
436	962	294	34	697
698	840	634	650	381
110	494	54	481	239
595	805	514	116	373
645	84	950	102	844
185	282	124	952	392
190	52	139	182	903
382	276	276	842	860
757	886	672	263	376
199	36	215	705	418
718	580	160	673	148
834	632	180	952	604
254	721	515	100	385
96	668	200	804	441
559	692	225	285	971
628	612	603	938	710
408	760	887	836	672
636	813	566	555	505
861	950	426	374	903
301	555	938	525	197
224	382	11	670	464
637	392	513	226	418
946	741	453	92	617
84	430	452	268	947
169	178	319	682	226
842	564	557	953	65
426	788	183	311	186
629	580	950	72	156
915	707	190	686	920
688	342	562	702	211
585	515	372	695	790
625	856	959	388	216
458	204	713	582	458
642	844	24	641	405
394	635	12	295	774
518	47	960	810	703
869	861	611	639	945
591	597	554	215	37
549	629	907	976	554
687	234	947	428	124
791	707	522	125	401
206	749	337	540	196
91	80	675	383	611
633	539	695	664	841
728	367	214	740	554
35	955	433	469	466
915	631	680	826	109
91	751	207	753	129
364	362	785	713	229
623	720	335	123	455
676	673	675	759	352
93	396	531	319	771
4	830	599	882	507
153	247	712	684	841
748	783	978	745	131
427	572	435	72	731
338	811	585	897	817
629	103	267	504	994
690	337	322	960	329
371	784	756	807	744
673	436	449	258	129
411	824	267	781	918
292	264	988	526	4
434	689	191	32	416
110	165	17	99	786
91	396	887	253	217
533	555	958	351	986
685	348	849	490	634
589	752	187	992	240
977	372	119	113	397
179	329	416	603	307
252	625	716	142	28
46	387	546	575	334
698	111	650	708	354
814	566	419	347	573
806	106	868	696	99
560	912	863	387	541
213	178	885	87	433
511	648	680	250	558
970	430	965	172	546
351	560	731	9	444
107	108	742	736	537
51	557	686	164	547
794	757	766	634	550
62	128	691	185	686
542	377	524	286	617
836	256	710	163	574
341	642	974	880	166
667	841	113	697	576
19	962	101	473	499
330	363	633	128	641
111	632	850	944	307
307	683	124	827	512
79	432	246	683	595
524	146	276	390	647
590	147	373	876	891
916	706	454	209	188
961	906	328	639	451
686	376	766	353	805
418	344	532	898	152
1	136	747	480	68
365	256	614	481	82
23	639	334	258	470
737	78	54	634	907
427	327	402	457	578
774	249	687	420	290
324	874	852	599	30
603	851	893	927	262
343	414	879	781	3
124	107	153	809	557
906	595	970	690	804
734	409	488	57	762
364	402	924	541	340
516	272	755	204	335
811	35	358	772	616
240	282	717	688	904
375	905	605	781	925
490	31	766	484	648
427	97	648	10	960
950	158	816	991	928
380	108	145	174	214
97	537	790	752	880
375	745	206	56	653
790	762	553	533	302
851	733	934	522	30
695	286	445	834	233
287	415	790	479	182
904	239	856	893	127
292	659	13	833	540
284	357	816	116	580
786	63	717	433	593
664	140	430	805	932
579	182	87	635	382
811	978	59	63	820
305	96	127	316	0
661	86	845	628	837
583	623	524	788	725
298	504	43	177	357
332	83	694	226	959
945	9	537	837	541
358	492	647	338	891
176	709	991	517	729
881	625	691	315	778
178	211	34	603	331
636	435	263	926	146
403	708	194	265	532
954	811	937	926	522
218	387	146	494	670
42	193	41	127	349
152	59	195	565	614
571	811	952	784	394
812	317	587	347	470
389	225	690	238	868
797	72	811	708	946
447	281	48	344	132
962	202	364	595	91
862	416	951	153	570
415	61	15	494	932
684	830	149	513	998
903	320	818	823	262
847	997	881	709	380
987	167	108	624	608
209	463	509	327	493
991	85	347	889	743
692	880	926	47	203
420	373	819	285	844
61	155	80	175	132
518	3	234	680	352
410	249	965	967	610
764	637	264	756	458
61	470	572	319	619
79	488	625	901	222
790	527	413	234	414
164	828	379	781	401
48	156	350	852	947
749	208	583	685	596
658	533	352	642	848
485	753	555	44	576
385	992	940	413	147
876	183	387	393	483
974	308	633	862	308
535	73	457	273	434
714	848	283	840	172
258	630	487	111	195
843	193	350	706	22
277	633	920	955	170
410	914	674	56	940
590	946	240	404	402
22	329	56	219	978
301	550	668	815	539
958	611	560	383	575
54	743	709	988	359
162	878	360	95	250
932	800	80	464	619
288	465	309	413	744
331	849	719	806	680
842	1	373	707	811
945	944	139	104	935
263	568	885	692	105
443	605	953	727	787
949	59	561	458	39
799	531	96	688	361
536	193	861	900	969
19	634	388	161	669
891	779	836	248	772
643	81	251	259	537
347	685	478	422	979
773	155	521	169	950
43	425	257	943	685
203	35	193	756	847
184	854	901	280	885
887	411	370	564	353
404	456	362	627	566
596	755	654	114	753
761	756	47	248	721
864	970	448	796	748
637	222	972	177	593
930	876	715	250	530
147	344	927	243	865
294	308	979	202	703
309	939	774	231	108
240	682	420	692	404
658	511	393	36	620
113	850	738	121	993
877	425	852	891	441
878	585	160	320	893
340	562	656	654	522
764	652	525	531	192
540	115	237	668	208
689	709	642	499	219
493	600	897	857	110
673	39	493	235	47
358	613	529	180	105
765	597	860	506	468
599	853	659	985	713
506	301	638	826	291
283	571	238	629	216
965	238	241	349	458
799	34	876	651	879
319	769	86	23	76
164	9	673	505	2
117	564	489	811	878
54	299	291	460	109
375	280	605	369	194
997	176	95	417	861
571	839	985	357	353
131	811	603	215	619
181	474	237	270	210
718	331	829	764	362
742	309	163	359	232
176	628	280	323	393
194	22	785	183	997
377	493	200	709	816
454	421	983	95	794
329	972	915	521	370
170	376	914	715	689
412	518	875	132	736
842	38	641	839	739
625	924	839	868	382
501	740	399	475	431
176	801	841	457	274
770	838	236	10	250
104	918	405	912	178
618	130	754	947	691
812	76	984	51	603
659	445	835	428	249
517	737	381	305	638
787	937	549	297	994
254	490	369	309	874
803	556	138	560	370
886	0	811	23	531
982	331	347	158	354
804	22	872	579	779
413	904	214	292	216
821	335	314	594	551
216	998	525	360	256
81	178	121	468	580
122	507	288	191	612
163	826	722	844	470
531	202	903	739	25
660	645	843	650	0
419	912	493	690	663
569	420	853	365	894
217	212	618	973	44
51	753	821	256	193
433	668	611	118	36
654	498	735	168	877
852	706	872	277	788
723	255	513	18	150
424	931	534	402	521
636	82	576	528	563
641	32	240	134	854
467	557	193	915	424
791	208	977	253	968
535	814	602	390	188
703	76	157	464	904
375	236	490	522	840
336	32	484	744	960
234	298	884	223	12
534	537	345	633	52
309	172	40	989	449
618	514	213	636	619
362	677	820	75	874
102	760	837	483	651
595	362	267	284	829
644	155	148	586	230
276	327	273	849	450
278	80	298	180	840
91	732	189	303	57
456	327	625	689	967
221	522	129	68	509
946	306	97	722	259
763	785	660	479	759
279	392	775	868	895
699	960	984	763	396
907	988	139	783	979
485	865	345	344	776
256	55	118	918	533
796	823	886	952	418
477	588	258	426	461
663	193	454	337	40
407	841	520	613	841
538	257	368	165	362
64	988	166	758	608
289	765	451	190	276
615	487	162	404	723
364	559	925	571	300
839	374	445	382	584
577	946	53	899	82
720	15	224	706	920
482	44	600	965	553
394	39	874	204	217
291	917	719	216	190
975	58	636	417	894
809	610	362	757	571
135	78	562	382	186
774	713	679	894	950
901	693	67	4	411
202	148	604	491	981
25	387	844	961	788
254	478	181	999	850
295	592	749	88	568
998	418	549	371	510
919	898	487	310	219
652	233	434	727	934
374	762	260	218	789
620	243	937	274	222
825	298	428	787	478
653	534	956	782	97
533	671	853	888	104
498	463	119	292	769
897	593	290	468	230
160	553	322	511	769
473	727	304	994	812
239	323	629	379	783
613	125	73	377	429
247	264	689	716	974
864	565	946	40	597
594	371	191	975	635
674	358	322	222	310
537	806	542	582	119
378	914	46	524	130
848	696	214	890	378
168	511	965	131	775
511	876	902	222	148
906	272	9	788	242
390	936	628	323	627
209	61	93	635	95
863	667	553	783	716
260	786	783	678	729
708	796	833	226	12
68	346	92	242	675
418	264	530	63	212
319	378	293	684	122
315	577	602	662	319
619	273	104	271	824
122	33	647	404	990
348	691	777	180	830
465	15	716	821	940
267	483	607	307	775
637	388	114	461	81
304	292	518	407	526
17	417	424	176	689
790	341	506	293	149
952	975	354	291	36
978	445	870	350	799
798	974	422	38	858
513	137	501	897	322
678	909	344	168	89
719	141	586	468	240
310	580	565	657	343
800	329	89	813	742
996	461	42	223	878
693	418	913	216	874
738	524	50	436	393
793	500	25	162	119
173	402	501	127	16
594	562	467	147	658
605	105	728	358	946
54	764	715	283	150
907	961	414	7	977
910	712	269	971	260
865	798	263	793	996
235	630	904	258	761
722	258	110	719	664
101	661	698	93	836
214	733	983	697	489
813	400	110	384	725
195	718	526	452	263
663	603	9	214	675
873	467	420	383	951
202	467	31	662	748
298	97	321	510	136
280	549	333	913	490
369	758	519	269	774
458	871	349	895	28
315	244	560	282	612
510	85	926	488	895
816	790	179	358	572
958	296	812	28	953
494	667	316	855	50
717	824	745	766	285
830	961	880	564	545
432	457	16	681	967
933	117	796	670	486
130	689	354	478	174
749	209	864	949	12
790	919	813	643	563
245	403	291	619	941
234	344	68	785	555
856	716	455	659	564
576	186	68	249	405
211	98	849	216	506
914	946	234	492	370
574	387	726	353	883
385	180	819	132	164
657	288	231	763	178
975	118	684	633	687
634	180	889	346	521
567	206	806	512	872
249	191	879	95	910
327	192	824	983	769
840	817	758	53	897
312	262	963	199	904
568	200	462	189	211
862	263	842	47	404
376	53	763	793	840
564	216	513	346	710
896	181	261	470	470
497	792	222	5	550
70	853	920	692	220
213	473	789	958	721
855	576	847	738	766
49	351	183	548	540
999	285	289	971	979
585	493	37	109	729
83	909	517	541	975
329	355	901	982	7
828	827	612	547	910
744	467	478	539	761
863	491	583	697	394
237	77	172	750	392
521	824	68	443	130
114	271	660	319	476
643	433	207	495	479
95	734	819	351	996
235	566	930	2	80
218	716	120	373	301
518	691	519	929	137
915	400	393	156	465
506	962	103	732	527
264	988	630	491	448
59	351	536	995	176
372	372	169	392	695
561	47	443	607	558
790	771	5	908	634
610	621	390	338	394
728	679	784	34	648
159	555	690	907	341
979	509	403	930	134
652	366	808	878	106
353	814	313	345	946
343	377	12	450	636
661	433	581	507	901
223	805	169	403	692
866	463	461	906	313
719	920	377	996	763
518	994	40	477	342
585	6	259	365	446
691	154	980	197	78
414	746	60	550	720
893	407	205	375	866
172	504	413	100	681
543	236	823	961	41
103	985	770	649	452
417	211	195	893	843
147	926	913	622	776
662	180	132	184	358
67	828	76	613	544
34	429	994	446	697
950	169	761	862	313
258	229	691	703	716
309	671	640	781	2
584	607	779	973	964
376	575	111	51	301
72	776	769	542	311
93	870	653	185	961
650	967	196	743	798
252	498	292	939	597
931	718	655	341	88
357	737	921	928	490
319	209	578	787	730
591	8	421	984	849
966	315	472	382	964
685	396	876	673	869
853	668	589	639	862
633	512	51	492	914
801	550	887	901	267
807	918	468	245	94
367	945	62	878	986
651	258	617	350	288
864	759	491	170	159
401	86	353	745	506
474	542	654	380	103
988	338	639	702	939
626	210	573	816	371
760	344	900	238	799
627	263	755	44	871
829	517	102	677	327
407	223	800	716	8
981	730	664	195	792
828	173	626	672	14
128	38	252	343	248
657	866	431	293	836
172	712	163	922	78
821	974	951	566	729
150	801	995	63	884
997	324	138	715	901
43	733	13	784	177
546	819	25	30	696
885	264	653	939	890
739	4	637	52	538
742	686	890	903	609
878	811	643	366	457
161	135	172	36	718
726	621	887	808	555
499	551	13	816	909
358	68	522	351	284
945	672	751	854	187
743	563	488	308	748
667	648	518	64	973
645	492	751	222	485
445	800	519	663	744
314	493	482	51	267
808	949	368	522	327
316	411	849	644	421
493	352	883	435	895
648	201	953	180	416
788	94	816	671	843
800	984	828	861	654
432	198	145	210	621
610	515	614	455	160
358	304	670	731	973
514	809	818	142	708
441	448	108	222	192
977	316	678	52	845
542	207	916	357	70
744	261	831	722	6
716	96	23	24	545
825	734	521	315	392
173	343	743	650	69
10	307	256	421	248
335	201	660	680	887
113	789	876	458	732
528	301	155	734	283
499	99	220	429	978
696	274	254	145	841
405	441	1	363	892
51	261	58	420	291
677	634	609	703	492
261	779	910	419	933
994	335	635	821	920
281	38	623	246	658
153	796	232	92	577
16	841	813	628	235
617	127	486	235	969
384	375	221	350	112
769	623	195	371	93
961	459	350	385	941
684	932	353	988	588
844	647	285	917	89
579	87	7	79	748
272	61	399	165	663
73	778	207	384	626
236	577	177	713	498
818	544	199	86	795
285	68	174	432	265
541	529	631	614	48
588	203	545	515	622
920	999	989	592	510
780	276	335	60	720
916	319	751	854	685
156	292	850	537	537
752	477	348	180	954
305	448	990	278	784
655	892	152	327	296
975	98	836	676	629
139	980	385	556	184
203	97	411	581	164
953	693	627	437	1
611	865	107	807	214
695	172	224	485	412
141	40	563	650	320
602	859	403	450	626
550	422	771	752	363
534	42	238	962	419
440	398	804	771	743
979	176	164	62	952
374	336	835	43	555
266	674	186	674	567
72	143	487	906	732
332	402	999	889	547
819	698	591	976	23
433	888	420	0	97
145	120	663	328	275
413	285	952	568	335
496	90	132	970	115
884	130	715	623	749
175	996	19	750	378
780	222	838	704	318
136	729	587	834	480
586	760	99	309	952
422	929	936	361	249
949	886	184	26	905
734	997	484	69	412
64	595	153	414	369
777	797	310	931	886
441	119	709	208	457
826	738	478	515	792
310	805	987	504	397
692	94	622	564	810
401	283	144	859	783
461	195	625	155	772
207	985	517	907	402
558	827	395	450	53
149	404	254	530	268
155	684	706	528	340
629	709	481	874	367
368	82	538	457	117
784	569	521	727	513
568	522	451	766	149
551	670	601	778	817
693	226	662	298	899
825	781	903	881	122
319	24	630	569	883
142	132	875	620	347
23	726	796	30	20
876	290	673	631	129
492	627	996	124	934
27	803	190	135	886
507	678	977	706	631
584	742	836	40	697
316	256	509	312	281
931	342	920	486	701
557	2	248	364	555
786	782	70	11	303
227	244	504	974	990
277	943	890	175	488
138	436	872	343	374
318	971	568	860	667
799	56	97	181	677
403	778	46	50	974
519	374	963	769	405
620	118	658	447	696
70	408	612	70	535
677	851	120	522	767
858	853	640	529	588
228	736	928	813	275
993	566	175	378	951
970	37	121	737	580
228	389	79	61	583
763	67	126	818	503
221	763	455	99	187
681	397	240	244	305
405	892	921	58	968
992	596	584	853	366
887	936	315	577	671
241	91	572	255	653
989	681	154	539	833
747	567	759	101	184
915	305	244	291	517
186	102	719	391	96
290	429	653	157	746
53	100	705	187	495
946	318	192	695	889
746	846	270	435	436
796	200	73	80	742
111	432	204	378	58
833	540	324	242	527
485	939	724	966	91
686	839	117	625	482
919	113	776	499	470
675	275	66	254	28
730	354	288	471	985
415	602	877	465	392
695	146	191	631	150
934	749	101	476	147
370	578	276	771	758
441	280	363	615	177
238	430	837	979	485
704	45	901	300	732
196	462	334	810	492
725	695	774	449	91
949	763	589	68	579
646	974	477	283	561
62	313	665	900	99
235	900	803	107	942
240	5	442	749	377
629	691	523	24	781
778	156	74	478	22
341	260	387	238	478
445	198	869	922	364
704	122	468	881	105
373	227	484	334	146
567	794	274	174	117
900	747	364	633	895
686	289	497	13	66
233	777	30	453	889
532	354	651	463	156
562	756	755	792	419
344	97	457	494	254
265	996	681	681	224
649	10	415	464	140
3	238	930	975	271
219	727	812	987	248
147	390	291	684	438
654	284	954	761	967
626	818	929	670	641
517	319	482	191	702
721	777	637	158	840
627	485	223	435	853
969	355	404	215	523
518	381	171	133	180
45	502	423	891	504
863	900	131	816	890
166	606	97	759	869
489	826	785	382	39
308	217	111	231	510
722	327	41	719	594
989	598	474	726	665
976	27	218	253	444
347	546	863	17	69
682	849	591	795	499
833	173	85	658	989
290	674	774	69	896
134	708	986	551	764
625	161	215	322	306
398	833	836	670	336
964	245	387	285	387
633	845	162	330	348
905	14	562	752	688
727	674	61	498	706
529	301	483	791	729
939	268	886	256	660
665	994	99	655	330
770	770	747	326	3
378	684	254	858	381
959	586	184	973	289
350	716	213	937	208
757	566	154	310	2
789	377	993	701	825
100	665	50	689	156
728	1	502	427	205
379	562	771	890	959
767	254	795	203	643
431	442	729	830	770
200	348	859	95	762
377	508	291	29	567
796	203	392	418	885
913	900	375	610	20
949	632	95	472	391
809	89	401	766	140
293	972	557	900	47
118	892	858	972	559
732	124	711	23	772
417	432	721	27	726
542	290	751	636	481
547	856	390	882	59
829	741	4	992	124
654	422	876	933	558
129	269	350	360	643
605	527	10	468	316
103	467	463	882	106
898	102	914	806	59
859	931	831	459	783
832	307	771	1	283
851	892	428	969	745
890	26	494	554	583
333	845	561	487	750
319	877	917	538	167
909	393	971	417	742
992	827	143	477	282
93	966	399	414	964
965	632	361	421	326
826	742	110	454	386
776	960	704	80	110
569	41	629	966	228
51	760	531	326	712
689	560	111	677	562
390	345	465	754	6
542	362	541	481	522
583	239	68	942	74
133	325	211	69	300
591	887	673	228	183
840	602	303	263	744
139	541	131	728	951
771	212	541	384	262
330	531	565	983	328
9	742	938	415	649
313	143	499	329	465
530	361	844	812	154
6	702	699	179	593
155	624	882	300	728
41	448	578	257	471
363	180	523	511	192
429	585	684	819	783
500	122	920	175	335
166	137	125	59	801
466	157	262	636	649
368	903	403	903	728
706	908	170	245	533
380	997	653	73	557
597	823	175	0	29
203	98	449	553	640
936	879	344	655	154
36	1	306	937	843
63	700	717	117	393
127	728	766	90	275
249	188	954	65	334
12	824	847	333	793
792	494	285	481	101
830	857	305	255	155
648	834	579	16	331
743	495	499	678	675
243	577	28	786	908
682	776	682	578	373
266	584	529	184	97
779	538	530	587	689
90	461	53	295	228
422	383	712	934	495
325	323	356	643	429
951	78	782	434	311
315	413	799	966	457
494	840	903	650	71
785	552	72	561	831
730	104	73	476	314
461	806	160	443	971
284	642	444	390	851
169	940	917	930	334
827	280	2	401	40
34	139	960	463	577
766	469	781	916	463
467	53	506	39	232
901	939	608	525	314
411	373	99	871	619
439	300	977	541	816
260	882	88	780	321
338	305	363	150	379
985	236	638	753	380
212	682	100	780	893
581	125	983	741	217
224	478	5	211	464
320	425	248	643	350
390	716	492	630	653
608	131	454	331	966
586	299	319	614	482
953	312	828	925	163
42	131	555	790	335
683	286	510	52	900
440	901	145	979	753
257	32	296	384	355
0	419	812	435	540
720	761	938	88	344
913	679	438	38	177
542	426	620	484	643
821	150	990	16	920
186	292	784	471	32
702	398	510	440	915
586	520	511	718	758
39	996	416	849	974
770	895	238	726	194
300	628	901	15	448
448	994	773	99	280
462	435	359	253	773
275	485	387	949	893
937	968	210	220	433
657	487	155	168	547
627	94	261	217	974
158	830	181	68	757
877	743	311	429	30
358	544	857	125	407
736	698	174	600	507
287	761	509	492	207
388	294	955	831	173
533	185	68	855	12
11	34	714	485	819
930	203	427	889	17
107	563	254	660	868
3	99	817	589	502
358	110	188	553	489
478	281	1	407	628
250	779	745	968	514
314	423	229	938	573
879	527	971	851	731
178	732	650	252	120
553	364	567	535	139
156	721	633	400	913
227	658	24	341	512
111	836	287	156	27
544	184	983	155	5
943	341	508	765	118
722	88	189	428	498
540	359	801	41	969
92	335	203	930	922
914	304	920	819	8
204	993	340	693	35
914	263	419	443	847
272	355	137	430	233
215	743	378	655	544
791	362	830	924	850
381	445	680	860	666
226	167	346	601	188
587	375	104	879	654
593	758	141	705	325
899	220	923	719	757
928	158	816	314	315
501	926	987	180	866
32	43	762	563	573
200	942	168	113	110
794	249	253	722	443
999	176	984	556	802
70	733	612	485	887
914	635	422	967	164
877	386	176	159	164
596	573	197	201	589
582	454	988	228	672
358	657	676	146	508
747	749	917	697	295
127	403	316	20	547
723	375	690	996	64
550	926	729	74	589
635	543	610	625	528
103	37	18	265	329
942	905	110	414	577
940	335	187	812	586
121	138	172	331	604
510	371	304	997	39
571	995	603	889	883
882	343	900	342	59
787	488	527	619	532
65	420	285	406	777
719	615	102	578	453
63	729	651	696	795
552	777	416	22	967
3	472	532	239	746
818	662	78	478	178
9	769	276	945	809
245	613	740	691	273
454	236	579	400	691
5	74	335	634	210
452	807	652	447	532
629	697	113	103	967
417	311	137	601	396
942	841	99	85	533
110	710	37	83	404
746	474	368	582	547
70	908	329	215	120
169	707	947	902	797
369	644	930	438	54
167	247	355	559	27
526	737	824	41	264
850	990	355	837	277
258	379	329	174	878
545	303	525	848	699
377	652	708	75	424
247	495	569	296	93
6	559	584	610	489
257	126	212	931	775
278	488	944	434	968
219	175	724	915	518
608	342	128	833	167
408	641	187	143	693
432	74	716	149	903
521	770	799	583	483
650	540	806	598	887
824	48	162	546	50
777	883	239	972	276
514	156	623	332	815
834	365	314	722	753
977	156	392	280	337
37	510	648	59	176
29	511	477	489	671
750	364	841	775	510
789	492	879	389	215
391	427	951	506	573
901	550	620	655	122
800	902	97	720	568
286	647	156	863	21
614	387	376	200	698
171	471	629	295	969
730	728	287	167	358
791	615	255	496	109
489	907	400	801	729
592	925	749	831	679
749	488	31	780	930
586	61	485	173	789
412	898	18	940	905
834	948	833	387	927
879	85	542	798	542
215	167	781	281	936
896	518	461	590	918
295	66	537	650	0
142	344	574	505	783
787	549	521	107	343
486	272	148	348	328
767	399	507	712	932
772	812	401	861	658
170	138	386	252	262
0	484	897	807	297
305	856	835	921	428
867	195	722	657	888
424	489	320	455	521
746	776	964	957	45
154	254	140	136	911
433	503	389	202	821
896	64	12	989	660
381	48	275	108	954
203	187	532	512	12
56	989	344	995	928
660	835	978	239	177
31	753	586	137	490
907	689	0	321	590
833	535	962	644	860
102	310	247	739	589
993	498	218	120	25
801	43	585	781	451
169	331	236	755	316
898	571	699	104	64
123	423	566	246	121
53	88	713	343	811
780	404	700	351	740
107	924	384	647	113
215	115	446	219	448
868	672	334	246	431
206	214	842	708	823
639	900	563	648	266
974	563	502	854	705
455	663	994	302	985
820	578	743	943	250
51	273	257	146	601
778	377	886	521	443
866	140	590	365	791
344	133	628	700	939
939	136	3	471	495
851	493	743	778	65
177	604	585	577	496
35	136	674	109	690
643	222	91	686	800
573	304	520	530	682
109	78	84	308	913
941	240	905	534	923
211	472	287	398	937
573	529	67	517	584
419	321	320	32	273
496	718	67	129	200
45	171	490	675	779
227	117	464	424	149
96	767	694	12	155
814	923	659	415	352
981	973	219	39	132
645	506	309	23	686
58	707	877	13	416
145	586	377	973	728
170	575	309	878	541
542	713	139	21	428
822	756	476	740	294
70	97	282	271	512
714	105	982	195	942
856	153	654	925	585
743	948	757	11	166
466	874	844	211	48
757	837	221	265	496
86	485	551	766	198
494	288	705	883	634
891	435	293	956	545
681	772	796	497	890
22	396	753	759	408
375	99	862	955	681
742	137	224	982	831
188	491	292	526	927
355	287	791	904	610
544	820	137	598	165
914	882	961	789	157
609	574	884	809	785
51	782	641	574	75
990	615	345	605	957
781	665	177	265	23
355	904	586	281	186
523	28	340	198	797
395	114	817	118	957
798	666	653	56	8
402	174	681	241	944
937	672	217	914	847
509	483	577	654	223
830	187	636	364	790
576	572	259	566	126
203	453	202	460	826
227	334	480	985	415
974	502	536	224	180
507	541	14	719	437
256	947	434	495	787
802	785	853	93	10
613	124	33	91	49
170	29	924	802	78
606	988	417	619	828
782	843	213	218	875
391	369	882	450	499
926	718	522	495	144
655	587	606	771	924
584	12	623	87	416
507	856	466	841	264
624	808	274	255	648
327	837	402	926	538
630	31	445	449	61
159	483	981	284	382
681	589	364	510	58
121	710	180	895	530
993	81	358	429	498
588	20	730	830	957
722	818	503	319	978
990	51	59	828	517
680	227	993	448	997
483	625	865	537	591
607	813	720	13	75
883	753	883	368	853
885	347	825	864	18
114	367	345	52	239
288	821	523	900	628
778	371	258	296	64
517	228	115	250	72
236	110	771	183	689
298	356	898	136	546
764	347	930	823	735
452	338	146	899	207
425	204	341	922	436
550	248	746	83	558
424	185	222	916	701
786	804	138	697	901
276	169	839	78	826
203	105	493	385	204
81	315	294	710	614
461	771	902	438	558
282	239	959	826	403
819	25	859	42	508
0	917	391	165	938
445	290	767	987	781
32	814	578	47	892
209	63	841	460	900
184	26	673	551	871
898	407	240	219	148
46	520	518	953	837
202	72	807	639	134
496	299	910	587	816
324	321	602	954	124
490	439	12	327	199
153	17	552	196	83
876	117	266	717	539
455	966	310	404	941
794	944	38	585	471
729	562	743	655	512
808	622	844	912	763
100	841	128	152	290
566	527	535	722	890
241	457	458	981	548
150	112	622	326	871
160	101	498	708	871
90	962	886	274	962
347	79	781	297	78
147	39	858	333	582
70	506	401	682	573
603	489	618	97	775
496	210	118	561	325
842	974	252	510	715
51	672	118	460	457
785	317	51	715	655
888	207	576	644	276
390	70	737	247	572
47	263	544	237	956
465	31	967	792	343
851	347	234	748	705
32	991	709	662	642
924	93	566	155	752
462	665	455	243	869
634	944	199	565	968
277	23	326	981	497
274	383	912	241	816
132	249	708	480	773
360	224	33	557	761
275	880	848	898	456
218	263	928	155	938
996	626	251	623	713
528	305	127	624	733
474	19	60	475	57
39	123	686	479	431
162	263	221	459	269
395	740	369	789	430
559	849	392	451	646
166	208	74	13	89
406	876	228	742	855
51	277	623	123	607
534	762	166	371	516
569	952	223	70	990
258	190	639	990	417
925	532	790	704	545
68	307	675	792	865
24	741	46	953	135
55	235	213	605	459
577	255	414	333	113
714	513	766	154	466
342	620	859	611	931
123	595	159	138	565
803	19	126	173	815
37	63	734	293	554
775	835	643	645	529
925	554	786	868	615
513	517	669	909	891
960	148	250	807	875
517	714	498	750	766
965	804	160	329	197
203	904	920	848	163
746	370	42	36	123
473	267	973	915	874
837	487	214	833	615
909	207	190	498	553
490	842	231	323	461
217	118	618	235	100
507	260	652	920	81
94	787	155	784	125
753	435	495	558	834
558	411	528	879	153
198	940	644	396	534
774	748	245	203	84
12	562	736	814	473
974	602	58	164	869
401	169	714	291	113
897	461	291	928	559
718	435	838	743	847
669	679	942	322	697
578	683	505	123	979
747	611	446	934	19
734	358	57	121	47
543	164	634	179	56
463	886	514	978	265
339	425	510	277	963
905	691	822	884	362
980	601	384	88	164
737	714	684	158	936
698	732	45	692	871
163	323	975	836	957
787	690	988	730	318
429	971	445	290	494
553	157	186	353	544
9	860	360	919	328
851	790	934	654	920
224	755	526	205	239
510	380	780	510	471
726	158	818	53	193
498	749	645	985	910
487	112	863	964	605
788	882	523	149	685
618	439	850	782	232
29	144	597	459	267
939	828	403	948	317
23	421	270	980	812
538	675	852	4	274
526	32	649	574	157
828	514	750	118	910
562	553	785	716	253
890	685	24	201	492
172	801	772	713	812
529	270	381	912	39
116	645	7	214	53
862	40	89	479	194
325	900	308	330	470
541	284	726	826	740
568	352	902	951	50
64	374	550	295	73
972	143	139	700	191
77	558	413	204	349
596	357	305	354	726
43	178	821	18	429
604	950	260	458	538
114	407	844	72	893
896	749	168	512	777
872	139	339	553	585
946	190	563	137	106
618	63	373	520	832
988	914	468	317	435
44	230	560	156	352
46	276	239	252	275
99	247	586	975	364
961	424	681	428	678
614	188	572	587	817
604	146	772	721	755
253	592	195	822	593
874	954	919	653	742
848	744	301	493	631
446	559	106	675	349
717	426	331	163	181
723	705	391	888	178
320	443	880	856	66
893	80	215	279	573
549	275	247	583	274
44	132	898	219	664
626	106	744	80	932
940	535	552	977	26
951	342	810	535	698
479	833	600	243	674
50	911	142	479	392
586	799	106	921	204
388	818	533	672	194
756	542	527	532	895
287	695	895	947	722
693	71	741	938	246
835	873	163	418	334
18	21	9	844	446
210	183	511	761	513
750	607	330	716	266
547	759	901	255	705
989	782	836	901	147
177	48	11	974	785
424	427	611	702	749
448	688	671	187	585
551	158	916	578	337
557	538	527	278	92
493	791	98	545	218
487	259	679	85	824
357	118	828	867	972
562	69	140	873	325
708	743	178	393	571
487	286	479	237	777
641	590	92	598	40
431	832	632	14	326
388	766	266	392	783
508	163	28	700	518
111	18	877	433	899
465	242	153	487	403
471	276	147	398	754
228	326	91	755	24
540	240	670	158	194
132	55	2	386	528
923	774	117	910	380
339	531	923	987	631
515	660	729	924	127
189	963	933	106	103
377	693	898	559	756
544	183	61	613	436
749	943	863	806	458
257	56	750	801	775
484	577	71	802	967
10	63	312	115	174
999	992	369	611	9
147	442	629	345	319
761	484	388	783	174
776	932	656	54	207
199	198	162	998	268
134	848	1	651	685
785	953	500	606	927
417	259	779	20	546
645	802	376	545	640
928	435	24	493	296
882	693	533	471	469
655	632	171	712	833
724	843	822	521	771
910	179	341	986	855
970	618	248	943	683
348	102	566	378	560
229	264	67	984	372
975	962	965	784	882
393	136	400	870	750
989	936	530	888	16
13	132	519	22	856
26	963	105	799	960
865	308	658	322	445
969	807	515	490	441
270	672	747	396	507
387	592	22	261	607
345	216	157	987	380
811	772	569	603	713
546	128	844	294	53
946	820	386	77	454
912	195	823	313	837
242	118	805	557	391
400	852	247	139	22
678	144	440	83	450
600	722	561	488	747
778	627	636	445	515
539	411	646	716	650
267	388	650	609	93
511	762	169	848	285
227	77	801	724	190
944	173	725	342	861
91	411	42	871	674
596	219	765	930	871
521	555	871	544	271
576	565	237	312	695
47	106	665	674	824
501	794	687	244	913
864	674	927	182	140
916	102	595	318	728
601	479	850	713	659
326	608	106	211	286
548	135	701	929	213
537	397	506	896	677
84	146	988	231	798
33	969	155	545	511
407	813	709	373	280
396	546	714	537	969
483	474	461	641	218
785	797	554	514	302
837	959	76	385	359
638	451	423	655	690
691	686	694	694	855
609	952	709	284	538
78	888	748	435	248
1	712	293	218	500
261	46	519	896	411
354	111	247	628	859
359	607	293	232	264
331	314	607	390	484
26	881	159	999	933
801	909	11	341	423
343	875	991	910	861
101	100	404	438	816
559	561	477	490	230
972	261	108	618	502
622	108	816	778	939
346	689	313	163	457
979	775	925	279	6
792	155	121	494	43
706	884	502	178	470
739	374	146	89	485
918	380	489	128	436
331	7	786	483	903
306	92	442	68	226
271	977	280	231	861
955	971	328	361	689
762	795	703	366	403
868	318	516	754	178
236	995	240	796	593
816	991	495	379	603
976	631	372	562	459
111	100	99	726	125
300	196	9	246	210
629	263	770	525	567
380	738	428	231	28
572	669	82	865	418
23	974	131	419	431
63	925	112	232	669
600	667	768	813	22
730	516	86	247	531
990	438	488	414	80
187	713	697	601	58
566	296	432	557	582
586	82	927	428	76
454	975	919	619	739
107	454	65	109	89
914	942	793	915	249
55	675	752	192	355
116	695	202	812	715
875	510	177	608	269
503	437	201	762	923
290	429	867	973	119
720	960	73	291	884
109	760	212	847	320
208	982	97	67	88
557	87	387	481	416
428	695	129	338	78
88	196	537	934	878
216	53	353	975	341
946	307	721	92	940
898	904	547	332	655
440	480	665	741	443
535	33	983	558	969
292	592	277	588	362
646	875	789	546	894
226	215	857	360	425
961	665	678	329	893
679	164	389	664	22
414	8	514	126	973
286	529	298	444	550
893	128	802	585	455
871	928	17	773	488
154	808	737	340	413
656	93	696	929	633
34	981	623	455	539
517	185	152	20	998
356	967	923	694	961
233	586	250	722	635
922	548	660	458	182
893	909	830	883	566
632	581	796	178	987
957	586	979	620	403
636	18	12	829	993
302	497	424	230	680
957	307	416	144	417
599	40	265	509	36
401	309	495	373	298
929	962	803	137	868
241	392	41	739	942
644	410	43	255	538
320	439	413	943	145
130	173	725	380	473
639	703	921	770	711
584	24	889	939	473
335	203	667	366	440
439	229	746	493	864
652	541	109	787	845
195	540	167	710	938
659	210	457	143	680
432	14	81	47	492
869	881	540	354	747
321	429	740	244	7
948	915	342	159	419
952	228	507	699	651
836	157	410	486	599
592	201	722	238	800
630	11	276	209	938
41	205	215	947	140
297	180	336	624	11
756	196	924	673	819
946	714	135	471	314
510	960	305	303	833
267	838	914	807	492
702	53	758	356	106
617	348	59	409	905
357	626	284	732	210
144	783	273	907	134
637	500	446	766	678
604	800	959	499	537
575	575	389	486	520
909	187	356	39	10
807	939	191	420	879
924	716	425	463	485
38	238	711	745	218
448	184	583	185	492
51	487	286	24	883
742	88	671	675	888
979	992	811	139	667
600	224	517	760	253
993	232	175	659	604
126	314	629	29	205
602	945	132	323	980
942	909	694	425	550
326	980	421	47	97
660	436	959	306	369
645	335	950	533	736
489	907	566	601	28
470	271	258	34	451
306	646	453	760	971
105	332	486	253	711
797	443	320	781	316
84	479	381	917	597
360	543	49	811	482
275	2	755	210	672
659	540	574	135	529
380	824	389	146	235
683	167	179	409	536
889	402	706	479	892
553	36	371	606	723
347	639	278	757	306
982	508	552	736	627
756	968	339	660	246
628	398	901	593	714
53	947	348	832	988
181	611	480	421	773
710	124	339	908	135
90	489	518	126	967
440	113	626	982	293
871	967	765	525	53
439	355	100	69	960
920	961	367	455	573
265	281	856	187	980
993	252	52	45	659
596	279	748	873	282
38	458	275	460	1
448	258	929	60	987
560	957	155	928	463
513	961	297	17	794
167	13	675	506	80
554	620	491	598	569
965	230	920	92	754
304	845	270	829	318
219	548	982	272	540
596	577	329	517	764
439	264	850	422	228
438	91	910	37	319
711	884	647	635	938
258	461	164	653	921
143	924	360	223	348
212	643	571	630	929
776	275	354	638	823
797	836	864	304	829
881	279	133	186	933
594	948	366	388	427
981	907	879	615	215
379	666	263	442	570
693	611	485	753	738
347	288	492	484	148
361	559	549	796	953
791	859	136	861	132
305	846	383	481	696
24	194	502	298	879
987	508	841	818	865
354	32	957	352	804
23	387	166	861	807
364	680	80	646	988
748	695	258	398	695
28	98	909	288	73
20	197	355	463	501
828	638	214	182	122
335	962	700	823	261
845	594	688	491	948
904	550	514	955	115
946	919	197	228	344
94	882	976	820	472
78	432	550	990	240
445	598	875	675	382
751	133	818	418	294
154	708	713	540	413
276	737	205	522	413
412	261	883	413	635
158	498	148	622	624
638	306	172	204	888
868	450	308	377	765
559	906	588	967	54
932	584	907	880	537
127	199	817	818	798
36	70	877	879	152
873	164	594	638	481
334	291	50	448	744
600	280	196	894	910
857	135	623	686	152
216	591	253	105	831
946	56	267	948	835
162	951	957	986	902
389	400	279	776	582
489	661	676	536	171
239	516	639	662	28
677	878	234	651	502
442	85	895	989	679
711	640	507	918	915
168	432	708	258	309
366	200	749	198	489
433	772	65	763	8
65	154	385	571	80
729	863	887	816	373
746	179	230	80	105
699	45	195	22	713
114	293	860	927	289
646	410	407	552	9
224	444	210	746	76
390	941	266	997	506
907	84	496	279	809
149	906	882	213	203
694	112	628	794	118
777	562	856	17	218
678	147	431	25	600
246	221	808	401	130
28	882	719	741	709
75	402	871	84	997
991	182	696	738	168
492	811	109	790	981
902	720	435	274	644
272	160	246	598	832
587	933	980	636	810
455	67	5	586	841
842	57	746	111	551
827	841	260	427	788
556	801	233	681	595
613	203	958	186	705
718	616	54	424	607
817	104	323	958	786
26	990	123	592	101
151	875	859	354	165
823	7	634	311	604
405	590	634	491	61
188	467	234	553	736
341	791	332	656	955
228	297	956	16	467
303	315	542	398	428
62	441	346	498	63
394	656	623	384	252
499	504	935	78	997
547	295	775	990	467
677	223	943	863	517
527	25	721	389	879
590	94	707	468	90
928	147	890	889	351
693	641	973	727	929
948	309	892	92	106
596	438	16	727	842
513	71	232	633	341
829	276	945	652	247
227	440	688	97	853
329	664	1	820	76
11	151	386	533	706
106	465	675	664	691
336	68	28	931	684
861	79	799	272	319
759	257	386	972	208
586	475	908	741	252
455	8	973	20	570
268	156	379	822	99
137	132	892	916	456
843	22	163	435	293
178	511	594	894	457
371	335	655	187	879
371	543	132	734	825
89	445	283	488	574
737	926	138	599	693
836	686	373	735	763
545	184	565	43	486
827	295	146	1	364
955	54	712	438	688
963	984	363	646	214
53	916	350	306	543
461	835	431	279	828
343	612	419	758	144
963	655	719	927	729
366	279	326	30	736
859	599	663	178	146
341	230	361	671	704
670	630	385	348	477
603	793	527	497	729
552	996	827	355	836
187	265	103	225	221
861	728	226	855	701
319	49	85	856	510
261	253	783	23	957
933	190	481	74	511
533	452	838	954	720
539	919	842	765	518
936	884	927	828	311
889	23	514	40	484
632	304	737	32	40
835	562	857	598	58
402	974	476	292	54
565	947	224	384	146
976	814	45	100	676
956	279	62	394	375
552	993	421	757	767
0	796	793	116	889
545	146	93	458	263
923	896	921	596	344
317	627	397	399	795
549	341	143	178	7
8	618	319	346	270
955	650	299	2	470
411	393	426	961	628
807	460	377	861	67
615	75	279	724	364
947	489	239	745	213
159	461	927	218	989
384	466	188	748	652
352	764	864	822	450
445	248	469	998	134
57	854	958	798	965
755	35	209	906	933
694	118	902	402	294
278	291	142	546	912
228	629	542	194	324
580	640	413	403	253
340	428	786	424	174
815	666	971	791	650
941	900	740	151	454
366	653	413	981	185
5	86	465	939	533
941	747	157	548	377
473	191	515	816	648
159	919	491	383	723
470	674	451	464	610
609	308	639	727	224
146	943	4	715	752
794	603	652	637	191
676	6	639	400	527
339	172	164	374	406
54	449	678	148	465
28	941	327	893	748
828	755	940	411	699
953	448	519	556	641
524	752	444	244	215
87	798	127	52	411
636	61	284	746	323
965	581	157	542	766
796	788	379	595	198
751	852	745	726	67
526	806	144	290	164
277	323	602	508	592
724	419	947	938	342
981	394	5	138	446
103	659	84	940	44
391	393	734	715	711
90	134	960	273	947
206	805	201	247	219
715	386	680	221	412
351	246	692	814	850
244	145	883	790	697
982	705	908	360	825
70	329	130	69	402
565	955	693	508	188
12	795	736	211	972
220	612	165	624	323
860	665	975	553	712
729	256	758	325	725
887	283	135	777	816
971	246	510	429	470
968	844	58	855	62
254	815	117	657	501
936	642	994	762	716
2	995	14	405	668
544	877	830	192	4
71	854	747	623	573
411	273	7	863	539
781	257	2	802	977
10	830	743	863	947
902	528	300	652	19
810	373	294	866	271
467	591	10	846	72
448	299	687	38	201
956	205	669	401	420
97	307	810	133	794
7	626	961	164	269
231	71	58	490	97
557	52	880	858	851
26	665	622	251	183
370	33	779	605	384
811	783	583	69	739
665	998	550	449	496
262	420	49	684	351
805	721	597	210	799
573	702	960	700	641
531	565	858	805	931
460	700	447	15	945
693	514	322	278	302
660	887	931	704	355
332	578	9	99	473
267	737	442	607	995
813	557	827	518	876
904	739	503	79	800
858	781	827	952	198
344	4	187	976	160
393	167	824	204	363
738	754	303	901	310
918	949	668	197	202
95	153	436	87	760
438	288	644	688	249
455	309	405	489	746
32	106	921	983	234
634	41	616	716	260
453	185	569	385	66
971	103	42	659	129
339	400	231	977	735
266	619	175	508	212
269	933	326	66	90
647	836	402	664	755
402	890	849	195	53
31	153	952	465	928
713	133	300	250	251
649	791	858	938	432
54	662	140	360	105
172	818	614	604	473
487	519	812	106	426
442	7	122	710	547
389	354	99	404	698
299	920	690	779	172
615	391	911	663	760
613	472	213	148	858
448	296	822	162	562
384	128	33	20	908
473	782	175	561	316
199	616	978	181	660
481	90	300	10	937
423	663	9	456	276
849	77	802	558	309
472	873	284	733	746
935	212	802	349	960
154	918	834	362	575
192	957	352	18	897
752	99	535	936	526
815	923	924	948	979
567	482	479	622	786
540	440	285	268	190
644	601	243	63	435
85	418	214	978	677
685	834	447	331	988
736	873	708	667	31
429	229	930	873	726
419	934	700	668	783
220	767	354	535	634
645	288	423	40	347
974	207	513	582	136
861	740	543	187	352
483	379	351	744	559
271	502	77	477	311
135	908	112	216	887
697	859	106	531	934
65	62	246	476	976
766	174	240	329	858
59	827	665	557	49
876	265	808	407	534
646	708	726	119	334
976	662	746	495	52
626	653	267	272	433
419	921	974	48	619
407	927	441	538	703
670	213	192	573	662
740	64	662	285	356
662	150	84	110	436
679	127	921	823	808
898	287	563	594	21
563	634	618	765	648
3	775	393	730	495
121	616	51	709	998
166	959	580	758	630
372	119	427	425	292
451	299	185	312	645
486	798	222	442	393
99	793	624	736	401
521	68	355	87	652
212	14	407	907	616
167	726	597	74	287
812	260	574	297	333
377	24	669	107	353
14	105	46	333	287
29	32	228	872	478
198	470	508	654	733
498	271	943	379	192
148	253	20	946	603
320	444	587	15	614
966	136	768	562	86
297	412	286	152	483
326	206	716	419	502
380	256	63	267	851
815	509	38	773	172
339	87	773	686	826
717	681	219	206	506
890	34	844	653	913
829	68	94	977	514
630	634	571	94	624
332	495	42	310	406
912	570	128	128	363
894	84	59	1	979
129	28	930	479	256
800	742	436	478	33
563	555	80	260	719
753	550	47	728	317
675	485	724	871	740
109	495	107	922	939
118	8	129	227	361
973	377	165	950	720
360	111	966	468	798
897	211	382	739	902
164	937	644	784	618
47	986	504	936	580
897	240	832	507	910
220	269	121	322	448
866	731	413	915	46
207	340	545	925	769
571	157	60	960	680
377	689	84	407	297
90	376	311	604	96
492	94	548	747	238
690	557	407	175	26
143	59	379	423	368
125	564	246	125	135
749	744	110	441	460
251	314	267	632	587
667	739	410	807	939
881	742	674	796	18
532	873	697	302	683
326	321	136	707	705
444	737	881	464	498
934	65	6	404	232
716	807	467	66	842
231	50	185	929	141
990	368	254	149	802
23	391	428	398	540
663	428	17	517	523
357	412	5	19	971
205	806	664	517	248
960	167	761	807	176
6	300	195	330	921
555	757	571	153	432
128	58	231	127	498
688	647	491	122	32
360	4	312	284	68
874	24	64	330	558
393	495	53	570	78
147	823	693	178	148
176	144	776	521	912
581	105	789	638	766
328	87	173	423	75
152	529	160	765	449
245	948	743	367	673
39	456	90	988	905
95	271	327	722	49
483	193	992	106	346
603	820	24	297	504
698	554	993	577	263
985	560	545	55	43
602	312	810	927	660
789	358	688	61	175
296	299	761	828	196
223	770	915	513	730
130	420	215	648	198
693	28	895	947	1
888	262	857	79	673
685	986	68	906	661
552	801	401	759	498
703	575	670	237	984
225	687	883	412	172
549	297	381	491	515
944	608	143	282	375
822	255	624	789	722
68	750	392	543	266
440	289	322	255	889
23	28	632	104	548
160	79	540	812	882
208	636	150	849	121
749	893	554	385	373
861	107	649	95	961
557	825	273	144	971
861	53	438	860	334
774	234	751	834	708
6	730	590	7	825
433	268	770	958	378
74	675	387	926	280
651	334	140	559	324
559	282	766	986	128
717	181	601	342	960
356	604	348	870	259
922	189	386	975	435
527	615	608	871	435
41	899	411	898	179
98	391	215	158	998
242	331	241	792	928
607	366	196	118	666
60	898	704	944	859
342	584	530	760	321
44	31	892	814	499
267	945	813	945	474
157	823	390	644	303
557	448	112	803	607
639	926	125	131	641
393	496	955	273	605
541	258	205	453	392
974	578	7	349	255
379	433	194	369	306
137	615	245	945	658
812	81	725	817	118
98	533	132	624	379
165	536	774	644	504
679	707	401	461	62
505	750	108	154	454
682	44	697	437	737
415	809	95	564	138
832	961	660	545	814
944	111	307	612	616
680	32	910	492	378
976	714	385	157	926
356	466	798	568	418
636	169	644	141	955
61	92	623	424	559
626	876	162	195	700
320	293	961	412	782
950	426	657	232	69
101	977	202	688	716
943	707	76	432	110
908	318	418	188	621
776	794	617	835	278
299	430	826	172	751
302	736	865	468	207
585	519	769	780	840
254	704	317	244	788
715	860	545	431	862
936	312	945	667	882
977	798	189	106	350
573	866	809	15	746
139	95	535	348	786
481	492	668	605	252
367	448	119	508	977
910	970	87	662	937
834	65	649	688	269
334	543	953	839	62
960	352	271	308	70
564	251	307	640	602
8	322	930	3	604
370	992	693	393	876
52	239	915	356	253
988	669	312	499	702
23	685	859	137	160
858	764	494	442	368
279	116	852	468	461
771	127	169	634	711
663	77	592	831	861
942	54	310	420	700
188	401	732	648	795
252	264	408	40	236
636	380	386	900	73
434	423	376	420	434
341	722	133	286	662
654	903	104	419	793
610	741	579	151	878
548	953	904	923	783
555	753	385	914	695
893	620	416	793	909
663	491	151	729	168
710	395	476	130	945
823	531	464	688	491
213	83	338	974	641
586	337	944	361	437
783	750	273	725	235
283	760	722	433	768
929	529	87	745	688
133	611	724	253	865
450	647	324	480	548
513	53	234	333	868
313	838	99	572	208
877	143	631	413	936
415	486	638	430	489
559	191	731	626	653
51	438	518	858	575
23	236	23	55	608
703	28	821	258	546
720	775	842	558	186
687	742	474	560	699
769	100	49	195	359
562	99	980	612	318
168	147	894	491	578
15	172	191	827	707
678	445	792	97	609
574	268	477	661	489
184	117	384	420	788
774	378	224	925	961
779	169	167	38	853
187	901	421	391	135
556	121	168	219	630
105	512	614	931	776
629	972	486	938	927
880	400	113	140	834
831	138	280	741	866
980	64	1	542	87
796	548	52	297	521
722	721	441	661	462
549	969	416	818	255
170	980	200	373	356
530	663	734	206	419
498	40	698	328	365
125	116	899	916	835
722	903	207	226	127
820	942	203	99	195
819	851	275	832	222
502	884	270	297	931
166	380	443	291	889
255	633	940	339	287
549	912	866	999	217
735	896	635	782	54
666	124	394	263	600
570	460	724	179	696
600	95	354	80	364
238	922	440	477	363
444	666	80	524	787
999	349	898	80	161
287	955	921	420	837
902	261	140	63	531
553	153	390	705	99
591	949	740	961	430
453	158	882	236	100
392	932	16	398	632
639	237	377	625	652
144	675	655	382	955
918	70	463	603	414
453	831	857	833	712
432	174	318	179	278
69	987	504	729	468
395	772	710	64	784
746	143	141	55	181
876	408	365	889	112
431	151	989	214	88
592	801	415	537	639
361	855	419	128	49
875	313	906	213	877
910	802	438	71	574
431	963	811	629	563
490	334	179	351	493
72	906	216	648	496
53	501	394	289	709
214	557	991	315	256
128	12	791	294	590
647	810	49	640	436
436	499	831	948	250
92	228	84	194	644
905	742	442	708	407
842	886	38	868	450
110	208	952	530	225
219	101	389	328	165
899	920	856	572	132
422	623	125	233	819
856	976	828	578	816
881	204	226	79	147
200	123	8	866	568
39	242	790	622	210
61	415	920	576	631
936	872	134	927	122
658	792	106	575	739
230	963	213	712	394
654	651	284	642	35
92	686	759	927	369
22	483	506	295	447
922	203	72	298	879
410	873	188	773	996
224	371	986	790	230
926	253	407	866	229
161	794	271	538	150
691	481	481	317	238
517	903	538	747	555
8	737	72	558	367
519	38	563	610	732
994	282	291	323	508
551	490	883	117	623
914	667	820	821	112
853	11	545	770	169
867	756	222	90	506
285	17	936	22	522
261	937	639	395	361
43	385	904	258	449
154	870	920	835	689
355	807	391	310	285
201	228	253	753	979
575	993	393	972	402
74	992	14	130	351
8	774	589	479	897
705	293	513	441	277
746	744	566	252	163
93	209	122	306	921
489	697	221	768	605
110	576	888	631	183
257	294	374	708	434
651	919	779	530	839
31	910	965	602	894
237	180	11	686	583
992	719	416	387	519
3	69	963	226	357
580	850	462	912	286
279	381	127	690	962
55	595	340	59	344
113	851	266	492	196
687	466	277	760	157
841	222	663	692	456
140	498	226	569	646
733	760	628	688	343
353	40	307	99	545
624	309	487	916	191
504	984	981	254	615
675	19	218	421	947
777	425	677	168	455
663	72	872	812	399
927	587	406	433	24
173	837	810	179	961
900	200	227	941	951
712	604	344	532	339
317	397	886	373	611
90	37	885	625	788
239	29	855	951	532
241	191	697	602	981
435	973	37	447	596
631	122	20	877	505
38	939	351	433	446
713	911	939	970	687
603	820	680	966	995
677	268	444	580	120
872	997	119	983	724
57	566	554	38	197
592	582	585	56	410
451	977	705	700	995
973	720	668	737	824
641	708	953	785	50
163	258	285	484	229
364	64	960	969	899
286	453	989	892	239
6	903	872	768	166
258	923	648	891	52
381	574	53	885	220
973	102	534	639	438
3	422	47	286	883
550	580	276	221	734
792	464	485	165	658
739	955	254	176	795
77	457	440	268	546
266	303	971	323	715
857	482	253	768	544
636	947	78	928	430
166	948	329	885	345
331	179	17	843	635
326	517	193	362	863
235	801	723	627	16
734	766	575	998	216
673	949	943	569	648
797	174	284	518	368
342	424	340	328	667
591	446	755	689	149
72	583	320	798	792
943	483	588	150	580
623	697	569	229	34
888	601	222	400	915
940	609	762	249	344
699	427	554	31	639
654	750	323	761	2
890	695	224	482	995
667	421	715	430	753
84	347	42	912	142
942	71	752	315	868
841	304	365	701	196
544	874	941	192	592
329	555	760	370	551
397	704	425	445	147
972	232	986	820	334
771	303	56	451	608
587	11	879	44	456
390	232	528	864	655
79	928	583	84	904
662	177	134	760	463
518	433	175	43	660
963	212	415	248	739
923	363	653	52	330
812	153	467	209	917
272	571	83	552	868
888	64	709	661	102
128	201	503	241	849
15	935	236	335	739
37	136	241	683	211
255	168	507	156	27
929	18	359	399	871
350	627	351	562	960
250	845	349	797	920
122	592	605	43	769
44	974	798	849	104
441	890	735	295	258
892	534	334	478	420
294	274	166	870	604
513	252	309	102	166
259	248	317	684	606
214	642	810	180	814
956	302	838	189	300
508	644	609	892	694
479	430	798	435	776
620	52	936	510	681
804	356	476	207	877
982	770	569	749	114
342	546	748	52	46
303	212	431	215	783
620	538	185	831	546
986	698	323	879	730
896	229	284	612	473
314	897	25	55	106
412	256	447	151	196
501	344	339	636	362
892	524	502	679	387
528	736	678	563	697
498	572	31	580	152
305	98	274	74	227
395	305	127	56	199
827	228	589	173	944
494	912	377	495	812
266	446	114	633	586
947	938	788	172	950
516	749	131	159	893
310	227	401	733	35
721	887	217	363	115
366	392	489	363	716
617	589	680	618	635
987	453	745	261	202
40	976	112	19	60
889	870	882	687	442
224	226	657	292	999
995	511	972	379	70
920	263	565	576	229
453	27	150	118	217
440	668	903	455	285
398	98	9	634	444
410	810	804	784	851
504	685	537	624	279
734	514	448	134	868
827	772	140	524	952
987	525	695	240	893
347	40	445	652	457
141	370	17	646	488
381	217	261	738	185
293	458	690	318	253
676	37	613	869	282
881	593	321	678	678
932	650	530	380	367
327	312	515	138	221
215	949	368	794	394
575	287	621	171	83
94	607	348	951	782
3	11	965	154	3
259	677	962	191	432
21	853	293	514	30
636	678	284	43	496
613	993	753	137	589
955	480	632	741	608
626	396	721	241	730
510	18	301	257	807
671	703	504	512	768
998	248	193	950	354
587	306	225	829	876
647	336	896	83	72
27	39	522	791	303
231	584	373	97	125
755	713	623	523	376
506	603	379	362	924
888	586	559	170	342
540	262	443	702	199
296	515	413	184	497
421	950	105	103	915
932	146	477	413	573
469	777	712	605	700
149	991	808	631	796
405	121	127	455	309
266	49	363	733	438
505	541	175	956	802
175	317	747	645	520
43	504	616	965	472
471	830	564	943	883
268	454	328	770	864
118	901	272	903	471
211	163	606	459	578
327	570	123	148	116
434	323	353	516	862
771	638	913	660	379
68	325	929	411	674
101	285	220	36	817
951	627	580	188	185
598	202	93	406	865
728	309	236	971	100
715	42	394	839	150
957	914	810	290	289
664	698	934	454	564
51	376	878	978	745
546	427	83	416	239
511	34	67	28	49
113	517	152	691	910
455	140	805	788	178
161	778	453	225	794
999	213	299	972	396
743	617	540	460	608
963	86	706	416	547
548	501	483	681	205
809	432	327	847	621
733	505	843	693	420
456	359	146	814	338
896	433	418	149	704
191	801	828	886	905
744	958	910	226	901
192	768	506	338	382
230	676	582	80	393
291	347	386	81	725
48	720	382	554	41
867	344	115	468	864
466	174	322	350	3
653	680	530	994	600
825	205	206	628	931
299	910	966	22	212
640	337	267	580	42
586	388	156	393	687
764	440	684	987	945
13	956	702	393	882
278	598	148	194	126
760	905	675	157	948
564	166	882	687	652
374	597	85	987	194
166	325	640	779	573
411	628	672	120	694
260	894	864	129	875
283	940	157	807	235
926	599	459	114	84
41	959	54	813	530
576	640	710	153	637
670	778	855	461	191
987	463	604	124	246
507	574	116	756	19
1	125	220	343	397
197	808	899	534	600
147	696	825	165	809
920	936	521	126	852
462	197	844	607	974
429	806	362	458	313
745	686	625	861	540
246	671	102	880	773
29	941	353	218	741
892	918	382	599	341
917	783	720	276	865
446	973	477	668	486
61	986	101	828	748
18	780	312	531	754
826	221	420	391	779
629	689	780	141	760
13	237	44	561	786
285	995	553	848	899
437	289	240	217	278
657	370	193	306	153
846	530	313	256	860
996	690	649	612	640
442	939	163	536	921
912	972	867	531	618
343	261	90	95	997
705	440	952	400	625
395	387	145	41	85
661	775	552	882	577
345	487	762	148	792
492	23	29	827	969
276	57	933	821	232
101	721	329	260	570
435	205	817	47	902
347	296	439	203	240
97	946	544	873	320
838	750	32	996	69
991	295	798	890	567
6	422	670	388	778
147	561	563	565	457
32	264	149	921	982
233	213	274	690	200
62	226	183	964	93
194	343	649	971	392
838	630	571	990	414
78	881	625	443	364
69	21	613	109	79
629	290	527	261	932
332	383	639	77	924
86	305	978	768	463
163	859	523	180	463
634	162	306	595	323
157	334	489	838	880
555	245	452	63	776
542	474	712	930	275
681	781	248	347	981
802	512	862	144	559
654	38	359	59	291
530	909	760	451	266
197	647	3	385	696
139	706	777	266	705
334	24	392	831	490
987	884	467	553	484
395	130	605	800	975
717	357	827	649	729
334	594	790	471	69
976	776	639	494	693
579	414	748	872	186
916	62	946	729	381
277	286	261	719	794
77	469	967	613	200
594	152	71	602	287
323	247	565	265	348
538	944	185	135	417
491	273	191	615	420
278	397	952	183	211
596	779	170	452	688
249	594	355	87	899
843	108	353	679	866
296	762	952	663	211
972	238	289	413	225
201	660	883	865	442
331	354	952	370	709
448	12	445	643	287
859	611	635	586	400
374	825	820	783	563
307	8	60	532	3
555	796	676	807	982
901	401	483	31	47
712	77	344	284	616
745	700	548	215	706
660	263	897	361	695
291	377	888	964	334
552	779	266	912	786
686	467	991	668	924
967	50	674	289	223
515	43	164	213	391
684	170	652	907	0
816	22	400	400	317
809	787	122	385	272
268	790	948	109	379
609	565	281	733	350
881	71	882	330	36
156	767	850	608	299
507	434	978	524	101
635	963	206	573	277
933	153	553	342	849
578	473	854	693	537
437	541	902	278	828
181	915	973	591	589
263	217	941	826	198
819	730	501	620	742
101	546	488	394	298
102	454	37	596	137
226	359	933	924	984
505	96	191	8	437
566	543	989	843	454
922	493	189	537	778
889	789	278	831	150
418	798	549	11	451
101	99	573	243	13
591	90	95	141	485
660	819	239	785	114
737	178	46	341	245
393	419	931	966	384
299	557	449	185	923
874	385	9	802	540
288	412	879	681	508
966	365	38	448	282
636	640	116	341	26
524	477	181	747	835
332	54	802	912	680
410	876	862	597	694
936	398	380	451	869
741	284	620	769	328
61	657	388	854	578
931	355	958	804	664
715	374	739	541	614
241	521	109	194	23
459	34	256	884	326
896	37	253	13	47
595	70	36	874	202
834	597	875	634	335
361	794	390	233	745
669	979	387	567	568
377	887	386	558	108
669	602	496	795	265
665	899	215	340	919
773	431	474	2	341
353	186	654	308	65
599	390	802	105	831
710	622	874	807	303
679	851	371	849	336
372	434	276	959	268
38	396	373	243	165
705	341	658	99	823
668	26	508	458	223
962	65	372	855	679
266	686	830	528	624
643	549	383	85	713
895	853	519	169	412
536	22	361	161	833
518	884	594	664	757
405	289	458	290	811
751	705	640	919	556
195	941	550	830	337
442	615	190	129	297
427	650	859	39	153
748	446	487	557	774
820	147	817	141	737
752	302	215	279	568
86	934	343	111	221
450	908	240	753	442
660	534	867	894	390
370	570	345	325	713
442	349	644	950	245
188	736	784	7	560
613	53	905	796	748
569	453	988	362	451
782	424	309	166	998
433	260	250	677	207
163	336	746	235	196
348	623	528	921	905
98	390	355	42	744
664	628	923	161	898
478	968	963	369	794
833	466	566	716	200
925	145	193	471	24
128	459	837	311	871
485	364	290	164	695
485	769	482	773	915
569	22	187	423	738
274	33	897	480	809
357	395	153	982	464
946	995	696	433	706
591	967	915	386	887
332	88	39	86	320
597	721	784	247	567
759	857	484	111	425
816	903	992	934	9
281	88	427	353	300
337	830	51	127	819
781	20	785	51	851
355	541	535	728	743
444	424	39	190	937
310	696	890	572	855
790	623	714	530	76
663	363	905	73	542
540	272	495	319	531
229	647	757	556	432
463	138	801	839	560
377	6	156	521	999
680	819	997	543	675
301	484	155	652	843
972	454	219	150	81
130	770	865	185	443
196	334	947	614	70
464	115	143	260	695
293	771	277	231	344
990	181	126	61	692
807	338	905	63	460
985	695	206	378	490
822	609	548	452	32
375	594	437	203	425
469	578	223	373	796
61	584	185	691	269
33	910	962	78	653
447	193	976	435	203
419	663	863	187	490
221	543	654	629	886
752	67	704	389	647
181	615	737	405	363
336	502	163	766	890
108	579	248	480	321
65	461	71	519	52
307	776	577	518	80
847	42	584	942	859
79	330	410	8	718
934	642	658	399	875
524	292	943	221	32
294	798	39	405	500
295	899	539	386	759
739	490	98	690	875
209	722	884	855	733
556	891	77	817	651
835	772	909	713	693
589	805	830	610	703
432	692	880	600	125
634	62	565	30	168
569	682	715	235	276
822	754	329	349	231
551	293	533	753	31
241	462	215	198	996
483	68	309	74	864
634	647	2	839	691
148	141	139	947	2
833	939	932	694	362
34	263	631	780	872
878	722	545	13	329
607	456	912	219	309
366	917	754	0	80
856	238	938	919	788
26	802	772	179	803
616	442	853	429	902
179	843	887	853	400
319	173	777	568	224
972	57	923	155	48
842	337	962	227	481
566	693	237	289	127
65	322	162	11	128
55	747	157	572	990
115	220	368	551	555
675	979	18	224	402
608	958	966	190	782
408	12	381	175	325
24	353	932	304	428
55	883	829	871	629
161	493	837	689	836
522	344	147	71	355
530	144	468	66	933
359	245	656	952	524
882	261	557	273	28
510	208	982	528	279
85	903	837	40	693
38	751	335	288	380
998	914	97	238	67
853	13	380	846	515
637	229	33	88	108
141	575	742	602	194
765	928	939	814	253
963	445	922	719	997
184	101	298	342	345
71	821	811	599	482
963	94	535	14	570
632	201	364	272	741
681	798	775	274	139
977	442	708	926	93
771	737	106	825	249
659	795	226	761	378
385	559	949	930	91
188	567	231	251	508
955	606	766	252	96
493	845	581	680	458
651	318	879	825	635
760	649	485	891	757
164	635	835	23	583
269	182	152	678	242
397	881	630	572	222
502	672	634	25	827
19	843	80	828	390
384	24	238	627	403
342	908	71	638	143
585	51	215	103	435
476	272	973	816	728
392	212	187	578	760
499	110	235	131	45
413	325	932	540	902
863	628	478	228	319
695	951	238	625	214
384	920	361	815	551
467	776	381	28	131
410	550	269	521	440
787	47	344	563	345
77	365	38	764	103
458	745	951	701	735
614	113	152	227	604
620	717	94	752	161
130	289	845	909	405
84	643	24	540	562
845	43	81	167	155
839	136	734	144	926
104	852	477	374	907
276	798	822	687	319
869	64	824	731	279
968	584	591	141	247
250	997	966	556	948
394	169	226	69	288
958	750	646	498	587
582	656	651	678	717
279	692	58	944	673
270	962	857	712	105
363	99	647	196	850
901	510	339	839	941
357	221	774	964	259
892	406	698	959	522
177	310	376	461	114
950	280	364	977	688
340	317	395	721	682
726	990	32	147	464
858	535	86	570	868
424	977	600	519	884
752	695	954	650	327
177	350	428	251	705
215	189	514	632	133
419	927	95	885	654
666	357	106	428	128
929	570	606	575	564
499	480	881	43	108
218	936	472	437	912
495	530	957	302	556
578	80	371	195	344
866	132	641	297	153
419	155	280	469	886
672	42	828	520	51
174	558	53	934	609
230	798	176	21	362
407	764	482	777	99
165	664	785	183	95
940	793	789	536	216
231	862	190	367	805
497	836	820	451	849
534	399	904	144	16
128	855	544	523	489
299	584	617	785	958
139	479	610	396	419
492	515	808	63	129
876	921	459	242	546
627	5	933	974	666
770	140	663	674	581
389	242	830	929	797
400	787	51	7	940
335	206	417	788	422
182	132	568	100	610
352	200	113	783	94
46	424	0	290	352
575	524	923	319	295
949	596	348	356	379
135	522	44	963	625
154	58	234	854	479
590	589	901	666	208
333	701	769	51	530
939	361	148	472	833
691	876	517	117	364
472	308	600	160	614
293	846	789	535	890
421	148	183	322	402
383	82	611	54	309
314	312	272	783	686
320	554	557	204	903
349	868	329	857	792
784	858	252	710	244
998	807	73	456	486
160	813	615	134	92
314	730	389	231	958
781	572	657	112	803
523	890	900	185	832
405	627	823	280	265
466	412	50	132	31
932	632	455	343	151
195	604	980	368	431
133	738	316	574	292
333	364	384	383	841
310	336	971	807	881
574	670	976	559	143
746	845	315	596	527
647	97	935	417	240
829	931	285	741	893
566	934	391	937	203
373	634	429	130	730
283	482	20	919	63
818	988	453	173	549
509	641	551	313	74
373	854	73	817	593
723	592	335	644	575
477	889	905	682	560
894	93	354	570	263
66	612	4	203	70
189	590	608	918	377
335	871	474	83	850
773	486	248	904	996
865	643	138	452	25
38	669	338	635	422
484	626	289	394	526
478	962	118	215	96
369	776	317	777	158
677	668	881	887	187
806	212	144	878	371
777	885	102	119	595
224	37	245	831	981
856	630	302	446	69
839	15	209	826	418
560	639	516	120	787
668	901	943	208	516
234	886	701	113	859
196	992	48	412	710
801	396	49	477	914
795	412	539	122	382
91	362	878	98	409
56	811	663	281	641
279	93	428	193	955
910	215	622	647	108
608	886	120	605	180
525	123	720	552	578
94	541	958	501	788
990	967	890	94	328
362	911	660	32	813
675	587	330	852	421
719	223	374	276	87
262	747	660	387	109
227	825	261	451	828
481	467	732	367	309
28	981	275	884	804
883	561	176	709	418
790	516	756	510	935
116	739	322	859	379
892	598	824	369	25
285	303	744	564	600
515	263	765	878	310
920	152	531	138	384
63	611	931	187	970
73	339	80	669	426
927	865	975	908	613
24	506	149	776	142
24	398	707	546	311
852	686	169	886	494
398	716	297	145	647
462	68	120	906	537
576	761	698	445	956
798	556	41	21	835
872	540	266	162	777
734	245	66	5	242
154	226	754	404	941
28	923	362	111	478
39	93	991	96	75
30	177	195	454	649
21	640	209	431	721
928	793	875	26	825
336	489	942	400	587
425	313	580	857	569
940	15	969	802	900
166	773	736	839	416
517	961	168	302	875
199	190	786	78	30
341	242	74	966	472
399	462	260	10	159
357	518	415	428	497
305	375	185	736	655
368	856	757	277	583
131	740	688	183	425
990	373	829	737	353
5	46	54	922	892
231	937	745	911	44
934	454	745	652	947
93	926	529	45	383
209	643	647	847	321
438	88	386	571	690
562	58	453	174	223
559	538	26	979	91
328	875	363	980	533
116	14	549	405	299
382	734	168	260	281
838	77	593	745	195
322	276	258	288	812
522	946	491	630	607
818	676	773	246	937
967	508	589	28	743
593	173	969	529	376
429	251	633	421	611
317	364	237	278	700
507	422	356	976	109
46	426	928	867	680
159	714	125	559	748
731	615	227	373	599
394	920	600	571	694
348	990	844	356	220
401	974	916	872	839
845	962	632	479	278
166	162	590	890	984
341	309	567	815	63
799	347	637	652	659
819	689	147	234	709
836	741	332	318	561
884	296	321	916	435
75	675	846	651	334
810	681	405	619	837
479	977	511	223	776
999	586	915	619	785
491	116	519	776	347
940	251	414	155	708
855	884	178	349	830
885	242	765	836	208
887	67	903	696	839
688	935	949	776	930
900	930	67	276	248
375	358	62	817	892
759	380	512	681	355
4	664	98	309	111
346	481	846	858	141
899	593	434	151	914
207	980	965	286	349
742	293	771	934	755
888	178	433	995	459
271	258	604	814	514
190	386	394	62	525
787	116	702	847	593
146	764	418	672	214
950	543	295	431	356
889	674	753	720	44
174	944	559	770	183
618	869	60	931	553
831	303	528	881	292
180	377	86	494	572
2	728	680	354	126
984	221	527	224	525
616	675	104	692	635
278	557	817	380	528
487	736	847	528	143
47	734	829	933	272
506	759	880	896	275
48	701	21	710	207
820	293	795	224	87
870	119	618	188	371
468	92	599	25	454
518	727	245	457	765
487	237	771	409	714
276	436	676	0	974
930	944	448	656	159
753	46	848	363	177
227	344	675	483	725
421	359	253	864	164
854	765	801	518	589
623	263	654	782	253
740	74	54	501	906
904	964	376	298	333
269	550	306	467	717
835	271	129	675	471
405	429	81	991	784
637	627	948	383	218
772	441	738	853	752
954	72	314	390	193
919	711	442	614	585
245	158	845	681	569
139	237	134	660	311
290	756	762	349	32
499	234	659	759	839
186	565	774	512	560
138	243	831	459	624
920	271	911	66	471
867	918	886	8	660
149	10	849	704	560
90	367	872	327	980
533	305	623	793	684
574	999	187	91	573
996	431	253	437	34
455	114	689	175	664
590	511	398	115	734
641	488	166	573	546
589	91	415	37	295
84	61	873	668	535
716	226	10	812	738
964	918	602	406	811
246	357	557	612	915
863	492	163	356	905
88	775	611	568	707
756	388	21	199	54
248	518	914	204	591
43	649	458	536	787
801	965	660	689	8
731	185	506	267	164
320	217	413	478	533
601	819	77	219	755
115	250	37	858	826
214	165	389	35	216
933	274	162	842	567
212	132	408	113	742
898	749	850	935	247
556	4	781	374	543
237	971	149	278	560
859	934	270	905	981
992	956	131	140	687
662	91	48	364	643
664	558	509	798	29
24	769	725	587	456
816	845	637	573	718
426	934	116	504	93
398	468	519	286	386
850	851	943	864	374
974	508	615	308	630
140	824	416	638	488
610	228	60	663	204
309	662	941	442	52
935	740	654	287	435
754	130	870	293	479
855	738	828	176	490
951	303	849	454	683
54	503	518	906	204
356	576	127	883	473
802	98	579	965	864
916	338	234	716	942
20	146	885	414	491
325	306	179	137	25
130	624	973	965	437
265	333	166	29	319
304	515	984	462	136
257	9	280	221	795
180	477	481	632	811
576	789	521	195	943
635	599	518	813	653
516	197	610	406	792
577	459	758	510	828
727	510	173	321	136
357	228	782	113	265
156	494	133	218	441
378	972	178	799	569
139	199	907	168	17
954	132	158	77	30
922	378	774	981	552
164	797	671	624	630
802	705	146	532	420
57	342	516	605	287
928	535	590	190	679
869	296	25	553	645
690	178	516	358	141
91	82	131	316	445
948	161	890	590	282
943	957	770	610	307
220	270	94	208	467
775	321	793	465	253
836	679	302	722	279
474	669	615	931	826
672	363	210	535	81
625	194	232	138	233
727	433	536	132	197
132	973	768	734	300
816	393	414	236	78
430	863	4	600	724
573	661	411	388	466
424	617	609	426	197
257	526	286	838	174
904	48	646	717	88
457	307	793	978	158
914	819	196	189	292
255	31	103	471	602
775	441	203	981	35
443	331	710	288	291
686	313	382	813	785
364	803	151	974	807
116	38	181	176	126
671	214	158	138	292
677	389	660	92	469
817	362	508	282	502
822	20	436	729	512
663	387	125	38	291
646	616	882	797	865
520	206	586	835	198
496	114	901	328	393
599	320	977	492	131
519	68	135	158	154
205	595	969	961	947
237	434	576	735	449
707	884	425	604	887
51	369	62	279	415
67	706	95	245	656
718	22	353	968	662
481	818	541	582	999
889	444	839	49	394
601	592	232	22	565
837	840	28	300	522
99	713	623	696	536
940	645	351	422	785
198	15	547	562	119
960	654	122	948	713
4	412	195	911	438
163	755	311	211	968
328	513	384	612	528
138	216	753	898	860
130	379	839	367	116
50	143	276	93	165
898	890	481	972	193
802	277	561	117	98
27	269	225	774	445
805	199	373	766	298
303	32	816	686	610
198	135	456	683	985
155	322	767	204	664
393	166	905	592	120
687	893	106	754	615
822	360	566	699	397
834	308	701	118	244
347	497	994	10	165
977	314	587	498	884
587	102	792	209	128
98	577	147	833	337
59	528	461	750	516
837	919	56	66	525
367	299	814	66	734
42	656	830	653	260
36	931	854	765	461
341	94	270	118	922
927	412	205	849	990
580	223	430	382	267
116	853	491	281	457
109	842	855	456	740
991	356	846	560	823
714	762	198	92	85
534	432	931	344	749
148	243	330	968	724
650	247	333	140	605
909	425	32	446	835
891	485	909	960	143
203	686	512	648	166
778	797	995	367	520
761	732	901	110	444
996	649	971	54	255
825	543	332	388	543
761	908	851	220	857
995	929	946	249	820
236	997	518	198	64
563	949	525	728	211
235	910	435	565	334
389	485	138	619	369
174	680	892	97	779
665	241	44	146	332
848	126	560	856	848
437	141	316	929	712
917	804	410	27	995
131	957	520	98	279
647	942	68	245	299
402	902	60	749	557
74	172	124	280	808
333	552	51	667	352
501	101	585	190	252
492	500	718	72	43
658	630	319	962	368
984	737	132	400	732
486	997	331	72	407
285	132	316	211	40
842	545	71	732	385
585	142	21	487	910
346	509	797	931	674
423	819	684	514	892
72	792	221	523	686
554	959	723	91	502
107	35	533	327	786
663	544	803	480	576
300	989	763	261	187
700	757	13	471	852
691	457	607	706	507
147	447	472	1	311
491	409	356	174	558
605	468	61	765	264
883	977	640	353	977
944	280	687	351	437
670	37	993	969	302
181	129	845	94	228
855	607	530	888	605
530	949	289	302	955
273	834	377	492	900
60	628	979	286	798
872	436	171	105	336
595	907	413	908	87
208	891	284	613	266
967	423	272	865	182
204	632	562	914	89
814	82	784	176	497
595	353	381	934	965
47	364	703	816	821
562	815	351	266	267
371	930	254	196	135
646	437	939	382	944
800	87	751	898	868
306	695	368	586	482
229	88	950	112	326
116	679	129	3	264
492	962	913	822	757
728	570	854	502	738
706	118	718	263	421
281	171	713	231	623
225	42	842	798	750
746	141	245	623	602
510	776	548	589	29
913	628	121	658	917
212	30	43	687	114
919	496	954	37	249
348	115	4	85	716
400	253	156	581	85
769	381	810	323	635
375	912	450	750	342
266	151	855	803	550
594	988	978	766	973
107	401	906	354	914
148	165	177	266	991
335	574	777	713	126
408	308	720	495	907
154	970	255	61	320
903	160	647	16	413
369	26	94	215	251
11	158	324	459	233
866	35	390	591	720
486	798	837	765	243
285	34	973	505	800
475	697	803	997	531
320	158	324	847	894
379	191	68	474	413
755	794	870	755	838
639	564	582	356	653
791	893	563	597	615
350	253	139	597	272
399	348	697	747	410
20	497	238	295	667
67	725	651	785	557
442	682	482	236	333
4	615	809	143	127
272	655	502	348	830
93	510	5	593	49
243	840	836	85	665
918	477	8	970	741
307	433	321	174	820
356	842	942	789	476
397	296	108	375	986
115	760	990	818	464
420	670	954	152	639
389	619	658	872	379
964	739	865	43	199
424	461	149	558	971
680	862	741	670	247
318	705	268	488	16
606	115	910	844	390
975	644	538	651	282
180	657	280	927	732
179	982	467	890	630
552	633	950	140	295
39	327	941	154	515
627	728	267	288	871
113	200	808	547	268
729	519	367	980	88
507	727	855	361	726
783	138	942	496	75
747	158	761	764	863
930	319	67	756	96
116	286	91	129	879
89	108	179	481	660
62	112	497	158	670
428	904	888	784	740
114	293	939	896	431
780	602	3	7	357
562	114	362	368	635
350	732	917	900	431
859	550	326	68	345
267	985	905	479	254
903	475	607	967	804
167	273	841	447	867
982	913	605	444	868
873	564	77	126	410
613	301	395	70	872
161	736	411	127	817
370	450	515	779	906
438	162	127	984	23
775	621	976	362	926
154	935	449	239	113
686	138	782	608	152
470	557	447	41	35
175	218	486	585	337
161	821	202	86	460
205	102	41	101	539
246	721	127	782	804
821	384	684	474	848
913	627	443	599	772
189	794	292	24	645
123	667	156	123	558
96	438	92	2	606
363	809	529	376	622
483	418	799	458	474
18	578	445	2	139
9	925	147	162	374
789	754	876	575	835
86	831	648	712	438
834	289	838	122	531
62	676	205	108	31
361	93	422	284	789
763	667	271	680	162
798	569	717	502	983
637	584	972	789	420
576	737	932	381	717
236	204	815	819	745
992	903	943	972	563
45	261	855	982	664
974	155	939	528	62
40	363	905	706	803
608	838	274	165	667
782	31	733	272	897
559	857	512	93	613
35	324	572	344	87
962	941	588	426	544
266	706	422	995	591
436	127	551	265	323
780	443	819	953	382
148	806	203	902	245
265	928	305	72	631
511	511	30	734	967
285	697	303	225	598
226	130	192	241	756
409	49	146	901	513
749	786	480	110	93
751	773	908	51	378
244	561	526	43	435
787	586	553	738	59
584	765	310	482	742
444	124	448	30	326
348	830	301	206	867
153	89	270	227	789
955	769	74	979	720
637	511	546	93	310
304	33	236	956	353
958	563	136	851	266
248	570	135	515	680
528	181	617	40	496
298	553	614	940	870
995	757	279	578	832
911	631	985	571	992
434	276	262	441	84
407	691	76	93	131
968	474	879	281	440
437	128	908	47	203
767	591	794	553	81
809	219	51	954	528
403	813	804	174	974
677	99	206	316	214
587	236	125	3	766
757	478	787	188	124
392	181	567	235	249
640	157	205	605	121
776	132	48	618	538
142	831	837	759	638
945	337	79	39	161
489	36	972	727	238
416	362	887	303	372
18	101	745	847	62
885	410	878	151	734
535	60	195	955	610
695	73	472	722	485
376	368	319	220	365
119	113	438	180	356
944	788	486	89	451
809	854	917	195	290
331	488	936	801	72
75	177	426	387	56
855	37	739	647	747
298	284	495	532	213
442	173	519	701	925
283	293	737	277	297
949	276	171	329	162
448	178	955	779	706
931	210	526	639	572
501	119	760	654	137
843	566	7	105	326
990	469	532	964	151
63	553	704	585	744
971	205	366	25	492
984	889	757	238	674
138	435	558	295	921
945	552	280	731	824
694	769	42	778	666
86	950	752	770	451
949	638	684	505	736
689	718	120	184	944
52	843	359	849	905
66	423	693	117	181
846	661	458	746	488
733	510	715	125	24
5	148	724	399	309
514	133	105	75	687
484	286	478	579	857
472	297	932	243	993
542	358	453	522	847
660	121	596	657	24
716	296	171	907	533
276	567	619	161	930
644	84	123	199	637
3	911	142	693	93
371	783	157	762	298
865	806	133	787	467
232	358	117	200	838
84	56	198	292	421
367	41	407	143	672
632	599	107	316	204
869	241	107	409	994
781	816	225	9	255
215	715	559	725	599
439	755	139	279	36
510	580	35	539	813
613	905	157	362	910
938	720	42	629	257
496	390	844	167	557
237	858	353	479	798
956	704	116	67	282
500	783	435	520	735
439	949	218	715	506
93	377	849	425	315
523	47	946	625	178
829	932	840	805	504
341	865	873	157	640
818	376	603	778	92
239	130	513	458	463
934	116	715	663	624
496	101	383	335	426
69	837	826	476	128
266	429	584	114	593
249	194	472	61	126
504	971	98	817	474
365	560	872	803	680
535	881	202	17	970
38	537	830	293	644
571	220	518	147	921
204	844	727	342	302
573	439	833	963	88
939	725	27	348	661
952	269	9	660	461
36	763	341	206	82
622	338	223	621	471
858	674	125	859	460
350	786	183	16	171
982	755	187	462	374
132	14	394	457	118
586	245	765	920	423
967	609	312	598	43
729	416	875	828	142
780	804	331	717	616
160	953	6	174	51
154	804	730	700	336
158	277	96	429	247
164	749	474	108	688
516	396	891	144	998
39	294	250	358	62
515	409	904	259	509
791	879	77	319	935
521	115	65	985	748
154	954	726	79	181
388	79	209	276	613
759	726	692	261	31
86	360	11	394	227
472	873	225	354	141
934	627	291	352	590
744	637	246	520	306
2	923	939	527	756
473	408	740	443	497
452	14	666	742	190
635	168	102	505	351
429	632	355	165	214
26	704	177	806	640
838	710	760	818	569
525	690	781	48	762
911	79	457	647	462
444	13	107	810	815
216	798	83	821	904
971	508	81	929	23
368	840	744	310	963
162	976	44	573	587
550	63	97	252	172
255	883	271	129	171
622	13	344	146	632
245	926	299	108	256
868	811	987	214	651
2	947	721	439	313
354	923	127	515	232
127	776	507	589	994
489	181	485	541	787
860	388	463	694	247
66	337	32	548	217
417	286	712	470	707
961	376	254	113	7
362	568	714	807	588
809	756	832	460	748
740	497	951	303	715
41	988	276	59	540
452	423	144	582	743
873	161	514	118	19
92	422	53	244	657
134	135	104	587	260
936	687	683	96	715
360	763	578	997	378
513	877	647	233	168
627	256	620	169	388
955	708	481	950	92
772	618	360	280	996
599	964	656	679	637
929	807	39	364	102
45	313	65	112	713
465	491	174	797	34
42	623	151	483	54
377	57	462	810	538
249	546	816	312	761
277	451	473	779	417
58	214	89	616	241
914	302	454	861	68
676	257	328	690	898
32	536	787	62	167
564	208	207	673	848
333	929	858	63	92
953	161	954	754	786
456	533	808	231	959
375	519	693	695	699
671	79	25	376	950
664	883	778	235	846
42	649	633	330	317
829	17	45	565	365
952	664	58	909	714
441	724	116	316	110
381	462	117	799	945
50	757	408	804	162
411	44	769	876	146
462	687	43	726	363
743	388	577	410	611
296	836	944	546	63
634	323	406	404	909
211	559	451	758	853
783	122	509	402	212
286	66	286	908	285
748	453	818	151	59
424	535	573	972	869
547	700	135	217	823
825	274	161	326	910
784	474	670	588	332
564	378	523	516	951
304	446	176	507	227
251	362	103	682	216
371	735	575	103	11
757	153	106	774	797
503	191	865	16	363
148	604	147	435	275
229	183	970	78	509
147	284	113	242	305
537	350	49	135	537
676	364	535	845	334
377	73	298	370	398
1	841	604	740	483
778	611	922	426	801
343	935	680	987	20
687	313	42	120	236
604	350	16	372	944
390	198	849	871	211
693	901	608	708	880
499	659	292	7	779
550	742	936	437	753
568	308	517	772	239
251	471	789	355	978
507	770	339	876	904
9	760	256	84	245
13	354	165	613	244
5	418	287	764	640
257	622	317	523	32
628	624	933	930	23
220	646	138	23	759
367	873	606	939	957
496	890	334	714	888
937	808	909	796	51
211	874	892	928	801
888	192	214	681	260
834	417	627	884	883
724	771	377	400	576
214	527	273	356	122
438	524	729	924	485
442	345	910	819	169
322	291	306	864	496
403	376	805	513	186
614	931	661	55	917
410	891	596	623	841
143	898	603	112	373
755	11	466	486	594
501	359	73	503	455
610	903	44	566	779
121	170	944	499	269
358	680	579	842	472
167	637	960	932	164
804	809	568	200	421
587	120	810	396	313
624	789	74	725	191
704	543	167	59	118
765	118	841	12	911
167	163	808	950	560
174	739	527	468	588
123	278	9	899	308
706	810	941	753	753
72	871	930	682	411
335	943	487	393	311
788	159	486	330	205
967	825	589	770	506
11	975	331	241	965
451	119	372	974	160
817	356	399	597	386
985	223	568	484	213
875	895	826	789	76
242	402	33	76	190
272	521	357	655	691
142	930	260	702	507
194	345	973	520	894
710	646	762	322	192
882	716	962	22	319
342	919	360	430	745
206	27	23	407	382
71	278	110	502	607
286	764	11	986	335
560	166	324	458	792
824	96	785	996	326
592	394	436	37	656
431	697	245	483	709
389	47	996	503	804
783	897	699	453	96
511	861	161	39	557
225	970	982	897	929
496	921	756	24	425
705	660	610	864	338
525	531	927	702	138
932	87	450	630	493
129	176	790	401	438
730	764	789	721	975
178	635	435	611	306
417	562	90	983	456
887	550	444	345	717
457	139	102	673	192
841	475	436	429	209
191	944	532	901	901
60	944	684	542	449
745	886	387	505	10
204	251	963	495	729
256	11	975	236	256
810	603	178	226	331
127	150	403	756	757
149	108	358	818	973
50	858	844	693	58
549	336	423	828	749
173	832	717	661	443
837	439	137	526	333
559	660	610	143	649
976	889	330	937	807
801	33	957	481	588
390	461	882	275	16
863	815	538	102	86
695	579	91	922	871
929	136	835	399	304
676	258	840	672	39
865	373	118	845	4
421	628	375	622	942
157	50	900	888	870
189	697	296	92	701
30	543	484	336	195
901	651	376	964	320
676	549	779	301	176
994	722	521	163	371
500	192	71	206	573
759	401	598	404	933
121	469	734	41	132
699	83	583	272	6
474	469	175	409	946
259	641	354	628	307
435	158	46	559	11
908	860	17	50	162
441	865	553	628	510
20	727	768	164	302
36	360	91	761	862
31	588	593	617	969
335	668	684	565	350
826	596	598	211	139
466	45	510	683	58
321	734	749	565	135
637	609	850	198	507
27	427	947	497	198
81	126	613	497	226
837	652	740	692	874
642	499	497	54	47
489	389	283	164	370
775	478	947	326	579
75	14	279	653	607
721	404	781	388	622
785	896	246	284	672
196	260	90	367	843
783	562	115	220	387
1	398	711	298	905
305	988	155	149	598
162	508	507	340	619
212	942	974	583	723
184	721	307	379	80
614	906	989	706	833
706	228	320	750	865
450	797	604	146	624
156	589	63	786	488
711	682	281	417	167
540	368	890	268	613
15	34	338	179	996
353	422	104	510	112
400	132	667	592	113
839	922	6	297	374
580	764	103	584	991
891	543	244	192	8
664	169	613	81	137
596	523	36	831	65
343	6	41	744	795
964	91	981	468	333
58	869	102	454	519
406	301	121	334	196
708	823	580	998	25
839	98	114	91	625
228	8	134	439	834
978	397	316	97	750
942	38	249	483	356
158	157	551	201	995
156	337	469	397	984
586	28	267	607	407
712	318	691	930	667
370	166	152	320	376
462	878	636	773	650
16	859	267	543	795
10	120	589	404	387
649	401	184	841	217
128	32	285	343	623
836	367	32	280	760
867	269	430	522	497
529	185	947	577	945
844	317	651	319	143
666	766	240	509	308
902	792	548	65	290
771	156	550	447	471
638	120	927	305	169
739	574	330	579	615
447	181	128	326	117
213	414	127	165	627
342	319	177	840	490
825	982	858	450	612
810	11	602	757	805
620	637	521	975	337
224	908	782	137	184
790	162	49	769	142
928	74	857	460	316
760	160	894	759	561
532	673	420	421	952
945	383	697	774	201
824	806	765	593	559
985	179	683	918	991
393	430	290	801	74
592	273	483	689	619
452	213	854	94	489
602	436	446	411	102
686	45	68	824	409
588	938	972	289	297
815	653	771	11	194
141	542	690	643	667
49	934	421	68	328
438	977	200	9	13
327	414	355	52	927
459	107	88	550	433
517	284	799	693	840
46	829	587	328	959
875	225	869	454	559
243	471	362	37	51
250	98	14	47	550
144	666	530	957	563
0	842	430	196	401
843	984	626	116	459
545	263	737	291	100
529	741	136	837	55
968	794	70	378	754
211	200	274	364	337
622	200	936	675	612
385	163	823	421	300
301	799	861	709	449
165	750	843	72	196
89	871	240	595	513
936	503	368	494	567
997	77	699	662	181
698	25	707	707	247
259	433	953	870	359
360	70	141	209	80
435	149	810	562	371
678	745	614	314	544
331	699	300	13	250
379	311	733	904	285
642	97	446	728	163
210	852	483	212	836
90	289	61	226	800
131	880	856	733	535
172	747	240	626	573
164	6	68	857	738
95	324	429	319	636
567	737	375	933	424
861	358	152	76	851
573	164	340	373	83
81	350	242	674	685
928	645	347	377	922
384	56	143	845	521
907	501	677	789	987
344	938	68	482	204
661	313	156	570	687
278	326	437	881	710
917	228	484	189	235
438	655	403	960	118
522	888	299	608	235
666	173	306	942	66
141	464	853	632	973
774	297	52	434	608
747	247	792	532	586
498	488	330	183	348
624	398	235	780	565
584	85	428	696	882
785	471	645	690	717
207	151	852	488	94
270	265	647	703	933
497	474	624	277	301
307	452	65	723	629
358	809	557	161	677
592	387	221	322	903
203	62	816	217	529
506	950	170	380	532
923	166	47	155	0
808	396	16	208	566
86	668	660	24	440
889	17	502	988	720
721	521	495	156	262
689	103	793	399	857
542	495	805	82	832
605	139	924	699	47
82	669	3	737	617
510	84	219	714	416
593	718	925	891	897
825	159	683	217	215
970	850	855	712	110
890	897	839	338	510
906	966	677	694	281
988	62	317	693	496
903	484	435	616	524
333	431	205	51	27
698	412	723	681	38
58	475	541	649	75
801	838	681	114	14
48	445	942	848	94
105	706	136	730	785
242	872	383	76	859
812	615	128	842	525
248	99	281	46	268
603	436	268	898	49
662	892	906	473	245
798	574	272	731	608
737	646	598	729	311
521	681	848	516	558
974	436	234	461	478
229	575	75	599	992
369	320	773	678	778
449	60	200	70	999
173	851	269	675	666
337	792	249	449	370
431	246	620	764	398
403	113	424	336	313
324	814	784	673	245
534	378	884	478	556
299	640	356	53	56
920	522	405	597	221
858	905	878	502	347
376	752	185	45	53
272	492	735	411	291
219	803	399	277	517
792	671	676	594	887
978	969	966	410	646
271	720	596	923	703
700	757	22	157	104
658	689	762	175	51
123	947	174	286	569
408	482	17	337	833
430	74	912	438	7
754	937	726	299	45
658	414	310	478	363
492	753	208	273	29
192	967	249	270	324
320	91	65	428	783
414	30	151	246	975
880	169	139	506	655
387	53	326	843	934
14	344	8	449	649
705	731	860	752	203
44	198	177	187	207
818	849	25	818	929
709	649	708	375	468
397	914	41	885	752
652	766	11	999	55
289	956	496	602	935
666	186	546	0	308
108	436	737	590	569
34	338	476	470	888
643	303	410	652	993
791	465	594	686	18
512	525	194	908	54
571	452	836	263	699
450	615	815	274	996
636	959	459	283	707
933	387	719	714	596
630	642	988	545	238
372	177	892	672	365
436	129	376	775	747
518	465	511	262	812
276	313	885	270	132
999	408	11	990	482
957	663	706	79	896
94	392	475	762	600
32	717	735	307	749
933	37	815	479	352
471	946	120	96	315
653	70	246	523	415
857	863	870	150	384
862	376	834	275	957
80	820	117	825	768
916	978	110	45	62
921	744	379	345	86
621	158	329	546	952
937	154	190	637	826
877	1	648	302	748
207	666	341	634	458
942	807	202	938	475
490	762	280	483	318
266	808	116	121	401
735	431	303	956	204
648	807	0	753	767
414	57	922	387	746
414	159	420	514	894
370	939	614	436	393
806	687	819	677	413
427	996	478	932	876
153	673	558	326	40
14	19	973	233	878
96	263	807	189	673
15	635	443	124	373
628	200	805	304	124
87	869	681	72	868
585	726	290	57	218
874	510	466	498	3
105	791	49	480	253
124	859	208	485	49
286	275	4	284	84
560	791	20	545	91
583	605	577	202	608
541	787	205	720	492
711	691	918	940	531
784	421	237	678	876
982	53	991	214	51
597	330	540	617	814
847	216	700	881	153
137	988	458	6	431
248	197	266	968	665
795	659	340	207	188
72	538	988	976	813
192	734	160	994	971
378	483	175	197	113
889	522	100	747	37
444	636	507	333	177
477	175	970	491	600
7	544	487	391	278
879	246	544	173	539
246	610	254	529	966
408	794	380	66	388
924	774	13	563	764
431	542	80	413	570
387	741	586	514	321
589	935	41	380	977
416	150	947	267	799
647	170	885	825	380
843	190	979	726	997
160	527	306	546	781
404	410	919	692	236
155	631	86	707	175
899	152	790	944	19
314	506	672	727	85
552	165	392	372	372
146	481	338	465	681
232	53	608	789	529
342	338	644	309	646
323	512	31	960	457
69	306	36	887	661
484	275	208	862	756
507	217	5	734	228
200	858	567	815	716
714	100	716	999	327
203	483	928	229	365
157	638	782	179	384
727	167	143	91	677
217	698	158	251	564
247	982	186	707	830
145	576	999	82	598
788	529	963	491	40
917	354	190	655	861
904	686	625	310	745
342	958	109	219	414
254	862	406	529	369
596	279	781	851	322
996	606	124	528	14
130	858	460	735	891
447	921	746	342	847
778	322	60	641	751
303	265	882	786	244
384	945	613	540	361
89	681	313	449	427
680	956	972	658	213
708	134	899	34	75
886	543	730	582	17
226	634	260	904	377
10	827	47	802	611
470	573	433	439	127
549	378	341	928	155
661	100	225	827	336
356	83	671	43	454
55	856	85	941	725
322	275	419	191	311
419	863	198	738	876
511	406	114	63	153
316	946	865	225	343
113	771	840	78	30
635	300	989	370	22
727	776	473	485	43
345	911	587	242	865
874	268	71	421	544
205	471	109	463	160
684	59	890	176	2
784	278	324	392	33
941	425	45	542	952
180	768	281	632	280
415	990	715	758	196
95	980	38	341	164
518	650	151	634	921
913	374	255	542	161
740	93	85	120	694
858	277	688	838	585
720	617	820	530	492
890	722	339	111	491
1	598	427	331	58
487	71	377	528	427
340	523	720	961	812
849	704	122	644	868
768	426	856	699	430
248	550	385	904	221
524	151	887	703	904
792	81	940	344	256
260	989	639	54	174
471	136	196	891	259
929	871	444	223	696
638	433	858	223	892
219	535	246	423	877
692	575	184	799	815
16	787	352	903	606
551	742	137	727	171
379	983	189	549	347
534	338	723	309	883
293	436	449	268	19
604	414	46	144	205
599	476	188	627	323
51	158	416	582	755
89	161	481	748	220
99	931	536	271	634
572	135	227	94	87
899	999	250	942	470
796	68	502	523	931
47	987	527	583	653
693	181	278	715	674
376	117	298	675	944
763	976	751	219	420
841	500	935	55	954
803	532	454	984	334
300	304	776	986	638
140	515	730	272	392
166	830	167	580	790
201	473	904	584	774
368	438	884	571	372
332	673	421	56	571
79	528	802	277	247
845	481	957	215	427
823	398	149	659	465
310	285	559	329	895
900	344	112	973	539
756	771	473	699	202
336	404	890	137	768
671	706	782	242	26
549	269	562	209	94
441	557	527	219	73
800	745	12	421	641
721	180	447	622	573
517	821	440	12	589
86	121	92	269	654
817	869	191	226	413
762	1	585	436	796
784	614	36	2	384
133	175	908	748	383
648	596	60	54	155
86	958	324	17	543
258	991	885	552	181
432	392	812	80	353
522	950	107	105	865
380	971	780	231	165
818	678	691	146	555
99	501	679	543	505
797	810	296	743	741
492	552	476	436	220
583	350	293	811	437
41	195	388	119	890
425	674	94	170	301
936	780	249	758	594
853	909	586	837	674
205	416	54	772	544
556	639	181	975	760
43	109	442	108	468
348	316	205	738	671
630	51	183	721	213
562	94	886	472	532
482	890	925	264	806
39	480	852	459	533
288	567	24	449	546
155	524	612	628	951
246	844	760	105	679
977	242	90	505	132
365	211	192	769	767
662	703	869	625	977
95	120	348	719	559
191	355	468	388	39
582	687	339	189	420
556	8	66	851	89
13	274	62	365	261
38	621	561	835	473
393	878	411	799	398
746	253	170	204	511
528	468	266	308	636
428	572	182	158	864
394	996	584	785	962
445	520	742	975	752
544	341	766	563	320
983	971	175	741	126
412	724	854	596	71
697	387	635	537	120
187	915	552	384	21
616	22	762	905	460
58	348	730	366	193
342	486	934	795	446
91	275	269	942	971
917	571	283	547	440
784	958	625	787	756
238	205	901	856	942
251	729	413	166	817
654	63	56	485	427
549	427	418	24	578
321	594	670	831	217
756	368	213	989	555
526	205	280	521	293
583	173	412	581	779
699	179	7	244	398
919	840	998	876	257
81	179	370	810	272
108	381	959	188	488
949	50	212	504	191
235	674	694	773	939
816	21	491	218	698
898	73	345	796	98
734	400	5	423	385
336	374	419	822	656
363	308	802	501	352
295	531	884	362	128
623	528	196	674	987
876	634	777	944	543
174	406	650	237	231
282	292	264	957	272
33	282	418	362	214
950	331	152	326	764
281	301	855	720	569
779	647	144	649	232
461	548	802	685	16
73	794	86	889	301
24	212	930	603	377
29	97	671	339	733
465	575	732	200	5
433	977	16	843	900
124	433	776	660	598
613	231	733	48	567
581	94	361	125	427
125	705	553	927	231
45	328	940	42	987
855	576	273	334	563
252	60	466	851	824
929	316	202	247	575
344	15	546	337	96
747	41	588	592	404
747	125	255	581	807
702	593	575	23	399
691	40	986	4	645
346	701	170	990	367
201	7	354	990	707
400	871	629	50	799
670	863	40	398	760
791	183	213	316	41
445	422	534	753	597
925	274	590	719	104
151	996	775	620	120
107	75	155	394	307
589	290	416	253	978
103	197	393	41	215
524	124	499	173	392
957	359	774	522	246
627	178	854	467	670
237	116	745	248	31
15	244	494	453	339
490	624	816	349	573
683	937	118	763	581
280	118	638	980	241
536	100	467	412	236
42	14	984	411	58
867	475	518	338	102
823	829	114	374	941
555	956	908	832	739
711	677	251	386	626
584	910	196	10	473
854	744	265	398	261
601	326	540	584	621
907	939	355	260	349
81	489	350	475	408
118	492	249	294	712
127	337	267	978	976
96	843	81	497	659
511	859	559	150	538
892	737	39	615	781
151	910	667	763	48
992	665	725	343	580
977	157	989	784	692
561	483	740	561	130
191	567	917	41	605
583	339	931	415	744
216	676	354	438	467
32	682	874	158	430
99	813	98	766	159
447	435	380	299	409
720	818	311	808	841
220	189	344	115	387
658	981	466	427	192
354	750	496	874	90
875	122	791	169	719
945	666	991	726	496
815	750	491	540	237
387	329	624	111	625
146	859	120	397	601
986	673	244	973	111
231	880	127	547	171
745	101	156	658	558
104	668	601	560	474
521	699	323	681	96
74	209	346	253	74
95	123	197	362	554
109	485	107	8	247
641	320	971	877	825
311	14	290	868	744
65	502	336	920	320
167	80	699	820	188
932	731	462	332	673
665	716	738	800	71
765	534	823	219	117
633	340	373	238	140
81	855	670	261	912
540	677	346	30	459
849	561	753	795	657
445	921	734	378	990
824	267	590	114	894
329	390	782	676	220
946	116	910	532	600
324	732	874	17	251
345	845	131	590	999
713	499	697	432	450
31	658	960	413	101
49	491	657	752	410
562	7	346	344	542
212	378	240	994	176
484	98	792	6	155
796	539	792	738	800
710	935	152	660	222
588	475	122	780	641
390	429	665	557	899
415	205	858	864	147
750	407	241	916	22
856	334	488	559	29
91	731	388	142	432
91	161	684	390	22
363	342	483	300	152
108	991	511	74	881
752	357	932	71	739
336	625	826	855	257
99	693	642	839	289
993	849	200	413	443
877	80	387	800	950
332	756	349	811	277
859	949	352	336	813
426	119	518	724	747
581	369	228	103	999
412	430	289	263	301
207	304	534	41	858
734	906	639	492	605
656	283	656	842	356
549	997	68	640	636
389	254	624	406	775
799	727	987	792	69
776	693	758	279	295
808	852	651	721	563
895	203	971	389	485
553	311	723	428	890
225	548	148	476	60
76	428	158	27	475
973	258	543	672	130
591	505	967	238	292
218	624	396	562	87
251	927	919	701	518
287	404	553	665	943
691	247	643	14	328
222	502	797	149	168
230	851	504	129	566
647	757	375	864	987
371	560	487	624	62
956	341	678	642	953
958	59	445	506	73
617	390	176	165	852
596	502	212	561	849
229	126	684	345	500
839	715	111	163	126
266	18	742	907	978
686	615	690	270	495
238	681	790	448	774
433	48	520	72	341
908	856	358	607	447
734	848	636	226	932
361	925	384	413	671
395	221	449	316	588
426	323	600	833	427
405	687	199	568	903
831	497	395	21	418
494	887	28	104	854
108	262	529	276	208
342	132	409	63	725
316	389	611	818	907
440	132	485	603	164
624	512	443	297	699
775	353	662	306	614
75	588	236	881	215
199	381	36	819	43
115	670	874	50	714
63	345	952	443	913
154	532	944	915	816
99	536	35	652	509
869	132	593	611	594
38	101	591	996	134
770	303	906	463	110
16	803	747	835	476
167	46	36	611	776
98	939	356	276	898
378	674	525	339	601
975	448	903	978	316
104	790	272	267	196
872	814	634	751	697
400	572	39	416	133
827	456	279	587	314
952	601	670	978	914
257	353	791	323	867
172	485	594	967	134
960	767	650	629	104
292	5	914	835	651
56	156	901	369	231
437	434	597	14	744
618	823	841	634	159
638	799	995	560	184
747	593	548	211	577
505	420	690	406	745
749	351	945	792	755
700	886	472	28	737
29	578	24	275	186
884	888	755	475	949
889	120	981	589	643
478	158	188	685	492
489	257	751	806	874
90	953	989	266	309
664	30	419	450	730
25	231	286	635	422
881	993	326	310	44
756	786	606	631	398
600	439	763	859	132
52	567	824	9	841
784	155	483	886	586
380	555	502	646	786
124	536	663	188	120
203	174	817	306	84
233	669	116	377	650
451	763	595	348	933
174	910	545	67	647
342	436	182	255	856
896	200	120	72	974
936	747	643	508	52
294	703	109	874	123
885	207	98	169	351
747	126	157	190	19
126	332	457	340	59
998	294	692	105	780
195	445	17	186	91
50	807	818	53	245
236	972	94	418	253
794	34	358	153	678
304	742	91	390	588
885	664	712	58	663
636	533	980	349	59
98	661	463	651	646
969	30	37	416	147
791	133	284	184	44
926	192	887	353	913
539	601	373	726	106
388	396	62	291	775
229	464	455	778	670
51	351	554	517	117
74	369	736	371	117
160	547	441	617	80
868	768	875	497	164
620	281	285	951	9
926	411	590	386	416
429	165	119	102	430
168	660	909	402	508
789	222	493	727	785
158	910	381	217	11
679	69	733	731	958
405	376	595	724	837
195	680	38	707	309
911	750	304	598	65
477	795	719	771	490
731	620	94	344	606
244	854	619	578	668
936	760	619	868	341
831	33	431	789	941
275	316	960	90	627
481	66	391	244	207
836	691	335	453	335
398	145	399	281	572
493	260	119	523	83
875	499	385	907	598
664	877	652	778	433
315	221	255	251	766
666	521	352	41	846
843	209	378	160	496
736	654	782	907	87
395	909	933	20	517
492	401	88	416	504
302	789	189	635	104
677	348	153	833	723
44	699	158	102	897
942	666	174	171	976
104	263	844	593	591
285	345	156	605	437
881	809	799	193	543
119	718	861	513	435
398	148	778	666	788
507	313	341	860	355
248	514	328	792	738
525	582	454	816	487
704	606	854	761	155
881	170	414	384	822
717	336	26	620	612
95	11	465	76	949
51	206	715	267	999
828	277	889	377	514
924	935	969	614	499
526	261	139	282	279
284	677	194	241	933
207	866	770	494	320
765	999	324	109	58
344	486	605	240	893
525	140	262	352	251
886	477	604	982	771
633	119	915	184	120
172	640	843	901	632
3	455	845	705	472
38	222	662	44	738
544	60	26	36	74
285	238	809	446	825
721	572	432	394	880
464	226	651	970	718
276	461	783	822	43
736	51	922	772	548
774	157	602	735	501
989	655	738	795	461
442	128	476	858	426
931	207	100	879	520
727	789	833	952	579
611	62	693	205	759
25	89	415	736	342
205	632	498	959	727
140	181	713	795	362
402	73	838	726	151
779	251	811	612	459
812	1	543	526	504
374	460	195	885	709
33	312	843	218	339
683	667	756	801	966
897	397	303	728	755
958	22	747	873	19
185	970	129	301	348
478	752	965	724	642
640	769	96	33	397
970	484	209	759	25
48	532	76	136	981
609	633	606	494	743
954	481	759	550	616
217	571	741	122	586
612	127	584	675	293
5	521	640	874	704
613	373	575	318	618
592	343	883	816	112
940	863	464	499	545
477	344	103	70	839
209	596	7	765	168
414	363	471	956	32
836	173	446	538	668
785	894	538	567	448
213	510	203	385	987
643	673	808	254	695
458	474	514	240	618
597	928	346	394	486
291	304	626	680	747
793	801	537	589	526
740	950	514	443	933
312	363	231	684	945
555	270	96	521	740
558	219	60	43	646
139	798	324	914	881
565	445	945	497	709
18	679	965	815	788
777	40	767	322	590
854	7	708	799	464
651	728	23	142	257
291	643	312	914	770
670	302	319	703	435
350	576	693	721	893
35	536	485	229	844
718	44	889	957	951
100	113	337	967	22
756	540	335	583	235
636	694	770	906	692
41	577	614	791	517
374	669	168	309	130
584	484	798	749	982
314	50	203	110	685
883	833	419	627	666
274	956	425	547	463
932	770	139	456	899
553	710	578	915	25
791	201	455	477	828
785	293	168	671	92
486	942	317	693	800
41	357	566	237	596
452	567	27	849	686
71	719	42	13	709
507	832	255	526	315
856	591	88	943	362
116	819	839	9	276
140	167	715	195	636
402	132	334	478	367
948	718	809	549	275
685	930	267	34	827
5	669	410	935	967
148	951	148	759	914
694	244	241	995	352
930	807	257	176	106
540	134	524	242	766
691	148	883	908	651
908	615	333	29	949
788	733	363	17	78
129	352	882	284	417
892	443	561	627	81
488	164	225	479	910
469	205	657	457	59
742	351	633	119	645
132	154	452	638	493
225	273	745	41	843
472	117	954	71	510
714	868	936	631	578
694	186	755	815	585
867	578	665	504	115
892	100	378	505	20
148	556	78	684	306
882	275	905	143	555
236	418	690	418	887
313	193	311	408	546
128	427	229	845	206
394	25	258	673	854
598	146	192	860	733
980	233	242	799	158
873	769	28	117	312
31	882	362	250	680
692	935	46	400	896
161	254	887	538	271
837	586	938	736	879
366	702	132	589	597
237	338	819	261	928
854	258	215	340	554
757	307	843	934	533
925	248	121	535	469
676	501	851	340	71
991	159	819	53	918
11	501	586	887	620
360	974	262	363	751
85	497	776	48	169
626	169	647	285	823
982	729	862	234	406
294	219	322	585	987
413	34	561	365	712
229	405	630	936	41
330	276	929	816	774
292	390	693	698	296
415	38	262	745	555
483	582	777	564	116
899	588	709	143	993
752	987	87	703	100
412	828	346	51	65
431	307	258	544	996
548	423	353	283	779
305	655	79	143	858
283	566	882	58	859
889	655	564	738	34
251	589	37	644	265
241	425	880	805	431
8	234	198	990	175
900	916	397	738	845
305	651	993	18	402
861	638	82	903	393
868	409	631	687	201
302	604	473	637	611
133	96	442	410	533
118	802	405	552	189
100	903	196	36	691
587	922	507	660	845
98	657	619	797	490
847	180	837	803	848
546	638	400	240	65
716	839	280	320	681
360	609	962	827	835
2	10	401	559	461
234	114	502	914	328
624	115	578	89	937
625	988	723	507	612
657	96	425	543	69
959	0	962	874	169
721	253	332	599	233
561	928	144	510	603
728	662	973	681	131
597	721	187	76	463
824	388	522	76	918
923	61	515	732	407
297	683	514	838	757
684	456	496	439	469
634	395	287	782	163
569	93	117	856	556
786	569	506	721	194
130	269	604	792	285
859	933	782	932	955
785	550	126	854	221
387	481	520	594	179
83	919	609	384	746
200	153	473	275	454
724	594	373	343	623
812	206	974	131	4
728	183	954	698	328
307	585	225	144	593
293	628	384	762	682
461	369	374	550	935
428	733	824	95	878
76	991	307	566	422
102	292	381	584	359
9	176	603	436	780
720	359	568	696	695
274	432	426	768	502
291	448	240	638	825
945	924	850	285	768
42	157	719	808	47
313	812	668	314	614
18	638	861	891	479
797	654	828	519	842
217	88	712	584	316
583	491	342	591	765
884	677	212	10	193
393	618	216	956	198
928	255	869	296	135
164	31	910	633	198
666	166	69	171	522
899	671	266	35	687
465	407	437	648	259
274	770	746	0	88
921	309	238	731	421
247	850	516	809	983
951	100	491	578	420
668	927	853	444	596
386	152	803	734	255
901	232	167	482	691
599	126	43	557	659
786	694	147	271	129
943	691	96	657	341
803	560	394	918	152
210	850	731	702	985
647	855	918	21	882
126	2	556	787	384
740	272	749	918	182
829	592	375	594	435
677	687	720	20	675
65	211	496	746	445
663	360	967	805	911
555	155	676	217	694
98	186	981	506	157
873	489	452	499	793
588	291	257	506	687
580	88	214	246	299
923	904	653	646	623
241	689	11	123	633
665	972	970	901	346
75	269	374	911	377
761	495	215	445	53
332	671	907	565	896
778	457	74	742	265
468	602	961	460	372
922	839	342	448	126
687	683	591	750	280
135	38	388	307	63
641	684	852	381	627
421	954	241	346	439
2	58	396	316	874
939	988	405	366	784
903	798	0	617	903
484	887	586	11	392
413	933	592	335	759
538	525	40	308	662
993	792	471	323	626
548	700	35	187	73
203	148	261	210	312
682	851	503	563	373
611	140	42	366	167
262	136	32	845	500
681	495	239	251	585
526	652	605	574	887
796	974	761	48	173
944	302	535	16	665
286	817	123	757	412
900	547	782	508	738
302	641	29	227	523
523	536	468	344	303
776	190	361	814	436
38	913	495	368	603
820	530	55	408	758
958	733	494	327	300
370	444	624	994	736
74	249	291	394	364
380	518	770	725	49
477	479	809	537	317
68	12	614	573	875
667	25	993	856	246
273	207	87	222	148
120	587	254	837	762
240	146	407	797	391
858	444	693	748	158
202	647	776	181	784
831	376	538	420	697
759	972	9	616	311
774	632	833	205	819
990	933	801	814	511
464	783	26	473	84
555	847	158	529	842
930	144	641	352	208
721	46	359	167	595
552	75	6	34	173
570	701	401	367	639
218	267	212	376	426
363	74	352	448	775
212	892	309	476	333
716	894	91	991	471
594	235	205	285	16
261	647	684	136	679
609	187	129	749	73
104	583	853	356	227
741	924	761	51	778
894	248	748	825	542
277	634	342	84	969
258	589	802	956	814
394	718	576	486	885
282	912	704	659	226
765	654	196	516	411
96	982	811	92	33
599	737	129	217	321
711	869	924	23	482
428	300	682	127	380
954	804	720	216	107
935	74	670	152	830
144	981	595	556	707
959	763	391	814	121
853	219	675	121	379
862	800	745	937	311
787	654	110	760	749
9	475	3	933	838
624	882	816	706	479
714	374	10	823	709
5	727	291	973	925
387	273	835	973	754
35	358	122	759	217
692	546	169	87	371
570	497	444	751	743
756	479	915	623	774
640	688	393	924	888
162	262	815	886	796
650	67	912	604	745
956	910	488	411	473
169	89	682	649	877
84	444	799	954	754
819	436	103	700	162
959	229	677	162	493
728	253	913	468	102
758	906	897	579	806
854	51	880	370	545
660	98	916	702	770
475	146	903	827	999
863	43	15	810	977
711	631	557	373	332
746	394	344	225	795
376	287	44	40	434
711	812	283	322	829
83	484	780	960	334
202	655	556	616	97
35	648	667	6	621
75	561	803	709	529
987	539	860	78	166
327	607	384	428	472
329	441	175	737	11
974	4	6	714	254
3	702	987	316	728
551	795	485	304	601
641	2	371	174	862
943	493	930	623	976
124	576	483	133	407
318	285	13	395	463
385	103	358	580	796
145	862	785	497	121
656	661	170	873	443
299	729	371	4	133
531	652	72	537	15
915	436	571	250	418
465	429	100	964	985
822	292	860	212	238
412	835	479	124	636
592	361	397	982	45
480	844	572	515	431
185	893	824	746	573
868	777	127	195	800
131	556	886	347	142
944	169	242	640	997
328	434	41	587	617
341	580	424	702	32
691	680	251	603	240
318	178	904	957	510
546	237	136	50	351
948	459	11	50	235
381	848	740	867	673
172	723	462	581	800
326	669	405	439	22
340	574	787	338	876
661	690	230	385	243
351	561	604	166	88
445	526	189	493	599
408	276	857	830	363
731	37	326	199	674
150	423	871	474	951
973	104	688	549	3
262	880	248	384	550
329	564	930	756	107
907	556	5	834	766
376	927	604	221	33
750	13	254	490	280
976	432	347	436	892
766	16	163	891	807
2	593	794	484	920
456	572	1	759	872
355	222	675	24	936
896	449	950	531	203
227	841	382	617	587
21	372	340	360	607
41	956	401	465	195
107	7	125	195	667
148	736	970	162	48
543	346	945	772	762
641	56	603	294	379
56	659	226	99	206
572	275	433	612	137
615	332	641	501	628
662	767	196	427	941
551	309	118	917	71
281	395	486	490	608
463	771	889	709	32
764	395	585	253	479
3	153	264	108	131
606	913	564	561	865
196	337	301	889	791
222	380	114	672	582
934	705	651	587	344
181	398	398	54	516
108	806	410	694	143
75	296	309	388	75
354	763	865	330	781
662	484	181	840	44
321	376	291	317	331
480	73	894	315	887
561	933	769	931	659
589	673	254	405	401
384	857	92	994	786
810	783	503	96	528
906	364	985	707	289
485	191	354	767	137
579	49	825	480	40
973	155	417	578	795
34	325	628	708	721
894	883	503	841	24
467	281	180	650	193
204	903	936	843	184
589	223	318	222	860
222	473	285	53	562
17	691	439	688	915
940	739	20	656	117
939	497	283	58	246
314	891	933	908	410
601	133	211	910	614
187	98	158	552	235
40	718	826	329	460
159	922	829	348	53
904	453	589	727	148
163	702	749	214	50
144	858	65	934	355
795	480	784	235	139
57	83	12	60	649
223	653	768	400	624
179	320	765	347	926
649	564	42	896	137
43	15	564	759	821
479	256	300	519	644
222	957	906	523	176
691	881	470	506	910
552	342	996	324	811
775	849	423	695	403
817	465	777	69	267
415	491	470	13	978
880	762	465	27	615
544	273	961	331	127
344	346	172	772	227
639	749	274	201	932
496	575	729	771	76
64	422	45	999	766
650	455	734	492	911
676	929	123	965	52
153	737	161	917	585
696	425	630	862	825
863	335	226	322	558
878	557	731	747	544
873	197	876	339	626
156	279	595	919	320
218	695	672	873	674
681	14	84	405	274
631	509	978	395	178
53	409	329	847	617
171	542	438	898	671
745	990	965	109	514
851	495	328	505	363
551	501	961	131	48
734	804	776	82	341
195	191	191	467	193
428	906	299	537	222
501	352	199	105	756
79	410	97	154	602
719	872	425	660	671
589	797	290	369	7
19	504	794	716	882
853	442	964	126	57
350	491	199	958	2
905	485	32	562	670
115	266	262	983	772
659	821	735	114	893
430	662	401	534	228
652	94	866	826	395
49	224	782	376	225
852	567	197	182	254
799	148	817	432	331
323	406	57	361	239
647	347	663	442	319
55	780	627	880	548
242	776	936	659	774
278	740	126	572	62
149	280	259	409	680
861	236	92	427	907
746	882	282	828	821
403	51	911	683	532
561	652	609	676	227
207	336	795	534	455
430	729	678	196	421
889	726	805	121	49
814	636	266	707	123
135	625	922	339	455
687	301	960	369	204
562	295	210	86	433
532	234	376	479	915
472	580	993	152	155
767	900	859	463	229
383	976	883	806	547
866	633	372	367	552
147	900	939	131	798
527	41	131	518	22
67	736	943	6	736
789	546	7	147	253
852	681	483	478	989
153	351	370	224	724
735	509	629	349	390
601	619	13	750	441
12	636	597	211	958
984	506	306	392	620
932	317	591	159	935
649	775	213	614	790
551	673	974	119	731
771	809	402	991	833
513	267	973	953	12
313	967	963	811	95
624	989	51	439	34
877	229	143	650	961
733	781	628	139	39
981	708	736	896	343
870	565	29	359	280
256	271	977	808	271
7	924	70	302	69
217	958	721	442	506
49	597	391	271	207
847	734	672	901	209
742	741	33	685	996
293	73	746	717	618
121	446	922	272	331
371	485	711	191	847
30	358	986	1	259
353	781	702	319	836
81	705	17	248	748
883	569	451	294	387
123	230	422	703	429
855	660	628	612	774
667	179	175	615	62
728	456	145	926	90
465	750	608	823	104
582	311	148	995	796
753	90	562	720	141
465	725	535	217	885
442	766	97	576	879
893	146	261	931	26
598	226	367	429	332
80	704	838	381	790
842	139	210	934	106
535	655	244	618	715
959	614	718	465	827
562	10	422	573	737
641	262	457	766	108
973	147	407	150	831
646	541	464	130	592
983	463	288	54	95
831	839	108	206	872
898	115	876	44	172
406	79	417	882	378
857	107	457	910	977
977	265	516	758	53
342	911	53	211	126
210	183	452	162	66
648	423	678	884	483
898	44	199	952	615
696	722	201	99	456
470	352	844	171	229
402	837	29	72	383
985	513	259	351	981
868	838	891	658	26
733	143	568	586	139
461	395	611	973	497
270	743	484	871	488
450	616	297	571	975
826	336	214	885	956
873	743	831	180	492
774	163	156	847	384
75	555	677	620	887
379	236	848	624	22
109	389	74	333	925
139	31	677	378	876
604	458	405	363	449
968	812	965	910	281
856	167	315	875	274
231	760	321	567	452
476	896	840	277	655
681	864	298	627	799
665	252	274	103	868
471	550	224	41	29
472	595	677	606	647
269	771	713	176	107
609	746	535	231	820
840	260	145	965	383
783	601	354	73	975
896	160	261	268	724
382	750	252	764	400
950	213	877	565	714
820	667	603	868	307
535	868	883	108	168
280	310	695	183	700
996	252	835	317	71
972	609	971	885	769
146	482	198	934	190
548	722	123	742	537
970	283	394	850	483
707	174	640	747	102
341	705	350	991	935
738	986	121	205	763
33	615	376	874	483
697	886	369	428	972
686	474	290	415	562
481	105	133	357	282
572	249	770	730	93
18	274	113	527	703
21	578	632	745	374
552	107	322	552	91
458	458	307	442	886
206	508	774	863	126
133	793	954	659	410
297	673	662	649	805
274	900	819	426	51
875	422	975	461	964
696	463	138	531	619
897	918	626	210	396
332	689	23	239	538
836	105	889	795	974
269	431	83	401	272
348	767	165	628	437
585	815	113	886	599
838	634	834	648	446
883	819	624	724	910
86	846	53	852	285
370	937	367	770	805
737	712	822	701	883
311	233	247	106	978
82	495	280	23	59
657	48	502	793	411
532	370	784	980	355
925	266	204	748	71
299	889	511	148	823
323	868	361	176	457
671	328	430	936	474
510	810	18	879	805
395	316	490	508	257
54	141	841	924	336
718	440	735	893	209
647	596	353	949	122
227	346	955	178	614
552	445	499	319	726
370	743	504	254	274
879	983	800	228	713
617	403	629	32	691
748	381	297	91	329
24	894	987	789	653
136	782	822	168	468
590	430	177	929	871
526	865	784	771	425
376	775	635	660	423
173	585	790	112	685
143	385	407	23	749
394	475	773	761	932
685	185	278	467	423
230	172	203	916	605
39	187	254	324	396
747	812	870	194	419
410	25	901	712	784
919	334	555	251	669
794	706	851	181	245
612	673	259	599	832
585	787	758	821	595
380	853	540	11	201
557	499	238	430	806
808	667	820	981	406
89	92	483	722	926
49	521	794	414	637
358	816	981	908	949
766	330	264	320	243
864	229	206	718	819
107	817	173	918	86
997	282	882	870	216
31	992	525	311	78
737	326	702	761	657
498	450	437	115	936
485	192	985	194	898
986	957	944	60	626
916	388	99	34	288
326	531	428	473	748
15	548	327	224	15
627	651	417	323	314
105	904	142	688	164
211	148	331	435	47
769	955	467	854	51
909	915	427	456	331
708	596	137	945	698
430	781	375	6	671
243	884	392	485	337
885	750	633	96	378
560	41	429	719	104
327	317	476	675	243
333	757	241	164	664
155	452	413	917	273
146	953	336	965	616
431	950	89	860	945
765	923	640	963	838
874	889	871	546	351
233	218	704	259	236
424	472	776	634	254
679	148	146	675	267
279	876	21	439	992
60	424	482	492	37
410	646	164	773	449
357	811	345	269	523
705	335	257	199	395
197	883	123	359	756
362	695	430	808	400
963	113	0	990	519
464	736	918	643	908
299	275	720	824	440
725	197	549	127	690
309	812	446	287	935
232	426	471	760	136
443	903	651	929	345
762	117	8	608	453
593	896	998	88	386
661	684	266	430	545
649	964	726	778	394
514	39	679	922	409
273	970	549	895	115
817	723	263	471	355
318	325	919	296	131
923	792	771	637	801
219	363	678	205	593
262	831	15	697	284
422	468	895	466	812
614	260	599	596	222
126	169	770	39	644
206	505	669	299	211
374	802	649	867	846
593	823	79	993	81
926	724	255	470	457
591	772	880	160	476
11	849	728	731	444
889	38	819	744	293
312	933	941	799	694
506	492	493	383	904
72	696	151	599	446
517	409	516	21	938
189	194	288	415	471
956	108	409	548	989
895	577	926	955	545
571	680	665	692	133
201	844	100	85	63
697	492	281	668	474
633	86	300	932	970
373	891	993	480	765
653	271	357	706	656
740	296	263	461	154
938	760	106	110	265
524	9	282	287	490
554	693	16	491	607
918	278	204	803	35
783	401	836	140	534
585	513	400	634	601
30	280	666	84	49
365	460	969	716	897
141	815	477	417	570
790	517	974	252	834
733	919	715	48	345
75	44	567	842	908
276	912	268	293	293
710	764	648	693	887
791	68	279	880	333
800	827	154	248	308
468	214	563	210	380
287	212	740	828	677
954	477	435	409	69
918	690	218	631	908
544	580	510	329	722
771	990	272	413	839
830	645	958	334	539
174	659	895	831	834
559	314	789	293	213
184	248	289	925	357
884	185	489	813	461
22	308	18	4	929
210	415	209	446	475
307	785	287	903	176
155	716	20	773	729
169	499	684	670	994
922	301	98	148	965
779	221	761	155	707
133	905	492	967	866
407	548	851	722	231
10	29	440	604	660
222	165	39	191	721
551	968	391	842	172
296	620	764	231	990
853	332	742	749	104
105	452	145	655	68
176	414	514	202	599
739	896	935	138	512
540	157	596	921	202
110	991	556	481	502
129	47	318	883	93
176	152	926	908	191
344	267	442	993	389
930	753	908	288	294
344	311	801	14	16
486	905	8	862	286
962	786	656	907	149
618	789	831	380	27
41	310	803	67	329
73	306	353	952	940
145	266	142	831	261
900	126	441	709	358
879	549	294	964	401
95	290	324	206	223
571	241	468	604	539
20	671	376	74	865
666	692	174	656	197
133	795	119	307	633
319	744	28	825	937
124	752	780	762	696
406	239	968	604	560
920	980	443	97	805
838	128	156	515	913
329	196	538	79	974
642	704	249	494	336
166	736	714	709	679
878	681	317	404	430
273	116	38	926	127
218	898	214	335	506
362	19	967	991	981
588	862	858	797	658
993	381	954	604	714
856	545	724	952	288
0	793	286	859	986
527	690	464	909	564
735	787	833	117	270
981	299	546	455	964
174	137	87	536	59
578	342	410	407	891
104	574	692	560	665
271	707	898	690	913
112	350	896	817	806
645	36	189	767	975
412	876	504	767	990
62	806	584	608	263
407	171	363	718	61
118	434	949	354	340
909	222	489	288	16
652	165	817	138	852
470	497	780	939	502
480	9	415	301	472
333	268	915	229	188
912	184	787	221	613
391	370	981	34	330
771	731	321	151	415
730	978	453	537	534
963	974	594	448	658
96	345	533	299	964
979	696	121	489	463
288	687	78	677	569
584	115	991	279	750
212	772	271	449	737
488	285	311	832	987
468	571	109	533	455
574	728	794	147	371
911	353	470	569	121
713	474	645	652	500
679	457	374	523	187
426	597	295	915	265
912	135	813	682	811
720	435	671	854	918
570	711	161	840	424
2	333	125	974	267
390	540	966	293	441
285	440	298	680	352
806	460	603	604	893
926	413	698	548	31
430	46	319	818	878
29	864	707	303	635
130	926	427	912	986
958	77	7	2	623
713	283	211	285	972
731	315	801	931	449
732	168	816	889	287
614	717	244	702	243
132	48	538	466	291
179	925	31	833	46
540	769	519	299	188
102	356	739	700	219
330	464	989	379	437
921	91	477	457	448
289	507	614	125	817
86	419	779	687	792
238	352	629	954	8
853	622	482	808	527
963	815	311	980	258
238	505	725	522	667
825	419	749	110	718
704	43	775	278	871
772	267	611	232	764
857	864	471	239	718
666	714	631	833	281
404	319	170	529	648
318	561	225	780	123
761	757	764	49	453
306	488	163	423	537
894	460	548	900	875
418	511	573	979	633
370	740	551	285	99
156	673	977	557	562
663	520	864	294	300
509	846	545	631	580
818	171	739	918	762
568	704	65	963	926
295	751	397	652	92
387	550	693	996	666
283	826	829	536	870
925	38	284	294	960
687	428	69	587	942
725	829	77	422	729
359	639	966	886	501
773	101	179	47	667
636	193	265	409	835
973	947	741	830	450
478	570	414	574	788
539	976	553	591	134
811	238	643	326	876
228	308	462	542	591
534	370	849	767	245
22	811	145	114	849
8	31	88	243	583
372	103	736	197	229
556	753	628	293	544
530	459	306	998	969
393	111	205	381	271
269	419	852	313	747
823	259	163	266	135
924	926	348	494	316
572	218	226	829	34
538	832	904	987	774
182	469	655	480	605
817	580	808	542	861
493	850	255	778	515
682	660	892	8	996
226	609	105	179	602
888	757	593	406	331
669	484	214	749	980
568	327	899	46	205
280	38	889	25	531
228	286	211	56	536
19	538	269	123	546
959	570	36	983	140
504	90	956	876	218
4	20	507	321	986
193	924	343	6	310
860	223	931	683	525
106	195	39	936	801
719	659	207	439	56
656	534	663	431	407
440	524	534	335	32
26	669	1	766	984
306	161	762	49	545
339	184	369	815	3
536	119	462	945	480
825	193	963	894	245
645	881	959	842	937
687	280	52	22	101
765	882	265	671	402
259	528	434	383	950
247	536	89	234	322
493	104	98	561	554
630	189	130	551	674
525	301	24	301	490
231	75	671	133	884
218	464	583	437	321
742	891	702	161	675
482	346	759	508	603
847	60	52	91	552
821	447	293	229	748
54	758	415	127	731
637	747	706	929	676
951	917	206	417	909
788	516	948	956	977
858	561	154	188	161
989	631	821	16	683
769	502	419	347	795
281	162	66	558	951
785	633	482	815	269
424	193	686	818	723
441	538	749	253	937
613	562	797	788	157
254	74	997	198	596
278	104	844	572	773
237	780	261	393	116
531	904	819	863	203
332	482	154	618	865
136	998	417	566	476
107	119	474	883	691
261	552	493	866	767
346	699	249	873	936
13	156	575	638	131
907	953	212	675	3
6	170	18	409	611
127	692	152	616	592
818	457	219	856	340
876	587	829	140	533
897	332	336	824	264
53	243	769	570	137
837	238	962	325	779
669	804	886	696	327
220	248	696	951	211
272	528	470	273	628
78	599	295	274	430
257	931	87	339	490
283	140	560	43	106
370	944	612	112	348
751	776	459	442	650
916	558	148	844	12
814	771	832	357	810
637	590	400	2	538
955	711	384	156	209
545	789	293	55	904
923	325	47	952	583
329	102	141	389	569
366	335	232	165	703
345	172	964	156	249
455	249	819	334	817
484	586	357	566	498
454	795	25	608	665
890	533	712	155	638
960	651	26	850	584
458	694	235	410	596
182	600	686	603	917
990	599	336	559	340
312	38	114	901	602
578	324	574	723	576
728	906	620	991	237
687	988	509	328	181
78	699	823	602	892
462	611	941	950	75
782	817	422	306	742
691	414	995	654	799
36	384	437	498	182
457	661	396	931	554
770	159	71	3	4
94	186	312	113	346
907	575	263	25	421
715	669	973	69	597
997	81	692	460	892
244	293	241	528	971
485	984	807	817	464
354	392	746	797	972
22	878	818	781	846
897	549	33	571	65
449	592	543	854	72
390	501	914	993	557
971	357	256	263	442
602	158	115	639	839
198	787	155	701	285
948	987	467	861	955
378	643	130	35	497
427	146	882	441	377
710	319	67	250	440
491	116	513	864	944
400	945	768	293	290
166	26	713	40	930
935	357	341	671	24
442	793	475	312	522
78	757	390	673	194
925	348	421	564	489
82	374	805	52	473
913	12	731	706	445
609	664	53	114	569
443	975	50	582	737
807	109	505	783	471
535	71	884	23	888
453	633	171	150	358
483	778	62	705	399
252	76	689	708	823
854	114	494	592	752
496	155	828	86	184
219	927	928	860	721
518	607	804	936	405
646	793	205	342	755
263	237	741	808	192
495	867	260	726	480
916	841	253	838	512
301	901	947	954	618
682	624	843	202	376
626	751	799	691	389
797	775	789	111	50
58	81	403	212	998
591	349	502	54	584
911	244	425	711	921
878	550	340	722	24
800	335	63	279	763
567	331	773	805	761
637	489	987	745	460
981	811	798	266	245
583	622	424	565	57
521	954	99	985	497
997	525	537	926	866
829	73	540	284	568
772	556	408	980	749
840	974	712	471	710
487	903	100	302	555
832	42	151	144	409
862	996	401	802	101
100	340	94	932	484
279	647	82	315	246
503	92	484	617	616
583	49	685	556	96
532	463	681	133	270
154	169	365	878	533
324	734	778	738	597
45	123	329	978	961
334	462	174	138	307
786	151	106	401	614
315	749	359	587	406
724	508	778	224	846
595	318	615	951	305
687	281	782	551	143
977	308	249	783	760
336	216	341	224	790
943	686	649	290	216
700	761	805	860	404
94	268	298	23	707
485	655	339	467	589
324	623	565	609	558
789	516	992	259	625
386	136	367	442	70
878	994	764	468	613
955	874	841	481	455
496	535	233	167	611
446	766	928	625	772
821	508	193	161	538
90	154	826	45	499
611	650	195	508	315
939	98	805	85	376
297	111	299	267	551
846	896	267	34	857
845	669	795	7	371
810	538	40	976	589
961	670	160	39	958
775	871	794	389	933
727	871	682	215	625
665	569	494	314	256
969	41	13	283	150
580	950	585	809	978
670	223	335	298	125
99	569	828	251	516
961	736	338	387	86
206	544	491	532	913
945	439	720	804	647
212	672	631	844	422
740	697	683	369	838
457	384	189	590	748
629	639	52	886	93
741	681	261	602	310
861	877	633	297	566
13	993	671	30	573
233	625	35	54	783
124	963	183	347	753
435	17	728	670	837
683	461	765	62	296
782	997	103	181	365
802	258	52	675	565
762	894	622	212	657
629	996	858	510	523
506	186	321	566	504
523	270	258	652	38
82	208	943	74	703
178	733	4	911	150
981	97	853	507	913
827	896	637	452	286
90	369	778	913	230
898	692	132	331	54
702	954	415	457	449
630	944	225	268	539
551	797	419	500	438
331	328	720	908	471
377	963	347	337	767
967	375	700	938	77
653	824	813	989	209
727	133	160	418	758
213	687	445	460	486
601	102	535	519	757
331	410	387	11	417
608	484	269	645	219
571	874	721	42	303
767	630	233	931	271
839	874	300	772	693
539	94	783	607	231
118	523	370	660	162
706	909	70	123	687
283	452	684	386	385
188	706	51	937	670
756	704	271	284	916
957	256	446	770	725
310	317	458	791	216
459	689	950	16	80
203	49	698	669	995
600	767	543	767	911
551	820	997	126	306
758	734	984	244	936
849	575	284	107	209
132	313	567	390	926
650	856	953	941	877
524	822	185	764	593
95	672	802	632	343
47	382	748	835	4
24	769	668	165	80
247	493	413	136	829
38	492	462	217	373
259	875	338	846	277
380	546	990	478	416
749	733	670	532	40
897	978	560	62	973
621	926	501	24	30
826	543	958	914	144
651	194	200	208	255
698	123	741	131	225
23	214	946	172	914
111	341	344	592	767
486	373	944	589	768
36	999	500	491	749
560	735	845	592	275
37	25	557	72	215
427	352	637	655	439
964	102	5	573	85
179	881	260	870	733
543	329	98	729	342
974	243	132	103	988
205	521	886	242	515
589	674	416	217	922
611	343	751	853	959
829	786	170	421	677
746	480	628	689	675
505	737	242	820	897
386	255	762	568	92
75	289	149	138	515
504	995	881	605	565
858	621	859	775	707
603	284	989	242	91
875	455	698	757	226
329	805	138	446	976
89	837	816	614	687
695	197	234	914	967
492	806	335	266	685
884	704	605	150	846
936	185	928	948	133
334	259	111	18	856
992	247	70	566	11
797	106	205	504	166
895	324	142	539	555
624	560	302	549	821
310	955	38	989	951
166	653	407	805	363
610	605	349	963	760
625	871	308	736	743
403	877	448	281	311
465	506	882	949	134
15	657	259	557	120
400	768	50	926	177
901	96	990	691	861
912	491	12	812	501
896	781	118	731	62
143	855	449	98	499
489	369	419	992	837
282	946	232	943	746
799	213	290	101	86
211	70	963	678	17
927	961	690	532	169
359	855	147	285	383
480	199	886	747	353
248	161	280	802	149
172	148	952	938	959
458	503	399	797	290
696	19	442	749	775
442	207	843	540	506
908	220	645	276	782
615	504	199	484	467
146	370	610	627	140
903	463	64	1	52
724	605	791	172	559
977	628	81	706	599
793	486	888	320	520
988	871	99	227	954
430	461	269	66	808
776	156	722	943	267
333	684	243	844	202
836	801	691	296	47
703	144	725	690	158
602	954	79	832	830
78	950	476	14	993
654	171	381	134	698
927	494	124	363	445
806	402	773	684	234
91	403	371	355	350
669	154	864	316	253
219	205	142	994	336
134	399	956	559	450
464	800	52	553	12
737	211	196	676	992
489	565	731	266	155
732	94	992	795	210
390	845	683	666	429
943	264	848	661	225
715	599	226	370	564
91	867	6	154	870
319	180	857	385	450
814	188	376	362	28
923	442	609	331	832
406	672	513	10	215
520	829	542	63	436
326	688	884	538	554
530	176	642	319	719
308	914	562	12	118
234	132	177	139	141
206	933	681	220	661
738	526	893	828	678
450	583	954	902	340
275	822	878	773	199
866	732	585	730	358
976	871	88	698	964
476	867	175	6	836
764	364	688	974	514
216	3	312	913	503
656	719	396	816	297
476	170	146	839	90
880	419	570	209	137
941	360	821	883	137
111	359	124	461	360
314	986	494	940	535
282	404	843	267	266
996	954	288	349	361
307	589	86	670	372
287	853	905	269	914
66	699	70	271	199
40	616	752	776	384
637	572	980	905	757
498	17	717	666	778
398	382	205	228	486
821	529	854	98	575
970	530	453	507	502
193	260	160	435	437
994	809	156	593	867
601	560	625	891	605
675	388	981	399	892
449	175	617	782	852
535	773	135	784	981
866	982	445	639	520
464	174	630	273	708
875	14	757	404	567
904	99	981	324	238
373	141	605	667	821
391	464	816	493	637
265	147	15	16	294
855	947	860	370	227
204	75	289	68	194
655	163	324	600	599
235	187	491	813	999
419	678	199	758	595
988	326	695	317	385
560	413	422	701	944
879	50	561	479	88
46	377	343	985	534
60	700	714	703	548
994	487	780	458	79
810	151	836	234	839
477	9	526	475	588
66	219	160	165	347
125	816	276	652	686
548	679	942	56	3
807	136	506	505	320
584	77	539	661	51
55	120	191	947	987
891	180	911	49	132
290	242	614	386	907
60	656	285	624	192
211	773	37	317	652
568	293	932	287	992
912	57	813	861	267
350	282	992	227	220
113	208	101	320	214
851	954	928	25	256
707	882	130	404	492
109	715	82	30	235
903	267	2	81	705
795	14	887	403	416
858	444	844	487	377
62	517	861	700	917
535	351	705	699	172
998	822	743	397	984
674	639	875	981	376
50	270	428	339	968
837	963	905	375	146
421	320	438	169	259
966	932	370	657	582
742	544	222	815	863
494	457	211	66	831
785	394	410	845	108
483	541	687	56	619
100	562	57	694	628
333	907	756	709	659
353	74	163	195	205
63	715	308	427	991
885	146	350	923	781
903	337	425	879	567
755	932	319	581	99
251	459	292	815	523
99	352	876	288	708
245	469	602	721	211
291	721	555	669	532
47	447	713	55	525
211	971	756	936	400
713	67	243	429	118
740	213	323	591	511
226	411	663	31	730
493	37	939	871	164
473	914	704	887	93
412	757	832	841	788
119	129	753	343	769
862	759	139	49	698
16	805	733	945	73
97	465	127	631	570
255	638	371	288	120
478	703	41	512	403
249	496	143	334	650
651	306	31	478	952
764	800	327	983	384
43	858	99	672	729
194	972	956	427	86
475	605	352	772	731
714	939	677	206	173
238	604	10	971	887
365	580	959	483	879
902	466	322	506	697
326	730	529	76	428
579	841	80	392	157
834	594	707	762	714
565	47	137	572	352
584	801	290	412	931
71	819	771	195	858
16	6	494	632	808
959	90	661	131	890
166	878	412	83	784
496	847	113	61	466
557	128	724	463	496
754	468	259	88	877
358	831	442	782	841
829	890	323	137	747
489	50	227	489	295
11	997	136	448	440
392	872	372	293	317
148	737	816	111	830
528	240	693	110	119
913	506	446	483	196
209	285	481	749	671
325	711	112	818	305
249	153	941	103	766
341	509	892	152	447
405	880	337	291	122
117	919	418	0	896
258	369	881	795	418
292	599	626	791	151
277	753	131	506	434
970	803	627	932	57
715	849	880	403	936
389	804	481	943	633
226	174	124	989	731
966	362	966	363	636
647	55	83	461	248
391	987	300	913	533
236	974	937	462	698
291	110	13	401	28
563	681	304	800	957
224	51	179	74	284
984	421	344	392	794
738	294	712	298	518
439	276	456	901	784
333	250	50	596	358
696	156	174	856	264
912	802	794	794	684
121	136	90	176	921
267	667	635	891	979
417	547	523	6	767
585	103	267	178	324
941	387	714	449	240
247	908	279	181	750
612	600	581	953	124
410	215	6	884	509
99	664	366	160	865
536	198	250	668	941
731	98	980	699	159
653	18	782	136	194
274	621	218	784	792
496	420	35	760	173
967	594	318	909	300
173	233	684	881	698
761	977	895	269	547
804	443	909	237	995
277	243	739	524	288
565	908	873	209	959
729	756	493	396	225
93	584	380	582	903
408	538	29	527	497
543	762	285	736	426
61	318	180	161	914
116	377	363	39	951
652	3	627	605	63
587	715	694	668	953
293	274	343	588	699
39	628	606	377	152
123	679	791	241	84
481	949	482	240	445
745	437	20	254	552
87	943	839	32	949
431	918	351	486	189
775	555	588	118	645
587	776	886	778	817
775	64	67	405	404
571	406	413	900	268
355	466	905	8	466
651	653	213	634	21
278	377	587	942	146
96	564	578	416	601
159	980	490	386	983
514	486	508	876	231
542	776	991	208	87
801	683	599	916	697
684	889	163	554	829
23	478	842	80	137
730	714	869	82	451
149	512	605	193	960
296	277	212	416	942
166	206	576	317	202
954	414	493	513	185
992	947	148	530	845
194	749	91	224	113
797	565	70	878	730
291	299	455	839	540
592	607	235	756	835
12	431	765	426	235
855	351	705	109	320
399	989	429	439	793
291	29	314	572	649
649	925	876	676	472
107	624	987	253	854
244	791	940	283	626
223	738	406	101	164
739	364	947	60	181
153	614	876	278	39
964	76	19	754	238
306	830	421	674	261
785	744	16	905	553
919	901	165	228	674
823	674	670	393	109
852	946	451	518	314
24	347	156	593	268
995	937	464	927	130
895	85	445	161	853
507	717	234	457	822
613	449	708	728	947
552	329	345	967	367
195	342	913	466	246
170	149	517	487	111
797	989	734	600	356
606	753	384	986	764
817	269	67	362	691
41	585	371	805	499
478	577	363	707	953
688	402	674	528	683
524	923	271	449	824
622	114	284	753	864
895	683	163	192	834
185	25	327	158	615
852	812	28	158	349
227	470	969	527	897
222	712	818	55	683
87	633	842	129	671
339	120	288	111	950
659	907	102	956	602
458	954	743	958	875
634	599	537	917	833
199	145	434	535	164
755	899	165	555	92
289	443	648	551	985
458	238	182	878	443
168	596	578	970	617
766	554	781	760	202
90	903	363	743	578
317	240	179	866	432
715	533	406	341	275
662	896	134	682	298
338	545	182	187	548
605	734	530	897	200
68	504	715	310	284
756	924	975	714	707
614	433	217	654	301
176	28	628	787	899
776	798	131	739	756
298	661	8	371	987
724	179	923	951	714
845	837	755	314	969
19	230	655	281	68
312	80	123	659	616
378	299	164	659	860
252	372	388	711	618
45	910	842	501	808
369	265	932	845	75
545	635	355	391	48
89	728	128	30	513
865	827	493	150	896
924	194	380	34	89
908	465	443	524	487
424	302	979	386	622
179	532	90	820	968
679	723	275	590	768
737	587	288	821	365
128	331	513	423	985
492	913	802	200	829
562	554	916	859	650
283	469	193	613	117
68	168	663	40	676
529	903	630	168	870
868	177	15	3	79
668	351	987	501	744
974	681	553	855	529
635	982	560	859	339
978	552	233	447	113
889	529	86	702	264
413	208	202	593	488
591	139	30	593	595
151	545	691	804	500
787	222	765	14	139
226	497	564	136	710
606	334	318	670	935
841	572	157	728	139
479	715	265	54	177
488	323	320	808	679
685	33	528	389	514
269	913	397	970	912
258	10	646	694	561
510	965	654	881	907
419	962	106	837	383
119	451	418	561	885
714	450	87	668	753
68	510	613	961	746
817	219	280	534	885
640	876	171	776	788
683	951	75	498	837
506	639	306	760	639
997	113	474	999	920
98	230	301	620	217
941	630	143	616	586
550	389	604	943	424
251	400	856	250	182
275	742	303	741	279
149	737	19	770	120
137	759	211	651	861
570	801	451	708	103
991	53	885	853	358
254	152	398	82	996
479	897	709	905	690
91	11	921	247	497
491	307	407	4	518
210	962	395	443	402
973	513	772	48	438
222	641	809	789	953
166	316	130	281	749
424	119	61	805	448
902	458	717	457	414
283	335	573	813	441
325	425	408	52	538
612	520	430	104	709
346	621	271	592	580
965	139	561	693	790
195	170	858	975	726
340	507	804	792	920
529	322	426	511	246
279	978	546	646	231
750	240	654	586	979
23	555	222	131	935
158	721	916	301	130
827	754	503	942	718
440	735	92	744	152
596	850	937	383	349
1	747	379	437	375
75	932	854	85	590
498	495	804	280	285
174	176	232	904	538
374	250	799	863	924
32	639	481	86	755
324	483	934	625	60
456	742	913	853	618
295	840	321	217	673
128	280	597	340	385
211	842	37	710	755
817	537	490	70	670
854	140	48	687	429
485	887	981	122	948
575	132	365	528	856
199	910	101	100	562
868	258	620	766	4
943	237	935	735	366
169	817	349	648	138
114	136	733	404	832
955	245	149	859	806
178	859	968	906	897
94	906	998	359	597
696	829	865	695	22
37	968	366	827	457
919	808	831	924	174
360	85	278	939	511
403	943	276	552	551
77	899	923	838	16
287	294	598	777	241
440	590	817	424	786
571	981	190	27	990
442	887	807	554	684
453	738	233	37	875
333	635	753	563	123
180	34	59	938	721
13	523	966	628	733
587	686	950	164	987
278	503	841	72	108
394	265	17	911	914
34	311	23	35	201
197	591	604	801	118
423	413	472	218	457
210	924	588	104	35
760	986	703	650	936
339	259	569	516	245
222	707	613	241	428
725	455	570	226	899
598	820	168	464	945
306	995	347	69	389
647	587	375	240	105
45	376	427	668	695
309	174	341	320	637
465	714	561	91	460
304	540	847	407	938
790	799	772	733	622
415	264	197	105	784
148	628	550	133	717
850	850	828	488	392
951	87	501	301	399
931	613	139	666	90
250	98	153	804	583
116	63	472	761	741
431	831	268	683	411
636	881	227	157	769
339	992	942	586	528
209	540	210	346	992
648	0	467	74	848
295	293	836	47	209
417	689	6	135	951
332	271	531	757	901
769	39	995	80	398
777	730	603	131	303
345	171	596	541	983
209	605	513	182	739
508	459	307	348	863
383	446	197	684	819
620	443	535	76	702
355	786	774	168	520
804	610	416	29	479
485	971	296	611	752
298	960	247	643	877
31	961	455	752	876
790	886	678	525	668
402	50	512	67	59
451	400	103	592	189
474	921	57	227	247
479	724	449	773	136
612	849	618	208	793
690	219	814	474	51
606	989	411	297	363
192	180	662	711	143
517	4	791	378	524
406	993	570	130	483
222	182	157	816	402
579	361	11	730	333
569	755	203	864	558
817	454	552	713	281
201	908	247	604	702
574	450	237	415	632
943	757	277	609	155
614	288	589	940	453
992	535	75	998	225
365	515	700	483	505
763	393	350	511	353
182	375	642	959	450
645	293	720	35	674
893	545	691	263	780
50	827	808	421	78
657	218	107	678	266
39	145	318	283	592
756	930	983	770	216
693	374	28	262	573
803	743	367	756	320
501	712	821	200	603
16	303	642	92	438
369	386	712	38	427
67	75	216	213	310
292	687	542	99	457
358	537	170	832	738
844	405	906	198	679
199	1	675	567	647
837	471	660	262	466
991	409	121	739	178
165	493	411	485	120
34	189	151	377	539
779	83	601	919	138
931	775	573	494	218
782	323	633	99	894
111	364	719	454	518
600	881	611	428	591
737	907	778	450	281
800	654	882	434	498
985	137	71	347	448
52	874	456	953	99
289	909	657	700	931
705	73	293	812	217
505	40	345	389	793
984	556	803	132	636
856	766	358	583	680
647	375	393	538	636
602	527	839	354	665
370	26	651	947	726
678	478	784	960	476
520	764	810	940	51
815	905	529	993	460
217	294	208	176	834
723	189	624	927	815
984	891	573	46	595
510	842	955	982	487
817	406	567	105	645
706	650	99	10	262
715	836	562	89	737
247	662	848	751	636
559	547	34	327	688
67	733	129	144	490
466	586	615	835	459
27	480	501	523	378
38	816	492	192	349
982	463	63	452	548
864	703	850	606	592
644	743	177	84	619
527	289	705	827	161
148	950	571	648	519
482	906	513	416	755
964	515	179	647	683
183	419	982	673	689
573	512	285	930	955
8	296	673	398	53
61	590	89	509	801
30	333	117	468	577
806	599	534	413	160
612	650	323	498	331
553	40	991	89	341
52	260	60	28	563
303	977	491	733	566
789	80	432	635	596
866	136	852	113	113
150	186	311	45	531
57	633	320	231	823
690	333	308	516	413
453	12	954	380	327
463	900	105	465	72
405	556	325	6	491
10	455	706	286	824
990	297	4	906	516
292	40	675	794	563
848	604	0	726	378
991	216	241	577	44
698	348	13	82	421
411	889	42	223	913
506	926	720	946	809
184	892	271	91	473
699	499	536	229	909
373	863	354	109	77
961	871	120	217	463
431	916	551	743	986
997	660	101	588	691
467	808	990	820	220
335	413	641	22	796
336	539	496	932	26
164	306	911	903	578
920	174	649	398	770
140	955	971	234	900
248	310	744	403	81
565	738	260	169	229
643	650	193	667	955
32	953	453	315	843
627	692	522	855	693
885	151	618	919	695
580	85	583	583	806
214	755	853	573	477
726	191	92	659	235
905	160	735	178	663
670	621	24	457	707
619	800	806	431	829
88	232	556	107	733
871	112	31	947	314
994	702	419	158	184
877	939	699	369	183
732	511	402	399	100
892	560	270	851	224
23	445	943	298	674
845	318	237	74	668
203	19	448	555	401
869	907	930	962	525
45	960	324	392	411
166	320	186	648	805
724	673	854	313	768
129	89	580	747	743
819	926	210	139	542
507	937	860	599	545
147	603	577	121	486
595	429	916	305	723
976	602	828	965	61
206	500	184	81	220
110	435	691	602	118
764	142	473	306	444
554	852	268	706	823
388	678	121	665	997
328	548	976	167	19
90	840	216	13	549
686	289	953	95	918
374	774	125	309	736
880	13	332	274	73
624	261	41	639	737
479	418	14	643	641
737	164	894	724	593
670	186	779	712	813
334	605	423	191	983
284	777	805	373	695
204	444	31	110	99
186	440	314	377	191
309	663	842	481	953
1	642	763	679	406
873	808	212	371	344
392	999	547	722	455
885	131	818	113	988
623	630	548	801	402
527	373	242	499	891
251	667	599	885	574
678	113	308	577	450
962	699	348	203	211
711	483	267	813	933
663	451	278	850	573
803	219	32	858	853
180	493	954	36	953
800	207	680	254	300
511	19	246	920	395
978	587	242	561	225
568	441	634	513	553
641	957	362	345	234
140	545	64	899	709
44	11	682	379	84
451	381	854	683	564
231	812	168	451	664
955	656	9	946	507
343	101	266	686	853
14	382	579	140	277
815	667	998	762	596
413	214	376	514	69
509	590	649	908	507
276	577	666	549	424
745	328	312	638	688
317	794	139	781	137
680	676	952	596	693
176	311	786	95	608
599	767	932	208	501
589	475	498	34	790
54	552	56	523	874
378	782	136	391	122
112	44	193	628	300
663	205	844	365	555
593	119	388	97	564
766	115	179	474	612
270	730	486	822	127
803	599	471	659	658
880	241	607	98	706
695	583	894	746	6
28	273	370	552	988
837	197	139	8	513
957	997	854	1	430
760	698	751	158	911
682	591	190	811	695
248	377	587	904	571
766	749	339	296	147
147	107	385	932	499
154	59	14	525	42
8	133	626	76	815
248	421	208	188	342
135	460	339	641	767
793	264	149	954	132
438	195	624	294	137
939	778	779	650	437
330	336	262	586	697
238	644	587	409	755
305	329	223	153	226
679	390	432	302	477
180	964	48	539	739
743	449	133	729	779
704	651	337	558	766
610	346	974	709	124
684	703	687	700	327
812	554	70	74	183
997	233	272	429	513
41	480	437	195	104
70	570	314	421	931
636	16	155	375	981
673	188	134	665	84
825	737	352	340	75
423	919	178	341	646
78	713	937	731	743
144	162	985	614	924
193	439	473	178	491
687	155	18	99	369
257	200	939	916	549
752	35	506	839	220
644	767	310	900	420
643	277	244	874	179
506	494	126	832	291
974	626	394	606	733
486	735	619	996	765
740	269	268	129	17
802	489	26	375	710
530	932	750	882	799
536	171	354	847	323
713	632	63	271	707
179	60	344	550	461
357	948	63	995	119
237	55	540	471	940
68	327	122	832	864
188	819	931	79	479
862	208	20	634	102
140	685	985	17	708
853	699	586	702	622
218	245	967	269	590
183	935	476	294	65
489	303	160	919	533
820	847	603	518	309
688	847	155	50	841
132	463	44	229	935
826	805	343	533	220
320	658	697	135	863
515	587	349	922	865
431	425	415	614	974
105	402	405	696	511
159	459	569	797	847
319	649	451	30	168
887	383	308	897	182
887	662	842	453	718
375	972	437	120	420
491	827	275	974	275
815	833	318	700	313
466	683	766	308	530
87	147	959	583	429
471	700	904	981	583
885	479	696	667	741
314	874	258	759	191
120	401	787	674	625
719	873	318	978	35
260	84	15	146	695
377	692	294	162	742
441	585	662	207	988
78	734	351	301	727
436	541	910	751	656
348	315	562	776	778
638	861	22	150	949
472	349	865	815	623
284	939	516	558	344
311	573	522	145	675
7	223	49	852	581
973	383	570	461	7
401	718	694	715	968
515	165	940	325	775
560	579	350	979	784
872	30	316	366	617
728	635	994	445	390
619	146	917	916	355
329	826	938	56	751
323	336	554	902	726
746	29	167	103	666
181	575	917	887	298
326	989	503	740	805
483	153	468	994	689
740	519	341	138	183
237	208	43	703	340
687	167	589	707	557
225	27	176	164	693
934	664	580	180	715
4	758	796	942	871
950	280	170	197	306
786	577	188	931	255
352	149	608	563	496
172	745	638	948	85
29	522	358	192	911
820	870	968	427	532
408	329	664	824	94
246	37	884	382	981
868	522	882	187	848
494	168	612	321	744
142	492	240	354	821
978	182	801	190	700
314	928	645	707	139
801	277	275	737	927
654	612	937	949	55
221	313	900	962	965
1	924	161	667	439
628	434	377	602	294
76	646	119	352	379
292	483	28	852	518
410	446	619	603	515
661	923	576	228	138
39	145	173	213	190
649	151	258	678	663
965	800	226	354	715
686	525	972	744	224
352	717	897	22	103
618	284	377	843	819
914	317	973	573	814
352	613	141	777	610
794	402	858	518	452
259	28	560	23	606
206	138	208	747	518
884	98	1	721	603
436	404	364	483	836
489	928	602	339	106
910	782	53	290	66
436	544	636	628	950
394	546	384	707	933
203	692	161	81	646
219	702	378	130	763
923	836	339	544	489
559	888	588	252	492
563	625	341	634	998
588	234	709	667	199
240	421	266	50	888
839	59	351	243	471
46	323	420	301	690
295	319	883	60	240
208	205	148	286	426
187	494	343	668	760
466	817	175	886	851
313	72	449	292	309
665	784	255	108	176
212	692	532	533	370
413	978	482	667	631
777	813	682	594	357
746	816	400	138	635
637	440	433	270	458
9	9	452	977	388
152	11	283	822	30
970	394	870	409	343
60	458	530	362	703
52	594	670	281	645
838	258	825	554	925
453	887	258	891	308
998	992	72	222	208
327	463	414	107	332
185	623	347	80	448
217	539	116	247	198
891	688	63	682	662
534	515	738	958	465
708	4	80	83	654
236	449	660	741	829
741	783	143	959	843
490	975	185	15	355
899	870	116	37	795
141	812	794	469	343
296	813	741	639	21
310	493	752	227	225
157	390	692	494	369
358	996	874	3	710
491	557	133	790	261
214	572	752	482	834
396	915	145	587	169
40	301	369	662	262
364	704	729	504	80
530	29	337	231	101
971	582	43	664	906
785	828	960	740	949
653	310	108	918	182
956	573	4	45	285
692	789	883	279	838
737	776	302	961	853
207	435	439	619	970
292	651	191	789	883
792	363	579	748	74
719	84	143	373	588
233	278	176	863	999
470	141	785	873	853
422	259	41	207	475
311	106	378	360	654
146	124	80	166	657
463	546	976	902	228
520	508	216	13	95
99	14	271	547	764
605	928	963	579	695
130	309	229	909	215
9	143	557	500	141
978	527	448	252	63
854	289	850	499	885
159	640	777	82	579
994	690	514	876	299
956	298	991	160	106
503	410	332	548	171
663	528	465	675	530
611	878	9	241	191
39	714	641	514	567
699	800	669	735	987
252	38	48	18	414
149	610	146	975	269
463	651	147	420	636
59	490	3	277	456
251	777	647	493	413
535	994	857	744	679
631	287	351	201	936
300	780	342	552	1
380	837	858	499	424
33	10	340	350	748
791	214	27	837	469
107	961	12	550	865
506	358	929	907	941
944	294	533	677	321
580	919	465	251	573
217	44	193	418	631
498	747	790	487	312
230	853	269	360	295
861	127	164	13	750
766	650	305	212	865
202	289	613	866	974
582	433	647	824	778
693	486	844	538	409
721	730	750	832	180
619	856	43	483	5
826	91	755	449	297
880	982	641	162	17
97	687	201	857	621
720	530	236	69	71
743	889	208	419	604
69	339	937	380	720
917	593	253	800	185
899	930	521	458	189
361	543	66	159	369
572	358	677	815	463
853	165	518	669	740
499	591	426	447	969
957	386	171	586	226
46	32	626	678	787
941	27	334	50	548
36	525	118	664	424
126	232	598	283	857
425	976	215	725	888
797	406	950	248	755
236	253	901	696	368
778	970	918	778	156
831	999	122	878	295
668	928	863	179	895
74	645	151	179	439
621	715	550	943	870
33	123	46	510	106
502	193	575	256	506
252	409	941	729	320
765	728	296	587	961
743	932	749	955	996
9	5	700	842	236
468	864	13	672	28
682	258	798	893	686
310	930	212	505	360
791	96	221	411	132
85	576	725	764	748
858	691	745	408	928
673	629	866	323	193
451	875	257	195	64
302	159	512	63	45
224	409	143	113	473
397	616	662	444	583
392	643	271	290	399
889	952	958	724	710
287	587	989	447	427
83	696	191	331	862
471	194	155	757	850
46	954	861	206	542
432	312	824	687	510
912	934	316	493	36
82	47	82	122	999
25	338	941	616	774
143	371	282	749	276
802	476	826	890	908
705	95	750	353	337
677	608	197	394	409
959	849	677	321	352
183	241	227	807	464
10	894	241	647	254
525	178	551	165	290
642	97	803	827	22
703	845	856	730	790
782	544	881	834	217
627	873	791	960	687
588	630	711	322	775
24	153	530	805	50
504	721	529	620	890
786	252	218	693	487
80	220	357	647	94
129	817	784	668	40
262	629	487	131	223
30	394	427	353	387
631	464	710	732	140
536	208	810	171	106
639	291	357	304	48
327	628	112	579	914
819	309	945	682	975
141	67	29	982	676
964	117	480	643	925
55	509	535	806	319
330	326	342	620	28
91	240	269	353	216
814	855	630	742	543
505	701	766	762	539
226	175	496	929	515
496	490	456	478	490
35	790	544	698	711
777	73	163	306	928
438	887	71	407	937
927	640	189	565	860
865	399	547	476	561
461	547	545	96	853
383	291	319	511	257
332	666	998	822	881
875	716	423	588	754
772	3	91	427	145
394	579	356	202	412
545	505	333	128	421
498	96	50	694	375
919	708	650	200	698
832	453	748	646	238
948	370	344	855	728
42	970	28	403	97
910	906	826	990	119
809	59	837	521	270
554	273	243	194	487
379	504	353	84	472
299	860	972	73	871
32	528	625	395	966
37	367	606	65	103
81	271	820	880	804
210	406	75	521	60
626	587	449	993	158
71	184	622	547	795
317	98	21	258	650
160	568	775	298	268
627	846	489	241	974
91	740	623	22	531
403	79	56	939	922
709	143	934	472	16
294	37	767	614	451
167	163	267	627	94
952	625	0	452	144
274	768	11	988	126
891	879	187	46	582
834	861	86	389	724
479	32	765	794	861
261	693	555	766	345
932	200	417	943	566
841	521	127	247	513
416	694	897	574	32
727	77	879	711	244
111	947	7	832	503
882	521	977	705	587
725	610	59	23	655
712	389	464	98	88
912	668	587	611	610
699	793	135	806	273
979	991	706	710	422
669	155	626	144	593
63	764	510	832	571
225	317	753	844	638
380	450	592	717	320
82	699	513	196	109
363	421	665	601	501
889	752	919	546	578
499	647	855	389	226
386	783	264	829	348
578	697	863	962	671
184	416	288	491	840
521	113	607	794	937
764	164	938	815	411
283	582	153	132	889
509	145	536	769	487
460	968	107	384	17
743	827	227	298	210
738	352	203	39	100
524	78	449	201	793
150	41	466	149	694
464	801	104	921	722
417	475	502	813	367
649	557	721	375	310
799	585	153	160	183
349	276	47	553	455
343	941	209	524	786
393	810	637	817	672
561	712	239	844	946
480	657	96	942	149
373	422	443	555	375
142	221	727	226	463
811	97	499	235	792
731	613	142	373	339
39	61	122	464	4
338	695	397	77	974
537	228	706	299	362
342	787	254	998	711
356	901	471	795	878
716	91	868	792	123
229	266	61	548	440
301	556	187	396	728
741	766	108	951	176
392	570	714	518	95
553	616	585	535	891
55	304	119	313	399
120	658	687	901	829
20	930	664	264	162
11	225	661	258	882
433	930	148	344	667
956	453	226	307	888
158	630	311	454	115
974	114	266	506	173
5	834	297	180	899
207	680	933	833	268
593	179	288	958	722
0	652	926	957	866
87	513	398	91	817
280	83	30	116	194
17	248	585	61	580
892	665	152	240	576
595	420	500	350	693
735	814	156	706	876
908	35	235	36	903
399	63	394	419	107
903	840	692	997	414
318	861	76	654	429
21	566	670	823	954
934	761	61	610	972
166	89	473	22	500
866	686	952	900	453
445	842	12	819	736
200	482	784	317	674
116	182	492	695	27
148	37	887	986	353
257	501	587	705	178
838	639	446	364	542
691	243	872	382	100
586	768	101	897	612
204	701	673	598	610
223	221	165	953	8
447	831	200	199	239
220	145	719	133	618
525	982	307	648	195
254	100	361	834	734
863	809	775	652	145
502	962	382	275	361
539	921	527	147	354
654	150	451	879	38
254	258	594	26	820
869	899	85	929	215
427	973	816	477	871
827	274	514	78	190
495	445	217	610	881
390	498	387	972	786
534	777	391	127	537
868	683	944	263	53
743	103	880	409	579
645	782	496	237	378
509	688	457	923	23
79	84	398	902	379
220	28	535	174	917
390	955	302	808	754
510	945	792	118	852
350	167	929	742	914
306	209	129	367	91
299	917	896	169	934
20	993	895	581	723
12	226	535	492	137
965	719	52	374	931
121	656	709	75	35
477	120	762	158	599
556	775	828	246	32
613	646	582	155	450
847	326	426	794	418
75	630	271	881	429
167	402	107	365	310
541	700	288	720	380
580	782	15	791	213
405	724	387	339	659
202	636	828	301	179
271	370	892	293	251
259	654	528	208	231
830	305	44	737	785
429	36	266	270	942
215	359	356	983	919
319	409	332	192	910
587	348	849	522	176
331	196	560	881	331
810	731	852	74	945
582	314	635	65	494
283	999	579	970	279
583	346	372	291	518
24	214	239	199	636
653	324	472	894	228
486	258	179	562	408
643	4	588	52	846
203	408	583	665	246
435	95	542	142	896
193	627	4	193	594
335	415	252	290	632
260	412	431	402	863
284	255	236	142	405
652	21	745	939	828
403	748	365	873	166
320	757	400	239	195
386	800	433	476	696
333	859	793	28	698
645	28	292	245	737
816	138	645	39	304
196	311	485	792	798
348	476	851	411	587
977	632	722	515	726
285	588	764	821	729
829	599	75	958	880
891	677	516	989	336
493	168	411	38	106
307	683	877	956	394
231	704	10	838	773
409	888	360	478	221
561	734	824	628	325
333	929	592	64	355
983	221	71	469	235
551	118	29	945	650
691	56	464	592	149
45	832	950	16	324
919	443	46	391	590
410	38	398	746	303
53	837	896	310	918
730	303	952	889	984
159	251	353	547	231
359	166	600	373	492
536	62	530	865	236
478	122	328	982	496
232	624	715	959	777
162	303	172	673	96
693	772	370	370	923
547	323	831	690	573
313	777	341	738	129
796	119	331	594	968
416	820	544	121	391
886	13	121	633	952
143	697	876	594	830
963	769	320	156	740
138	663	402	34	111
878	528	752	650	134
916	555	410	48	961
814	786	856	512	775
557	491	358	564	50
430	570	361	85	25
17	468	970	843	989
506	515	705	722	412
139	500	746	776	711
240	349	69	991	909
536	863	752	480	114
835	106	10	753	446
402	19	926	329	820
674	581	988	393	737
137	830	719	79	143
558	251	237	722	625
100	367	387	226	80
774	351	797	426	668
25	595	72	616	922
969	201	852	804	799
68	122	370	418	460
477	872	900	675	238
77	437	50	659	548
969	193	692	146	990
325	666	991	799	813
482	129	992	495	16
866	487	981	463	197
723	155	769	425	409
21	124	534	738	317
21	385	361	648	462
611	541	616	836	178
596	507	998	337	357
98	926	392	658	683
937	18	682	153	444
545	944	115	704	311
349	398	236	794	827
863	824	2	746	107
940	81	572	464	525
987	694	210	821	474
187	214	252	466	950
222	815	233	551	866
155	423	568	955	976
101	415	549	646	837
350	432	185	343	80
842	471	416	152	540
459	918	508	235	114
886	416	652	17	115
864	719	793	473	569
946	325	398	216	892
10	518	516	441	877
577	580	248	200	42
772	608	469	885	718
711	930	616	664	992
660	616	601	484	721
940	909	919	461	357
41	66	396	302	444
612	747	205	270	907
472	355	611	987	92
218	586	796	527	628
731	962	519	89	136
549	909	324	186	254
260	717	839	219	148
672	996	324	933	918
407	625	725	286	549
652	351	358	464	563
85	697	250	883	486
169	501	597	348	789
263	67	921	385	370
256	49	27	637	953
880	912	505	314	547
780	738	61	30	657
376	549	265	155	606
787	242	735	467	61
297	138	182	777	358
941	194	851	304	915
887	97	759	675	768
34	25	877	278	893
727	414	588	116	899
285	204	252	849	253
117	261	743	841	758
472	491	349	45	190
815	157	435	950	169
180	185	357	136	615
181	361	570	675	710
950	358	674	482	847
199	288	745	42	974
943	177	245	41	855
373	248	933	311	598
430	531	572	970	312
577	61	362	715	455
657	287	487	876	646
595	690	701	368	514
36	409	19	51	240
286	815	134	688	881
82	95	866	491	991
180	970	572	617	190
306	747	100	986	317
911	376	207	833	412
768	217	133	416	58
148	6	362	651	969
412	315	449	691	931
990	911	614	385	905
240	802	672	30	325
645	906	815	442	842
744	630	443	468	789
596	407	197	190	497
353	226	965	634	924
225	206	295	321	848
230	621	744	773	288
26	491	92	243	441
712	238	724	130	461
339	342	371	559	248
517	863	465	30	772
301	964	573	805	927
424	314	801	638	821
851	94	860	554	102
287	703	832	587	470
158	69	361	499	491
531	476	227	841	962
626	483	463	249	321
407	308	269	889	21
30	446	919	720	643
228	231	510	22	747
246	632	848	922	666
285	725	475	999	523
250	196	74	573	322
751	635	302	659	132
137	649	963	483	108
333	750	25	167	467
604	715	59	264	712
973	735	383	101	165
252	802	557	832	281
716	620	152	623	415
515	365	564	407	686
16	425	190	111	730
143	640	386	694	864
838	931	817	395	692
954	312	632	958	148
381	655	562	973	424
566	116	604	377	712
818	566	149	31	4
949	812	140	777	926
615	511	349	707	277
814	413	461	361	533
495	972	244	950	380
126	1	634	296	123
533	680	689	722	249
244	737	647	766	271
682	500	626	260	42
558	843	86	446	10
288	328	111	686	976
234	711	265	142	873
961	591	978	42	701
465	341	716	573	660
955	289	673	29	924
172	32	315	898	723
518	236	127	22	541
364	337	22	825	491
864	146	803	383	831
896	60	324	642	950
785	206	747	31	509
560	236	192	852	702
856	20	796	990	520
550	975	110	407	652
870	19	711	638	443
782	321	245	924	523
212	191	874	535	609
307	601	103	647	577
836	266	474	639	218
61	110	875	957	109
176	395	637	706	212
161	125	255	661	921
869	825	524	194	256
733	334	139	63	271
218	311	428	947	327
381	686	619	132	967
175	185	929	768	830
3	58	958	37	392
798	410	260	226	578
15	101	549	260	98
242	962	494	889	175
783	648	230	429	165
908	786	791	399	325
826	893	754	516	281
769	632	771	180	272
750	115	766	262	260
845	180	381	890	329
376	604	547	895	691
343	849	95	616	695
669	928	667	648	838
52	454	622	669	251
649	511	456	590	769
959	662	808	939	796
62	359	390	384	329
973	369	730	402	54
586	397	931	575	69
743	405	513	965	611
30	958	794	26	449
462	396	850	405	102
626	392	340	245	696
727	646	179	432	269
515	644	576	252	270
462	495	123	61	630
216	887	529	542	540
693	697	499	580	917
217	936	819	847	699
745	276	780	95	501
913	768	86	880	860
671	728	252	594	703
747	752	935	202	168
156	657	491	212	994
376	437	744	872	964
209	554	724	465	550
673	654	114	928	89
604	641	38	277	462
811	432	222	316	807
699	162	488	756	159
414	151	881	738	840
658	988	176	164	608
702	460	889	461	465
676	283	267	656	490
197	220	795	369	657
375	954	878	720	361
352	257	479	11	419
755	695	587	318	174
188	175	732	533	433
242	590	625	836	547
926	885	694	739	2
248	298	163	313	415
664	591	814	957	100
18	15	28	546	523
246	125	630	515	655
723	959	499	921	76
302	920	71	294	143
921	581	781	365	956
48	515	84	76	547
384	24	429	325	785
108	529	677	125	181
901	372	641	423	894
474	380	109	942	685
256	796	709	638	959
340	137	463	793	731
116	969	217	767	274
424	547	341	356	646
25	885	548	89	177
268	108	80	124	407
622	724	973	470	309
884	432	991	749	95
985	596	336	472	707
863	411	51	51	512
358	735	10	531	48
869	684	358	644	475
347	984	339	612	493
957	94	415	422	589
573	397	722	740	892
259	787	494	98	973
958	117	292	515	116
510	207	828	94	347
353	901	564	78	261
704	954	686	831	74
263	606	925	814	590
135	13	783	867	87
41	823	529	233	532
515	61	824	740	166
968	579	282	389	111
425	158	638	858	768
574	175	863	756	564
685	364	215	540	379
256	687	3	455	320
778	864	562	73	488
115	335	985	863	735
890	860	892	541	811
49	31	624	209	514
249	450	188	758	511
252	375	528	143	888
153	653	64	811	276
888	699	836	684	9
315	401	86	440	511
952	4	838	60	840
219	477	141	259	165
750	236	522	250	271
781	717	342	71	201
43	761	841	467	261
238	927	788	915	338
385	519	969	473	851
120	502	752	569	715
154	363	50	91	581
942	686	465	949	997
710	568	250	18	796
301	943	0	278	21
448	580	507	451	234
343	868	485	394	681
71	484	616	62	791
771	215	663	821	171
599	0	802	45	448
674	529	634	370	212
710	206	892	684	557
714	167	927	912	161
885	657	845	187	574
881	184	654	874	976
309	200	429	371	680
516	394	675	32	296
735	775	433	927	234
498	160	744	509	20
119	709	907	103	530
527	36	800	794	757
867	272	123	48	388
590	765	29	757	680
805	9	306	709	454
949	966	103	13	972
795	821	240	48	431
803	224	857	781	610
634	206	850	447	166
68	350	456	495	841
624	321	333	209	529
805	155	541	726	79
886	592	126	508	477
999	131	676	645	163
668	293	414	742	782
671	317	958	776	423
931	250	992	950	52
72	333	825	736	601
878	897	42	450	848
961	96	613	804	117
633	714	876	731	807
389	619	114	156	615
767	227	615	683	404
641	452	904	435	205
883	561	747	876	231
407	737	477	984	350
71	189	592	983	756
124	700	384	701	248
469	619	731	924	943
414	284	380	769	261
181	510	244	688	964
272	720	740	143	728
825	386	929	351	900
43	428	55	461	351
218	370	795	506	238
23	117	13	846	116
536	785	290	848	816
762	519	470	217	2
963	86	778	415	53
438	779	480	876	575
810	698	812	285	942
701	674	851	773	866
427	39	815	415	762
998	650	806	925	717
165	127	579	319	450
604	909	894	508	333
54	701	574	802	17
503	36	790	102	952
698	436	684	165	571
663	710	664	835	423
625	12	195	960	324
652	673	830	159	618
108	609	498	351	461
635	419	615	678	74
72	563	804	22	600
766	258	630	944	395
642	726	265	423	888
858	102	338	494	175
28	835	200	371	344
76	265	73	368	99
861	780	896	626	188
385	499	18	982	627
618	747	216	952	59
43	84	954	837	344
445	936	976	792	453
12	962	189	955	95
759	804	221	418	668
515	856	418	997	170
434	213	890	123	888
272	5	125	845	953
363	419	189	261	360
274	410	670	641	201
991	622	873	396	172
609	837	567	924	390
121	85	785	36	735
451	15	299	179	115
727	858	715	407	944
127	289	665	985	373
171	516	704	532	747
202	465	730	246	306
383	195	731	296	184
47	835	315	51	559
27	119	166	4	440
983	527	33	650	343
779	443	840	62	84
94	407	954	414	210
94	975	843	878	628
133	84	891	485	735
308	937	251	868	953
734	321	685	420	445
459	543	960	883	461
262	849	311	605	998
371	810	437	659	70
959	772	912	537	859
491	304	821	381	562
167	529	702	46	434
412	62	874	609	575
161	985	679	632	185
156	731	223	394	267
290	775	873	783	920
828	369	628	578	987
416	540	828	893	907
128	42	517	236	429
523	665	12	481	832
980	97	654	848	805
979	433	253	240	897
113	682	21	686	966
751	429	981	219	245
534	247	682	998	219
736	572	706	897	620
335	550	71	223	367
610	26	16	459	311
866	597	534	137	309
80	200	563	81	548
191	816	799	314	422
978	424	445	712	714
590	22	936	582	80
65	577	587	754	932
655	4	2	783	320
553	151	558	309	117
974	0	108	669	553
756	975	360	368	767
216	456	219	120	641
173	731	936	416	343
48	602	797	662	946
328	781	580	47	369
725	935	377	566	605
882	971	401	756	302
768	764	615	958	261
496	302	525	21	178
999	758	394	142	899
313	583	269	910	789
949	981	314	258	256
401	58	183	260	796
249	925	403	189	814
730	496	952	530	581
996	585	424	723	311
203	883	191	559	997
89	263	254	274	750
270	357	798	804	975
944	426	900	3	314
278	953	360	197	207
49	130	520	312	687
202	816	104	403	378
130	106	771	944	53
187	79	550	973	237
383	900	683	113	329
996	192	221	492	595
453	276	385	200	584
916	287	353	212	748
792	145	922	376	711
806	260	600	787	785
212	485	987	337	823
65	667	843	572	654
824	360	781	389	971
805	549	533	223	211
290	633	846	882	458
939	774	519	930	138
427	113	251	347	735
191	738	836	849	170
604	501	562	328	579
823	998	980	443	681
658	13	640	762	98
137	942	963	607	223
13	177	563	208	37
111	858	288	68	46
543	99	896	1	286
334	219	859	849	181
455	223	185	395	603
8	8	948	22	403
349	610	918	885	463
209	517	488	280	721
876	297	997	97	294
83	502	133	495	407
959	849	488	136	279
790	967	728	699	191
577	527	245	684	326
330	456	648	43	485
424	775	373	938	272
485	326	377	606	422
272	493	931	404	349
221	523	171	702	786
711	250	955	759	698
390	355	542	191	978
525	881	471	175	568
550	84	644	866	785
734	648	473	850	634
284	190	578	162	438
698	812	589	775	965
730	471	200	655	685
8	978	735	47	927
156	552	781	255	856
631	932	248	778	152
656	437	809	226	103
38	88	307	460	657
960	182	683	326	458
105	746	926	990	230
914	181	794	688	488
481	105	913	377	441
620	489	851	642	732
990	375	909	953	28
540	894	859	136	1
957	982	91	22	102
580	258	405	922	815
230	512	750	355	902
135	446	823	947	786
592	122	534	86	262
428	911	960	170	828
139	414	145	342	917
328	188	717	459	311
550	239	451	897	618
79	799	699	805	304
398	281	61	596	541
762	237	905	311	554
185	360	36	422	886
420	516	759	123	543
480	859	176	856	922
736	392	751	574	636
121	320	755	320	535
537	724	794	927	661
145	635	233	846	374
427	612	577	981	469
514	413	108	203	176
37	367	779	965	243
124	802	150	313	692
707	420	349	627	694
89	805	205	779	144
309	717	683	594	507
379	404	332	297	355
159	838	558	737	15
113	125	89	512	276
378	892	907	529	678
136	800	404	179	631
760	187	408	623	720
66	140	292	84	880
490	476	497	187	192
257	78	377	915	705
572	468	939	597	705
35	948	707	756	260
830	536	694	5	836
438	15	427	751	45
158	794	763	341	958
891	232	838	22	188
915	522	556	514	442
849	158	144	228	148
542	646	28	314	287
29	859	219	610	216
531	776	850	62	24
44	296	541	805	909
596	395	582	258	163
183	676	347	341	245
57	205	962	821	767
123	219	19	399	974
67	467	77	964	679
190	688	883	597	505
425	265	220	662	349
79	738	694	42	50
536	445	881	422	9
427	3	681	796	591
833	67	769	825	483
912	390	581	169	243
648	816	430	622	987
23	675	264	453	808
596	58	809	737	398
240	86	459	852	116
941	958	903	583	635
795	421	664	933	553
379	974	992	262	297
909	65	882	319	929
439	482	668	160	120
951	652	158	763	425
233	217	199	794	39
630	964	201	434	731
746	602	461	403	17
91	790	721	994	505
72	423	490	301	715
689	273	933	653	154
970	930	365	745	681
119	924	759	186	585
189	474	86	167	507
459	489	661	778	384
473	676	906	708	477
878	171	907	274	448
916	79	874	135	28
259	449	665	20	587
787	618	901	378	865
431	945	262	105	596
217	842	499	899	324
619	70	716	561	571
345	69	365	557	90
296	326	652	615	585
113	502	306	51	240
532	433	900	379	145
844	149	196	763	619
658	836	140	987	25
886	12	752	453	861
712	584	146	642	621
177	661	20	112	72
220	845	644	689	350
237	558	350	558	979
841	614	331	416	476
569	681	81	209	413
149	195	553	298	550
659	246	80	42	79
120	742	304	965	249
418	222	811	518	461
919	234	682	676	592
53	698	63	599	762
909	366	889	118	51
784	4	520	915	500
845	342	187	543	128
883	845	238	672	242
47	366	401	761	141
832	478	97	403	832
926	442	300	128	51
369	210	418	827	858
153	743	495	18	824
322	276	787	528	283
28	635	753	350	126
37	327	51	284	887
751	833	222	220	549
148	969	116	620	180
99	845	278	506	358
19	693	470	6	810
428	374	906	441	447
851	193	401	874	802
948	263	889	770	313
575	324	408	271	634
959	913	54	47	900
496	991	921	161	743
798	777	198	368	846
875	827	83	116	368
271	144	466	359	596
875	296	509	937	597
694	442	767	988	116
567	889	853	531	157
497	400	464	941	819
20	695	643	365	431
644	2	85	731	472
119	535	176	317	270
657	819	996	227	174
331	824	836	297	804
36	470	758	674	127
437	377	132	254	5
243	318	901	249	945
301	226	345	981	210
640	185	445	295	93
888	818	383	713	600
783	991	381	48	881
450	196	897	12	261
145	15	270	150	127
531	497	459	449	437
517	103	692	51	901
819	423	826	552	497
197	694	160	654	43
612	148	821	603	469
624	837	264	293	116
397	132	476	251	261
109	786	894	443	227
592	274	134	344	884
257	841	869	165	649
620	859	822	283	316
589	75	576	198	573
202	98	155	572	602
431	851	325	262	417
800	276	208	282	354
282	403	256	456	568
723	386	21	675	841
3	866	98	497	487
854	679	207	740	255
277	613	82	957	958
775	168	517	421	637
38	359	666	625	925
456	427	90	566	15
615	131	569	968	422
306	118	721	732	357
224	367	745	153	963
288	707	44	927	263
120	585	962	320	945
378	633	433	177	801
670	939	221	727	122
998	132	50	616	360
468	6	70	399	143
521	226	707	797	468
519	484	255	869	513
639	884	656	705	456
106	545	960	996	172
691	625	287	315	83
67	570	546	749	838
987	25	836	117	740
910	969	534	469	178
207	100	552	212	620
362	974	626	933	611
503	49	69	533	491
33	117	228	941	659
62	457	74	872	920
284	453	612	43	20
47	113	725	267	205
659	73	227	946	936
429	258	622	67	797
364	458	104	272	576
65	184	874	168	694
102	646	5	240	702
324	523	398	6	934
597	729	592	942	163
799	84	416	251	580
293	64	612	11	521
23	471	798	990	504
41	465	542	142	393
540	953	857	21	926
670	3	190	455	997
379	989	23	547	553
27	388	961	475	365
898	552	64	407	288
693	860	902	270	283
602	98	186	447	436
529	892	173	734	973
144	499	444	594	35
745	711	123	379	459
921	677	583	979	241
780	361	233	13	716
925	302	227	440	391
846	118	406	584	643
364	336	413	427	655
96	870	191	819	346
553	550	161	860	743
528	12	40	280	588
16	231	991	855	44
328	687	697	788	174
269	616	428	454	139
569	150	361	768	782
441	285	50	427	301
301	640	759	216	798
647	264	638	939	163
827	184	148	360	670
100	987	480	525	563
534	916	356	983	975
716	78	45	305	80
511	53	457	423	552
978	212	49	695	271
688	361	881	728	781
489	555	494	816	70
344	405	915	877	175
849	789	208	347	720
38	476	700	150	27
648	249	504	935	44
335	234	269	204	922
993	861	230	439	632
744	308	244	551	746
860	368	411	969	202
49	479	892	149	73
226	113	546	784	627
273	729	150	83	966
171	86	581	516	732
661	784	498	184	953
225	210	832	946	718
834	381	102	855	341
867	518	534	660	498
480	330	846	677	102
933	585	781	741	36
295	490	535	768	312
341	503	15	219	688
563	756	931	354	843
885	955	641	496	5
920	611	330	517	593
494	552	932	235	475
466	824	52	484	525
314	516	25	785	38
997	783	635	747	676
267	117	386	258	373
412	12	696	284	16
197	394	669	416	213
938	839	615	575	991
387	107	958	967	923
221	57	194	957	693
953	158	774	107	790
538	76	895	506	985
276	933	876	5	620
524	736	677	496	675
241	87	247	110	126
324	331	173	660	42
313	875	904	846	546
415	291	817	731	58
113	938	653	801	374
259	20	528	934	451
742	289	198	683	753
830	115	609	503	862
337	309	250	759	74
182	696	728	70	996
693	386	194	273	582
468	713	289	103	981
995	721	299	791	389
739	13	565	867	780
810	628	773	453	437
70	613	370	594	955
106	852	308	487	374
462	496	354	874	826
337	371	632	639	383
221	912	109	74	682
500	631	455	208	499
396	362	802	738	147
11	108	64	816	730
521	243	407	875	460
866	720	987	71	508
612	237	278	879	17
991	164	37	516	577
309	639	686	855	495
577	495	220	139	494
849	302	287	795	429
937	161	805	162	465
789	477	138	768	307
649	868	439	708	953
8	559	70	30	847
758	318	206	749	761
492	412	801	206	112
507	145	293	994	594
331	274	886	91	53
746	141	752	672	992
979	369	435	465	97
899	587	208	512	555
468	583	344	92	831
677	317	984	100	331
141	846	849	32	629
94	124	899	611	904
779	851	471	217	309
736	72	908	139	361
341	258	339	838	942
705	6	51	53	747
20	784	496	771	134
994	796	785	464	741
457	332	128	831	915
218	303	824	527	272
965	26	431	688	944
348	817	14	560	599
889	41	787	194	0
669	772	837	295	343
479	806	864	973	739
80	317	753	84	653
214	520	327	836	566
503	224	931	811	45
717	799	264	463	981
873	842	367	691	893
534	813	460	682	354
888	616	7	613	295
655	862	255	583	554
683	240	526	762	231
476	782	10	116	875
329	571	594	822	876
601	93	821	149	73
532	39	77	438	81
323	890	704	421	715
746	12	269	347	725
1	395	873	902	160
950	909	227	766	85
932	854	464	727	832
794	573	321	473	660
476	773	642	283	341
39	130	346	216	787
208	367	663	419	197
754	420	122	463	121
864	846	193	663	738
649	858	210	873	479
17	481	355	960	871
301	699	933	90	669
568	513	36	528	767
405	149	730	479	732
564	557	719	532	678
637	432	780	507	799
685	278	189	25	361
17	775	115	202	767
859	29	417	542	213
419	753	896	103	798
53	500	605	735	14
90	456	980	577	563
673	35	976	644	217
960	29	347	990	21
747	14	967	839	913
64	442	405	772	424
120	534	750	931	422
237	60	868	687	92
679	24	294	119	280
500	33	80	61	782
461	707	653	363	387
924	27	594	984	761
609	913	616	53	600
178	765	578	576	429
255	319	414	561	920
876	780	388	0	109
396	461	279	377	902
428	818	918	182	768
515	948	694	52	766
649	384	28	743	632
372	626	784	312	766
203	183	187	470	714
853	159	783	37	397
407	163	440	603	13
232	958	876	426	635
505	873	379	43	761
642	424	687	139	291
289	849	599	796	629
828	87	943	77	615
331	598	470	964	651
971	445	868	677	239
620	818	235	744	833
931	575	791	397	363
270	447	362	472	698
911	257	940	600	754
888	386	371	349	926
223	26	464	764	548
1	707	273	724	588
857	961	262	720	216
828	366	38	276	977
747	853	933	160	257
487	985	792	538	924
537	738	671	679	656
953	608	419	896	684
29	333	246	311	516
770	418	275	144	752
258	727	542	445	728
18	160	262	248	566
261	728	341	43	429
684	84	254	943	947
672	976	731	33	9
902	433	699	736	133
824	438	617	172	934
170	529	25	705	85
54	991	639	701	243
291	272	575	655	630
979	17	150	144	66
801	429	794	896	25
101	851	432	957	289
83	9	209	898	730
774	769	668	990	245
104	128	69	870	777
495	922	861	236	809
298	886	196	157	301
420	166	570	864	695
257	813	165	25	162
43	741	67	597	812
822	256	209	883	774
537	495	898	291	483
833	889	107	252	445
640	427	699	727	855
586	858	736	273	550
73	432	48	476	935
986	560	649	864	157
923	122	137	565	71
129	782	406	428	305
926	797	572	404	84
580	755	972	354	635
23	963	116	870	713
651	228	946	148	694
998	612	568	505	994
448	551	426	124	896
636	12	650	758	792
787	567	420	800	82
440	725	941	258	411
988	856	313	813	451
297	332	491	263	185
335	737	328	588	882
155	50	813	950	847
710	812	114	659	423
995	295	156	95	630
979	577	263	187	850
469	626	36	804	527
370	803	21	950	33
155	206	957	799	784
513	248	243	378	18
504	906	903	154	134
754	840	557	952	793
262	150	101	589	126
526	518	64	173	60
36	156	821	944	607
404	968	359	796	736
329	944	423	840	416
943	793	518	319	178
367	394	935	171	917
206	801	877	982	679
175	381	741	721	184
8	361	501	859	764
487	995	512	825	508
82	929	455	910	840
928	661	635	641	303
492	503	538	631	15
131	220	944	474	701
137	194	292	68	742
398	188	77	142	784
308	669	885	483	458
474	354	844	406	889
710	526	506	964	764
235	559	476	671	709
681	938	577	784	591
371	298	596	797	5
999	497	496	159	874
358	944	392	927	616
711	732	480	41	17
344	315	112	87	118
451	898	395	425	446
621	592	84	222	935
639	559	557	498	939
763	32	102	672	124
780	196	674	956	891
282	440	217	223	689
234	86	824	428	114
730	941	168	387	150
439	411	967	330	488
885	225	226	77	43
637	140	49	4	539
902	484	884	864	76
973	824	953	776	238
107	527	14	410	298
18	784	460	526	309
441	388	723	99	210
578	77	565	177	78
650	465	51	309	501
665	268	841	253	978
709	434	843	530	616
54	753	539	658	864
11	471	752	567	686
706	596	28	44	150
590	312	450	445	177
147	112	44	376	715
470	999	540	278	570
568	355	241	628	279
457	952	843	494	631
392	147	607	42	614
328	681	584	462	238
265	241	494	653	399
636	525	71	752	658
260	943	260	774	157
955	324	235	896	963
357	474	853	553	830
14	341	102	562	574
283	226	848	985	23
679	672	264	726	876
100	865	407	3	683
546	67	214	871	368
291	107	845	771	430
470	881	991	470	146
28	266	970	664	702
845	154	887	866	477
915	833	874	105	401
664	879	851	794	547
923	256	430	887	634
971	827	326	584	683
687	973	484	108	951
487	561	0	492	957
53	642	177	905	197
893	442	330	225	248
787	398	748	828	162
830	365	84	444	976
280	620	295	925	187
14	249	590	366	188
514	901	57	940	409
302	225	175	538	887
289	860	97	960	602
918	619	149	628	139
705	126	40	527	964
883	720	84	99	106
697	209	321	670	973
351	307	839	369	861
284	959	964	803	634
549	531	642	436	644
613	610	270	370	85
622	47	387	811	465
276	337	549	673	923
884	303	637	112	202
950	984	401	351	44
237	491	369	963	183
204	410	179	872	404
989	810	117	421	599
701	985	889	481	290
359	792	376	56	220
341	445	256	836	49
184	505	833	390	686
628	647	135	143	299
75	720	441	247	246
192	909	80	858	759
664	390	409	443	464
776	167	868	156	930
427	243	485	27	708
366	727	126	243	524
585	900	710	147	360
480	892	940	254	860
579	146	339	598	485
849	856	724	666	110
141	188	7	274	231
117	56	712	729	205
359	498	502	660	373
135	712	367	230	946
804	87	212	554	573
58	522	870	782	342
105	829	413	859	579
426	365	718	568	741
740	813	536	391	255
586	448	968	19	530
247	254	707	411	934
630	883	189	636	166
665	162	169	202	667
238	841	832	639	279
478	18	389	636	993
734	70	283	239	200
807	787	66	755	581
256	995	514	56	1
0	770	626	885	72
161	485	911	990	34
736	575	25	63	230
721	354	350	64	884
987	755	425	270	662
800	157	900	225	950
50	119	600	177	989
964	395	231	759	794
246	110	424	282	353
377	316	368	495	565
575	439	388	42	184
327	310	889	529	810
820	592	752	131	182
425	914	279	636	661
136	71	134	942	86
898	511	648	397	224
734	286	14	428	546
763	44	409	223	336
130	566	279	70	62
495	215	857	945	674
592	719	370	314	173
108	610	309	641	997
770	516	647	226	910
49	399	953	820	816
166	354	66	811	119
144	400	105	939	406
627	600	773	707	258
417	871	893	48	212
691	221	439	765	914
227	85	306	437	556
38	97	780	832	836
805	857	413	73	187
670	81	1	321	670
754	909	13	13	318
707	919	617	520	739
287	31	739	705	630
481	258	597	767	411
393	198	858	795	779
796	157	477	949	695
72	162	545	389	239
390	496	744	638	107
73	589	928	298	682
508	764	560	578	501
188	320	340	550	99
52	487	837	764	467
504	393	98	149	839
557	514	246	447	812
835	129	987	49	530
672	458	923	355	810
776	637	683	544	377
473	248	356	641	731
350	374	387	554	509
11	710	778	35	747
415	702	689	251	455
527	639	558	353	538
530	905	712	694	128
857	586	402	73	833
622	978	501	594	398
959	217	505	766	550
880	164	90	634	478
764	540	722	921	863
904	502	582	449	715
27	50	219	595	658
701	143	299	303	389
265	190	210	855	246
962	456	770	600	302
625	101	322	774	128
976	866	126	585	786
914	977	999	630	682
23	502	599	142	66
801	961	671	16	946
187	977	889	828	529
228	497	665	350	366
408	871	61	880	52
996	328	995	682	846
733	32	280	105	448
234	298	587	86	335
330	579	495	960	203
704	605	163	772	144
673	73	998	350	322
960	31	392	984	211
81	109	207	800	69
530	861	989	774	187
680	57	37	130	322
447	62	996	172	542
593	117	782	675	430
899	961	371	246	383
848	118	489	492	26
678	115	78	607	432
293	822	338	341	891
541	625	944	280	560
14	529	981	45	684
6	395	211	769	239
872	455	184	735	26
594	564	19	439	623
885	539	775	83	520
194	43	948	943	403
637	861	498	485	209
126	507	260	375	502
249	546	7	571	256
477	518	137	408	296
493	447	852	613	91
351	76	197	447	469
386	529	393	310	808
848	989	953	788	888
199	110	796	535	69
957	907	871	399	410
186	742	738	369	578
599	130	469	349	897
179	538	462	263	124
219	409	369	950	635
207	708	359	992	868
664	77	494	176	922
253	40	756	807	522
44	90	442	353	589
894	827	77	574	768
201	290	239	285	23
178	641	121	753	517
241	873	782	668	957
978	914	839	89	743
981	290	956	656	78
215	935	817	188	132
18	125	747	888	999
918	376	99	832	956
420	889	138	266	81
433	123	128	493	535
597	970	136	908	589
561	74	184	452	671
215	114	61	396	787
919	966	563	107	690
606	231	482	343	981
36	0	939	817	222
725	349	507	308	355
776	753	625	955	109
9	914	969	739	999
77	901	860	382	835
778	100	926	121	390
887	126	452	745	129
443	157	342	546	858
936	827	953	35	296
56	866	376	884	4
180	511	698	672	490
335	975	986	285	617
930	520	712	270	516
180	915	108	196	524
534	109	117	904	508
598	674	434	810	89
850	433	620	401	313
830	530	324	850	833
552	139	118	382	620
911	844	24	296	930
309	695	198	185	884
772	468	19	740	871
726	711	979	790	63
849	38	109	130	74
891	186	525	94	870
843	259	984	818	718
232	581	402	498	939
199	807	402	114	97
320	61	580	546	997
818	405	61	996	111
601	841	529	35	825
757	70	368	179	460
881	869	454	564	380
138	257	102	609	625
357	497	807	318	773
467	259	657	966	39
980	856	793	999	88
840	803	106	724	331
319	480	215	226	66
85	932	469	257	779
251	405	662	652	568
292	796	698	378	879
383	834	265	370	624
189	549	173	286	40
211	90	588	51	762
685	487	659	594	638
512	352	459	227	326
823	224	139	423	130
432	103	440	602	390
968	553	664	196	478
783	402	227	151	224
768	934	978	481	226
159	621	781	469	875
968	8	750	149	396
758	170	397	539	487
870	313	235	949	722
795	40	20	454	584
729	600	465	906	957
840	302	284	992	221
811	306	394	748	438
320	509	519	14	451
819	896	83	708	979
226	821	897	40	917
983	240	942	513	156
87	259	407	463	445
920	905	441	766	629
733	496	869	761	619
186	997	960	312	572
18	573	908	499	309
944	649	5	206	315
276	430	775	309	28
183	669	500	117	506
959	199	885	615	891
752	491	972	137	801
433	439	12	551	500
232	456	526	437	53
339	388	600	367	693
694	987	431	163	748
113	325	351	709	325
881	970	743	164	665
522	573	991	580	451
503	676	768	430	843
268	724	0	92	823
474	32	698	334	165
54	971	410	588	138
921	25	282	846	715
430	355	239	258	141
495	645	136	475	821
384	736	92	815	560
314	727	221	180	852
945	3	369	96	969
26	258	172	280	635
205	50	977	134	807
788	402	257	883	921
967	971	180	468	27
14	490	80	27	713
833	170	168	581	865
937	506	383	810	505
903	244	862	783	646
51	504	746	515	390
413	962	940	877	838
453	167	97	945	683
438	469	120	58	213
165	659	375	823	88
473	119	794	887	500
425	319	140	772	407
999	24	21	260	455
510	834	55	874	580
37	258	466	895	471
583	856	141	845	559
651	717	640	167	414
353	515	770	703	148
172	57	109	737	945
433	224	413	695	452
643	177	535	134	475
403	982	739	875	232
133	470	26	46	614
137	886	836	535	445
759	683	968	348	762
268	729	102	803	260
506	212	469	847	163
941	544	968	951	477
989	897	219	917	956
743	963	611	534	217
518	284	904	404	588
736	311	165	812	809
683	571	838	371	209
510	805	392	124	258
319	764	349	42	256
471	21	34	251	189
684	227	884	347	663
940	491	608	217	552
824	945	142	594	91
633	668	920	938	557
543	824	213	934	443
230	390	300	85	809
366	764	402	272	748
679	361	489	186	623
151	779	513	410	737
444	460	122	123	299
643	809	940	534	91
423	73	114	353	795
664	831	649	634	321
138	555	467	149	195
757	395	214	229	522
322	955	438	523	62
340	484	944	336	63
608	276	792	214	577
226	418	460	391	290
205	253	996	584	411
776	434	194	150	427
856	204	957	79	348
766	629	702	245	709
141	599	92	834	529
170	811	656	136	603
498	923	125	956	675
264	728	317	465	855
792	607	158	891	591
472	474	621	511	145
631	829	881	449	928
968	137	948	619	679
540	231	738	411	296
555	770	517	164	172
80	536	782	85	145
985	475	861	805	46
469	902	990	720	13
778	602	665	245	870
993	315	348	597	176
347	789	421	416	222
340	153	738	72	376
325	354	263	938	93
436	55	467	126	572
661	618	409	63	127
119	679	746	202	102
394	340	412	943	963
277	866	951	426	823
896	375	205	419	202
616	641	922	181	794
357	834	11	504	52
84	182	772	756	634
596	97	294	897	288
29	797	608	432	260
163	525	381	129	909
989	619	329	443	814
257	322	218	989	58
775	15	537	939	171
179	886	57	30	430
401	106	380	532	680
938	960	145	993	195
910	470	742	788	132
517	236	352	168	312
894	432	240	875	893
249	281	288	913	211
832	736	167	925	521
117	341	896	359	853
458	459	995	523	805
120	116	328	532	460
94	262	220	133	921
337	479	21	430	267
928	709	880	115	701
919	915	260	553	403
969	857	543	252	667
163	907	13	328	33
503	972	929	90	265
559	223	759	203	701
105	966	40	183	657
419	199	839	296	629
706	744	662	182	335
1	583	172	277	261
79	479	579	29	67
954	693	763	779	729
76	678	80	972	44
674	309	90	950	609
991	961	877	728	611
668	669	730	50	34
339	715	544	902	457
966	154	884	327	523
706	798	985	117	938
86	497	166	565	584
213	680	591	781	321
771	559	613	938	13
591	380	345	201	655
85	808	211	883	455
762	431	918	652	381
50	179	984	773	173
57	265	382	591	987
591	52	570	732	450
418	292	135	484	631
555	427	674	674	293
501	815	623	845	769
86	70	641	781	41
50	323	35	520	585
670	337	859	930	760
900	532	300	169	133
435	909	524	907	570
735	198	858	165	969
71	698	117	242	614
951	703	55	341	984
635	307	512	223	863
380	221	860	998	158
866	996	483	343	893
840	472	171	415	385
594	109	207	437	326
767	347	885	466	537
809	63	592	682	457
200	321	191	555	367
73	670	726	74	736
958	229	445	206	993
559	582	890	558	525
168	769	974	364	83
598	947	814	779	668
757	941	104	725	931
602	682	911	83	712
275	283	861	297	623
552	229	747	535	266
637	15	45	297	127
865	140	402	460	203
563	508	846	651	469
628	798	212	346	99
472	193	291	691	134
379	383	970	267	523
290	706	848	609	964
549	952	457	852	871
790	781	924	663	174
214	770	238	986	439
476	83	270	479	846
747	822	413	585	179
34	804	550	626	652
800	674	320	999	216
737	994	721	987	313
778	967	517	271	992
727	686	856	963	830
94	588	74	12	102
191	29	725	387	127
246	827	585	142	703
761	922	995	349	749
34	76	55	48	881
12	951	133	532	994
90	320	268	752	115
198	663	70	707	354
266	957	392	753	425
334	445	599	512	697
660	328	579	49	977
977	744	134	287	24
12	179	397	319	393
159	781	638	621	532
699	287	634	485	972
419	211	699	457	880
291	221	183	738	277
461	983	920	137	342
751	436	241	765	403
299	521	206	538	54
684	328	711	641	879
699	847	247	963	221
843	683	940	237	181
891	662	558	414	245
839	997	194	405	53
125	275	287	540	100
558	76	504	877	318
594	845	535	476	191
252	409	333	51	354
795	771	295	116	777
545	165	893	921	93
581	642	150	885	505
536	147	429	922	702
430	686	80	257	463
860	770	912	907	352
62	825	99	229	351
512	793	137	503	850
52	499	212	121	290
958	16	80	724	222
802	163	919	33	101
757	783	232	317	534
50	284	732	936	812
418	387	522	624	708
233	7	901	617	661
773	375	285	292	23
686	970	327	412	45
881	208	224	988	677
566	497	932	445	273
905	818	74	431	445
454	419	774	63	65
541	182	929	471	535
882	585	831	484	412
837	796	746	821	306
170	877	105	414	759
84	236	11	960	260
126	91	869	761	162
977	192	100	681	89
478	329	3	804	96
29	754	964	923	641
842	317	164	98	874
412	496	480	12	659
856	352	643	701	626
631	417	699	660	788
673	113	661	958	690
99	306	726	780	511
550	326	807	852	162
939	686	871	233	23
952	177	232	625	619
601	17	982	916	430
35	795	765	101	608
811	294	731	590	501
479	492	49	117	906
782	108	372	513	750
827	777	175	694	897
83	519	798	973	533
480	775	57	459	279
603	283	747	690	136
45	532	325	627	182
11	496	594	600	92
496	397	574	490	945
929	695	729	154	229
765	697	456	191	382
281	637	393	662	29
145	753	371	949	356
28	673	236	228	495
558	657	834	599	645
134	935	3	718	664
677	221	852	734	129
886	760	788	957	517
687	116	300	787	272
190	717	487	809	643
713	116	158	849	422
38	808	681	794	146
598	79	277	50	850
533	846	367	257	815
408	638	637	436	281
436	391	996	66	354
253	509	261	823	416
793	277	987	261	329
885	474	953	862	98
485	399	332	676	809
128	534	4	223	237
766	114	980	296	868
580	623	873	607	137
212	723	875	660	465
455	382	188	326	234
960	916	714	106	848
692	757	905	315	362
301	181	811	396	580
444	647	518	829	871
204	518	595	22	648
201	872	23	593	679
483	959	902	510	0
690	890	307	681	8
802	958	573	228	979
148	319	173	113	322
878	926	958	862	2
68	469	906	567	621
634	404	282	733	71
84	691	662	527	311
280	847	108	964	420
604	702	680	57	900
254	18	247	409	401
671	259	134	612	902
17	604	377	338	448
437	771	125	978	835
554	374	644	633	150
683	658	118	158	983
35	53	929	653	722
698	600	805	204	914
193	984	22	619	174
561	433	312	301	863
204	439	234	814	532
826	155	327	655	25
856	396	41	958	624
372	969	334	213	246
78	50	140	255	616
939	103	610	696	163
444	49	381	719	565
4	587	70	451	984
438	833	499	663	496
89	209	304	776	480
596	133	243	233	18
93	730	880	747	111
417	377	410	455	180
431	639	606	730	338
712	311	816	917	100
10	191	780	347	593
942	139	113	446	217
754	817	27	288	52
298	624	188	108	336
385	701	786	226	733
257	879	29	93	387
375	83	184	384	779
326	341	501	164	793
449	424	837	619	3
293	281	394	727	849
894	834	405	138	250
772	899	608	300	889
953	582	28	631	527
362	781	201	43	73
398	700	115	720	883
870	943	236	438	735
908	194	996	306	712
292	466	465	155	869
457	590	884	778	487
848	611	370	816	451
147	452	443	421	83
70	646	886	294	764
287	85	65	6	561
700	951	504	419	331
396	445	899	527	864
375	591	830	261	615
109	189	870	867	62
105	520	979	855	395
90	635	371	157	778
940	839	158	662	3
318	959	354	311	469
815	698	655	948	194
279	320	307	853	269
767	623	950	170	417
766	382	194	734	917
89	562	685	545	438
927	423	558	907	838
808	133	768	105	816
742	431	110	144	145
498	147	219	98	94
440	383	803	87	403
853	95	934	590	324
112	408	254	162	86
158	383	112	668	567
670	801	438	881	618
386	127	339	734	625
884	389	874	485	563
982	37	162	155	408
684	985	825	534	938
391	93	172	627	619
863	813	962	930	138
495	998	33	200	227
516	253	549	203	848
81	237	267	478	915
147	976	316	765	36
48	289	921	271	238
550	46	455	242	831
316	328	118	874	886
243	715	348	14	790
911	493	170	431	69
749	261	478	108	447
690	287	860	712	982
465	940	176	0	75
491	735	108	342	42
592	404	289	384	666
297	225	749	71	297
30	177	152	90	382
731	846	547	906	553
491	601	394	872	645
866	204	297	220	115
40	655	876	731	109
136	886	41	861	778
599	340	734	689	733
977	560	844	101	573
385	227	157	536	792
197	778	983	625	176
488	598	987	827	149
726	283	720	921	5
832	286	253	80	209
805	402	496	566	884
69	587	391	144	283
107	363	910	467	493
396	506	596	236	543
954	668	562	131	940
94	887	4	832	952
259	921	908	110	969
156	338	395	870	892
499	229	208	798	306
158	120	961	152	10
562	625	844	31	916
71	207	559	973	417
696	576	262	811	146
376	216	618	548	797
608	364	712	729	927
501	137	109	199	550
858	564	797	748	722
295	424	187	602	693
4	975	896	437	929
47	149	435	267	701
566	337	287	358	114
962	664	18	520	78
446	180	129	50	804
241	495	368	460	664
333	847	906	546	788
981	953	740	165	266
854	109	800	543	85
486	769	457	143	555
675	774	62	733	154
459	518	894	346	14
234	331	908	48	997
317	18	443	730	202
359	579	690	175	89
61	95	589	125	699
255	274	382	640	770
669	232	115	221	473
443	732	576	173	948
556	159	174	416	565
650	32	164	231	936
374	80	197	384	898
895	148	120	635	311
775	172	317	922	180
183	66	422	206	965
686	963	208	542	680
368	159	636	50	820
643	958	779	710	280
256	264	975	953	127
759	473	495	693	361
951	282	334	4	881
749	327	104	300	455
821	175	192	525	747
595	750	700	273	748
770	946	982	707	926
739	571	8	467	404
944	946	236	467	934
445	291	631	141	984
159	924	512	197	641
882	492	307	970	581
525	839	737	45	447
140	851	857	128	175
814	240	557	785	950
80	168	380	13	733
968	340	168	546	954
665	758	545	837	206
614	263	105	249	826
569	738	964	271	842
873	283	926	367	944
160	960	755	769	921
364	756	935	647	121
122	64	823	428	797
184	689	378	728	925
762	298	694	874	984
608	37	218	152	196
85	162	806	179	515
939	914	969	803	354
443	346	792	532	982
845	162	403	270	141
311	599	614	610	566
316	422	392	355	807
580	405	888	144	388
173	736	564	0	767
779	644	533	68	667
810	998	475	803	801
42	423	483	925	774
437	394	910	338	360
319	721	212	142	418
346	713	21	193	143
413	95	962	786	706
346	495	151	505	845
603	767	245	360	189
986	850	725	143	210
671	961	853	12	533
488	531	932	992	976
465	112	993	122	571
617	179	867	316	53
7	89	741	800	625
272	217	150	415	757
185	29	98	8	505
409	748	252	974	459
999	24	10	162	858
545	756	183	181	395
444	250	865	386	250
48	733	486	243	614
236	325	866	548	145
523	834	274	343	229
249	537	431	791	463
532	98	946	396	27
293	499	192	990	947
550	47	580	125	306
298	142	100	187	394
208	254	78	909	996
182	550	979	525	98
429	457	702	701	177
795	188	184	956	466
493	801	172	502	334
777	567	475	568	923
159	254	392	309	480
452	943	26	94	990
602	525	776	815	411
913	452	816	210	106
681	953	378	460	601
851	557	410	495	219
311	323	868	912	555
687	22	741	181	958
550	566	843	766	364
745	317	168	298	613
554	959	570	932	692
724	900	908	459	65
166	967	793	415	57
395	929	797	130	735
698	86	249	625	282
12	517	337	277	18
186	578	836	154	774
119	463	508	42	402
780	608	988	575	130
969	904	249	530	518
383	794	892	108	604
198	770	826	754	636
527	55	290	799	925
458	925	723	20	453
772	583	451	551	869
934	401	807	38	63
867	644	946	786	708
39	552	468	52	371
356	64	141	780	218
330	367	44	695	544
809	799	642	559	636
188	60	467	227	474
484	940	52	93	881
183	442	523	941	464
840	654	731	521	386
461	90	480	848	567
930	458	235	556	279
199	443	92	854	461
923	670	575	406	551
49	962	288	315	100
673	653	152	92	138
182	803	643	102	107
90	479	485	618	543
768	702	526	85	671
308	562	170	318	74
493	73	844	462	652
601	43	525	994	816
386	704	238	736	696
849	299	369	319	156
186	745	329	783	491
706	538	341	484	105
764	460	315	786	151
488	871	276	419	186
316	347	115	23	39
642	393	273	483	644
138	959	676	944	859
325	932	132	357	493
463	973	514	190	757
39	342	167	648	318
553	214	297	191	8
988	49	720	258	528
362	191	140	135	363
314	61	654	814	222
449	256	756	206	456
699	317	802	102	327
451	258	415	195	492
210	194	408	625	564
189	919	381	104	630
133	733	309	127	996
142	300	261	907	889
634	525	144	197	74
219	54	266	516	600
367	34	354	764	796
962	261	34	2	139
921	114	477	32	433
866	676	261	549	647
270	481	664	75	867
468	377	321	231	801
651	776	947	783	659
549	652	397	972	542
292	989	959	204	313
563	128	973	783	801
578	744	673	256	930
160	102	463	9	495
228	444	135	934	871
738	225	516	632	404
787	490	637	388	568
615	986	848	564	819
704	975	594	1	733
523	256	162	111	723
871	241	273	236	158
698	196	395	352	50
659	893	389	971	582
739	81	170	525	860
802	272	395	521	126
739	701	635	999	72
945	478	805	963	882
461	973	350	166	819
392	654	380	99	200
167	759	407	905	488
945	85	742	604	603
838	535	881	473	541
298	263	52	536	584
425	373	398	997	15
912	29	841	767	74
282	444	343	621	72
899	444	887	852	866
885	264	168	907	751
262	296	34	825	713
373	599	910	993	101
564	561	915	871	230
791	610	321	903	507
441	308	110	561	221
201	461	153	905	448
825	72	423	905	382
451	494	730	509	408
741	367	60	544	593
999	726	99	366	64
898	831	128	394	984
731	920	733	801	107
284	441	849	475	747
711	590	610	112	573
788	421	941	79	922
383	622	341	385	35
217	75	238	188	361
14	49	309	802	931
980	112	400	856	451
542	329	296	295	668
793	192	301	764	487
71	341	678	28	348
573	824	84	585	892
495	583	359	852	861
724	740	230	671	130
496	566	543	441	999
293	860	567	605	917
94	651	439	830	798
536	473	744	752	670
43	219	758	369	843
328	288	608	336	424
242	795	38	2	519
424	32	426	139	74
27	152	874	461	430
81	835	981	193	177
84	59	89	652	884
799	41	701	704	701
777	101	141	454	903
48	335	976	909	612
834	975	369	943	919
179	589	41	477	190
48	833	976	549	336
801	677	224	232	975
562	551	640	424	835
338	641	918	617	583
330	890	334	293	191
805	678	893	112	986
853	367	69	322	953
125	131	334	796	638
798	216	400	756	435
121	772	836	713	670
409	184	441	289	353
578	892	121	116	663
305	647	4	791	692
909	609	41	63	51
979	661	53	214	495
896	24	664	494	629
899	844	427	453	335
968	279	663	682	386
931	829	599	163	268
290	421	539	600	213
446	708	321	283	511
669	609	413	751	666
657	957	597	194	317
400	606	458	404	164
470	186	868	693	656
467	583	839	441	576
246	772	102	48	396
857	40	583	839	118
924	336	159	322	490
253	819	946	312	144
960	982	855	966	880
298	74	200	665	601
648	480	531	17	336
161	732	642	128	419
265	289	692	595	135
221	384	47	983	586
988	511	392	878	591
570	235	380	724	451
193	528	862	529	337
502	227	414	414	636
973	551	544	335	198
190	912	628	190	490
884	431	782	175	481
386	215	661	793	9
253	98	122	648	64
159	630	730	972	849
45	506	214	384	800
146	885	975	753	266
237	756	513	96	427
541	525	93	52	472
126	746	748	453	416
224	332	721	12	568
460	886	257	464	415
964	633	251	751	320
81	837	431	867	689
666	301	210	589	753
113	954	24	837	297
482	141	794	735	1
416	363	815	881	937
8	350	374	345	696
471	642	553	250	131
498	946	643	924	83
851	939	415	94	275
487	905	714	338	281
697	16	478	600	307
640	329	608	87	907
148	765	878	846	213
152	462	346	475	370
741	146	950	292	854
915	669	242	74	54
511	781	94	748	439
233	256	340	869	125
2	767	27	326	322
556	177	280	129	705
323	777	657	87	343
522	911	867	419	702
290	56	80	354	698
389	448	180	767	18
219	455	916	463	337
830	258	262	149	493
407	421	559	860	442
846	784	587	916	848
553	957	448	104	790
951	984	514	586	518
80	405	167	218	719
613	231	580	414	187
654	240	902	539	851
650	995	171	467	362
746	791	79	553	212
5	806	570	127	453
406	551	350	632	365
824	263	828	372	270
902	91	778	32	865
404	622	989	961	839
327	323	78	537	211
777	490	330	807	761
771	74	240	965	852
879	263	457	176	368
213	990	875	175	716
859	201	596	0	389
272	615	453	831	418
194	165	819	96	773
341	816	498	491	43
988	796	884	789	957
626	987	891	659	276
292	589	524	729	126
288	842	852	421	548
974	82	124	355	855
748	481	754	401	562
469	828	651	80	125
168	599	350	4	149
849	235	368	751	362
696	795	904	33	403
298	92	390	758	312
873	339	683	822	748
608	110	733	324	181
552	254	116	499	80
82	135	693	826	964
682	502	447	353	550
714	596	116	987	664
336	507	709	695	475
846	167	341	627	385
262	891	581	131	410
139	941	421	562	21
398	938	672	668	499
561	626	820	858	847
310	242	661	350	406
664	53	64	723	990
816	544	611	646	775
892	550	714	904	829
632	752	604	189	679
960	605	689	175	397
904	37	781	6	12
833	274	224	30	952
226	362	946	713	650
471	861	936	575	891
905	374	773	84	696
3	926	824	836	324
389	778	831	285	724
26	354	734	982	778
154	967	490	847	466
216	388	4	132	291
582	964	912	456	273
404	845	493	971	480
464	653	22	592	569
484	250	16	112	162
983	65	477	101	864
608	512	725	781	62
997	856	197	928	233
272	173	527	684	372
486	611	442	569	938
593	369	799	22	890
317	614	254	339	983
138	7	322	969	764
951	271	887	69	233
789	212	49	63	204
294	488	20	459	370
318	743	136	927	704
869	198	258	333	827
22	553	831	172	523
937	5	223	669	306
663	489	502	440	994
117	80	287	459	843
180	877	636	4	111
937	386	698	691	964
594	630	561	347	156
846	968	304	910	919
500	636	207	301	721
722	285	971	541	678
68	308	120	90	993
151	715	461	617	985
957	868	229	901	547
215	285	219	147	924
966	679	672	726	87
986	698	495	743	221
286	874	55	160	248
409	222	124	104	517
862	220	214	654	275
21	515	656	473	646
333	31	543	362	178
107	520	19	506	759
793	178	761	749	592
193	666	326	451	217
598	221	136	674	334
132	561	514	41	444
142	198	626	678	876
189	462	545	652	781
221	895	222	824	707
223	864	282	395	940
651	948	535	59	654
750	900	683	509	552
303	352	342	627	403
130	208	49	252	953
218	707	893	299	84
53	889	72	874	718
16	25	528	294	815
355	616	790	271	382
507	822	124	773	486
510	286	22	82	380
554	546	129	63	534
712	517	931	599	599
85	296	965	355	829
563	943	824	163	489
371	706	944	560	554
321	437	117	294	427
519	738	382	370	974
10	317	435	715	141
947	392	176	553	504
260	345	530	443	185
739	538	510	371	953
656	881	259	760	512
591	160	767	265	213
236	926	178	928	888
977	705	557	289	925
775	260	648	295	434
84	93	123	695	795
512	983	952	158	735
423	914	84	331	171
890	477	488	299	959
198	466	16	673	633
72	246	540	46	83
653	133	341	230	4
147	988	373	517	377
156	823	807	967	373
22	347	647	836	984
98	631	28	317	447
501	729	812	7	345
571	499	707	190	24
977	122	326	842	846
120	436	470	737	639
983	858	438	595	174
832	516	91	311	760
287	629	921	897	622
313	896	529	83	697
354	213	639	386	68
240	234	12	343	83
432	590	291	678	471
621	935	533	277	303
905	841	242	542	551
326	161	262	79	192
93	770	347	267	335
977	965	981	492	219
967	676	356	106	436
742	809	678	603	842
570	463	640	194	989
307	549	327	93	426
342	885	565	191	612
113	396	996	285	772
79	674	964	605	135
884	199	494	600	593
737	150	818	396	941
3	65	150	818	19
323	275	892	510	703
958	760	101	319	32
639	483	432	743	193
274	805	526	911	74
313	976	331	514	265
717	417	467	3	924
321	443	195	725	138
116	804	724	992	762
766	999	785	203	525
664	533	797	93	840
976	469	50	376	882
150	475	397	873	0
103	562	529	62	105
254	403	800	339	932
263	999	445	73	260
467	446	699	140	20
433	654	974	456	351
825	385	159	547	686
475	655	687	734	614
980	501	931	9	196
214	999	907	437	753
523	922	592	980	912
553	348	706	928	457
112	112	147	140	621
753	461	345	441	294
728	869	779	280	117
622	717	642	597	23
491	13	573	289	540
27	741	782	732	973
596	439	327	851	984
983	28	96	66	201
852	76	181	382	765
954	552	935	890	277
836	181	706	463	549
105	235	12	919	738
845	64	832	773	242
629	455	821	675	745
91	122	401	504	110
31	839	640	583	338
370	379	959	858	283
148	319	431	643	923
401	51	33	41	882
83	370	790	999	940
42	211	633	188	496
201	432	951	319	238
985	150	982	836	198
439	827	38	162	991
443	246	325	958	63
331	104	678	586	610
659	666	550	651	881
223	284	309	455	253
615	68	803	669	768
728	801	638	644	828
308	283	41	946	552
903	39	274	661	341
579	109	57	894	826
648	457	406	149	409
86	891	570	881	825
967	650	105	573	523
197	869	935	443	731
29	332	959	779	570
634	688	509	618	749
130	235	909	341	802
281	123	183	561	7
871	846	967	612	950
778	795	262	663	433
293	18	236	769	205
349	992	11	882	194
906	800	813	724	559
958	658	341	374	898
406	547	852	366	638
285	900	908	908	893
759	731	320	207	602
76	240	442	243	881
433	68	187	172	518
280	379	802	29	935
737	364	539	63	593
680	552	904	149	473
954	138	15	175	255
955	668	827	475	881
535	944	689	771	556
799	78	276	12	312
892	401	522	807	504
366	282	19	846	369
560	190	799	139	702
538	206	84	972	98
683	263	87	244	747
806	199	354	304	924
823	879	215	296	154
424	577	203	261	356
85	288	996	948	498
710	789	814	128	334
750	287	236	490	355
353	184	375	6	580
155	195	959	107	148
733	356	556	421	479
513	824	34	518	807
828	884	661	930	35
40	268	159	964	603
660	333	812	358	662
802	351	732	694	961
942	667	230	434	820
609	141	122	527	592
731	404	273	857	104
807	969	1	83	108
191	898	878	153	992
314	596	87	666	971
333	44	749	357	517
532	183	747	542	714
967	634	997	492	100
81	381	170	211	624
179	301	657	476	321
817	816	693	935	781
105	975	327	259	768
842	559	962	391	693
528	355	332	983	366
801	575	541	966	878
756	647	868	713	273
272	679	40	510	149
283	308	649	330	919
482	308	223	290	613
502	818	281	844	340
108	721	416	757	412
567	368	184	674	150
817	722	147	451	933
617	993	313	627	12
253	413	928	217	685
934	703	587	366	182
447	900	703	392	699
659	530	78	389	685
740	330	13	931	343
716	366	889	88	453
120	751	441	568	252
606	893	224	147	264
146	161	210	232	208
478	821	118	871	521
278	305	721	432	814
34	602	318	2	588
121	419	941	337	948
570	398	216	83	761
47	567	408	569	788
365	819	892	123	617
47	146	754	301	666
405	495	339	385	618
388	15	110	279	249
833	20	900	666	720
357	406	821	394	421
405	355	15	528	958
411	277	858	290	796
374	223	815	183	869
791	374	880	100	597
468	132	330	226	401
526	710	550	525	977
303	177	365	368	380
704	304	769	489	199
624	856	991	920	434
133	958	409	42	358
153	761	455	760	766
364	200	523	865	698
781	446	522	342	917
319	811	967	945	761
596	554	389	568	364
163	928	897	696	502
623	936	429	320	243
786	219	251	321	642
431	611	23	482	251
114	756	757	125	608
928	647	100	953	259
204	363	949	316	339
57	851	736	327	264
4	667	209	471	638
610	15	65	20	356
165	132	541	902	120
111	496	625	343	576
60	385	331	560	645
568	112	723	629	185
536	580	708	601	666
198	716	758	998	787
916	423	673	721	685
800	884	930	637	174
291	963	49	388	214
685	958	199	847	592
361	165	900	381	900
274	795	473	572	776
235	345	520	911	295
507	577	378	15	16
863	375	290	392	294
364	103	569	571	121
643	326	745	361	727
3	486	393	641	161
73	282	221	218	782
189	41	410	345	601
956	179	318	106	150
169	267	621	245	723
405	152	962	673	602
86	483	972	809	159
575	762	317	181	236
571	377	459	160	61
341	32	802	54	235
946	363	76	652	355
795	577	893	128	731
637	28	759	991	914
298	551	105	156	88
756	264	397	744	777
228	427	198	694	279
173	954	853	884	616
113	560	887	671	684
426	571	140	82	702
167	898	740	985	344
61	588	525	932	851
738	235	459	955	409
551	424	500	19	117
388	136	387	358	373
429	220	286	678	876
737	382	877	506	95
8	212	546	410	427
72	254	642	71	792
889	564	436	767	371
929	67	934	151	778
11	538	655	431	229
491	267	405	998	53
390	507	363	731	135
969	306	585	485	164
1	733	315	543	260
738	21	560	844	857
219	359	127	43	919
218	330	679	248	623
545	567	769	499	396
813	396	887	986	794
678	660	760	370	543
464	356	325	286	686
373	260	130	779	220
876	104	839	616	991
240	12	772	827	646
6	954	126	211	940
122	650	706	564	33
624	130	509	779	836
536	254	623	355	421
195	949	629	60	921
243	702	863	682	212
395	70	251	672	449
469	161	332	871	409
490	94	84	892	294
461	759	769	944	320
828	0	805	430	42
200	537	94	796	629
470	400	219	35	160
445	966	857	790	63
573	274	589	383	58
481	683	520	337	336
972	24	547	479	451
191	564	541	290	91
85	541	225	443	878
850	155	741	835	327
532	497	87	160	357
422	144	676	943	123
934	479	582	226	842
487	989	627	92	29
303	949	567	136	287
32	419	425	410	344
925	614	406	849	567
864	147	491	401	50
502	478	118	457	221
67	208	163	855	740
225	794	298	802	642
822	54	43	284	768
418	690	605	142	270
368	100	83	631	991
81	887	917	176	423
242	843	929	74	532
499	702	150	438	549
647	760	897	78	144
27	884	231	474	816
575	451	622	965	138
891	696	286	259	735
428	649	43	91	263
141	900	611	43	636
287	199	109	67	393
888	112	590	21	297
433	853	250	371	207
7	908	730	969	535
627	101	971	865	127
570	697	742	271	383
6	738	554	65	27
205	878	92	906	922
40	413	751	496	491
455	0	178	31	753
428	516	286	226	350
101	24	64	973	789
281	210	743	374	934
682	900	185	885	27
188	333	909	820	458
224	831	226	410	711
791	703	229	764	221
940	836	116	32	649
405	549	617	81	297
895	720	579	350	667
428	375	127	709	457
166	881	278	387	986
910	995	425	489	144
115	949	440	990	45
82	349	618	652	145
748	632	257	293	700
705	685	75	9	203
304	465	88	541	279
280	478	585	528	922
84	52	516	574	191
649	355	117	784	432
7	493	987	552	174
395	859	887	49	461
363	616	949	362	158
190	763	750	258	72
191	781	517	842	828
527	465	430	472	942
873	428	34	13	601
592	21	714	236	661
125	999	681	679	255
518	257	398	531	606
383	390	579	580	608
251	891	447	444	743
855	566	236	673	957
145	897	687	717	939
726	244	306	472	513
95	54	66	625	871
466	569	189	680	436
246	756	816	859	250
968	295	180	273	828
239	912	184	114	711
955	870	750	280	271
385	870	93	59	637
142	145	889	116	339
55	248	466	33	265
288	832	705	185	413
364	859	249	319	835
636	539	583	487	74
283	654	250	963	211
370	983	156	918	292
739	86	136	367	753
585	986	136	393	739
539	650	815	560	129
38	587	770	243	152
999	729	613	915	691
503	273	94	962	491
278	944	772	442	629
872	580	117	804	460
676	57	163	56	122
485	368	677	931	349
762	840	595	998	472
39	886	240	782	566
179	129	495	829	698
196	783	990	53	909
773	896	266	492	295
850	2	81	483	630
358	745	995	614	613
469	174	642	698	37
418	464	574	559	524
101	81	45	682	508
432	678	757	82	584
611	239	122	926	983
217	229	495	534	226
129	906	73	254	389
387	965	492	498	998
489	53	71	243	85
8	366	960	616	877
321	375	22	450	444
762	112	129	224	797
937	98	840	577	380
308	515	943	975	29
963	453	451	525	219
432	105	775	676	542
224	208	907	797	161
236	259	960	280	70
573	119	294	514	995
495	600	537	4	84
438	741	481	0	198
343	281	510	276	238
315	282	273	80	986
990	334	256	992	903
102	824	157	329	220
191	330	923	47	304
466	56	772	669	423
637	19	227	195	346
378	192	328	98	172
665	311	371	165	251
862	497	138	497	339
136	796	311	713	506
19	180	145	818	359
790	205	689	551	407
169	929	625	758	164
907	882	868	989	649
959	476	206	29	159
262	664	39	996	403
707	613	25	446	156
144	496	857	59	165
904	611	246	181	371
403	101	497	607	73
413	120	247	577	189
28	9	154	469	257
816	29	206	459	845
431	561	253	730	843
938	897	88	111	252
294	508	248	83	610
644	587	662	762	677
114	435	286	306	741
1	7	9	841	961
367	114	723	343	401
23	450	630	287	488
670	636	348	582	923
794	571	884	456	798
503	240	933	51	746
164	101	874	930	10
922	673	146	806	684
954	874	473	7	133
853	90	519	916	138
837	693	92	465	688
510	96	684	337	717
976	276	95	970	217
393	276	560	174	958
461	835	901	959	206
343	538	131	24	81
346	965	537	785	999
643	291	208	216	664
524	690	709	753	549
516	75	377	477	5
731	0	203	424	103
327	123	395	5	840
38	760	696	259	658
155	967	997	767	212
947	482	666	296	440
302	298	416	382	166
331	1	954	222	428
638	156	221	865	362
30	904	244	530	166
767	71	720	603	904
330	56	798	338	582
944	508	131	521	293
699	203	379	959	809
501	907	398	351	446
16	143	279	837	912
882	446	333	499	571
560	507	150	510	278
226	709	505	904	154
231	886	385	686	635
453	768	801	667	455
306	610	723	443	621
825	468	811	232	297
680	74	422	254	914
748	192	161	374	268
416	440	255	136	270
107	93	209	256	358
617	339	97	532	760
441	673	916	373	511
879	450	490	102	468
27	639	564	955	674
876	737	55	390	811
882	912	314	653	427
541	855	471	714	468
997	57	362	325	941
995	336	409	162	167
453	310	498	938	667
931	669	332	669	374
562	302	103	652	11
502	425	166	355	582
688	940	167	780	345
628	762	106	625	334
467	389	577	869	732
285	348	591	123	254
53	608	410	612	399
94	771	827	395	438
57	998	210	131	950
977	416	505	735	263
470	735	737	178	977
183	460	322	842	171
813	453	778	951	994
259	828	315	543	622
933	382	821	225	613
85	880	264	329	992
630	278	257	846	733
789	794	417	990	593
520	79	427	550	206
508	229	902	804	19
372	467	757	78	685
882	661	812	184	289
150	757	671	130	705
782	450	390	624	404
888	980	139	525	779
106	470	189	303	293
983	372	502	729	948
325	599	641	148	584
216	850	594	970	881
861	348	315	168	255
268	932	661	521	141
650	935	799	788	504
969	495	694	96	271
360	953	413	930	363
68	925	241	743	214
980	732	428	220	748
381	475	973	210	761
438	795	395	72	329
597	154	244	756	553
953	321	754	944	821
13	454	777	782	899
925	9	224	344	423
154	308	731	691	282
871	465	610	390	360
682	108	284	963	611
302	736	736	509	454
401	632	125	993	641
41	680	616	252	797
554	291	11	337	524
966	967	345	927	889
539	786	763	480	930
481	724	309	574	226
861	192	748	941	918
590	302	278	869	625
180	238	346	316	858
598	461	518	64	168
96	773	642	426	807
742	890	238	272	574
569	92	714	701	54
358	136	217	61	221
547	804	764	762	982
12	688	16	296	513
140	720	801	719	167
333	366	388	709	735
968	399	499	890	459
787	667	547	262	125
725	845	137	851	191
133	936	266	714	752
301	683	261	496	772
428	109	141	748	842
375	866	541	891	901
358	160	149	334	746
212	825	130	449	943
369	407	532	472	746
635	562	354	356	562
883	742	790	135	76
259	505	9	632	426
717	361	400	494	87
734	658	748	210	269
328	192	789	172	413
7	176	356	737	565
873	17	715	255	681
585	701	479	43	929
20	552	253	641	906
820	672	810	933	961
913	613	440	181	54
245	6	928	549	665
385	742	912	870	433
891	243	153	467	874
858	454	72	837	260
236	870	260	236	423
33	416	499	545	138
271	578	180	540	29
185	629	967	784	845
438	429	941	768	885
189	484	862	631	797
904	214	986	668	539
634	760	955	684	993
749	970	658	931	849
403	96	509	756	514
174	465	717	331	944
305	336	664	589	649
704	373	61	922	805
86	446	121	851	865
604	883	403	175	773
947	784	395	82	583
281	476	881	43	489
360	490	471	463	112
281	528	254	250	665
325	250	173	933	483
799	907	516	854	989
278	83	41	868	591
982	765	996	25	953
496	967	620	282	715
664	351	22	775	309
73	608	78	854	763
632	989	763	763	536
377	46	757	617	162
145	519	420	836	327
499	53	431	242	202
431	287	157	821	405
177	323	609	893	543
936	588	119	199	433
817	398	371	707	844
59	870	593	952	614
789	667	522	383	543
174	925	446	756	941
897	540	937	63	699
22	127	373	65	233
386	247	994	963	650
457	402	168	834	997
757	722	140	842	579
692	712	394	475	811
639	532	526	833	122
354	516	671	104	763
722	297	471	468	424
353	590	162	540	131
363	343	233	357	37
793	950	454	605	300
413	518	502	537	208
312	519	623	95	498
196	875	306	208	16
578	727	428	43	93
763	835	157	879	136
943	441	254	791	214
679	618	495	38	326
321	786	440	842	205
288	391	126	847	554
387	134	633	201	434
519	478	145	30	336
689	731	783	440	116
454	5	315	911	591
142	255	748	731	265
678	692	676	553	999
677	614	651	672	674
429	533	851	955	416
682	733	660	10	108
354	708	116	607	336
761	398	332	639	750
939	625	523	726	390
347	126	365	655	131
644	637	877	138	815
263	153	763	125	618
140	153	894	770	47
257	52	515	565	799
285	80	34	288	111
760	54	717	620	433
782	37	581	438	879
561	578	189	0	58
378	920	371	475	106
450	1	827	813	868
958	880	169	697	178
791	517	256	228	942
448	318	69	11	727
616	430	860	125	458
484	844	819	958	573
8	597	289	145	978
689	260	128	99	935
247	621	562	404	294
965	604	608	376	284
316	599	583	563	357
138	861	305	576	796
291	782	303	787	166
210	414	694	275	260
536	395	330	647	694
694	404	195	725	904
903	483	915	178	906
173	275	794	99	366
926	987	372	925	629
669	397	343	308	574
468	953	555	747	102
669	119	773	309	41
362	196	246	195	554
574	610	75	396	947
282	574	143	578	194
718	279	296	568	259
434	794	660	699	589
291	713	281	195	884
135	615	810	240	698
747	747	561	975	450
741	559	611	327	641
989	98	518	438	845
767	614	816	33	407
55	296	521	469	845
702	90	992	689	722
144	799	551	682	706
520	936	123	617	308
444	804	443	196	234
621	687	101	181	581
346	55	678	718	492
677	399	823	207	22
461	73	738	74	78
119	597	301	90	285
826	971	836	176	982
118	738	380	693	512
171	311	721	760	945
542	910	911	847	386
674	479	13	857	586
956	938	588	87	933
18	326	771	215	287
451	951	712	399	858
518	420	580	527	476
138	667	798	15	677
16	431	577	876	781
61	75	55	142	921
602	936	932	18	234
48	979	699	259	487
229	130	892	277	603
444	397	507	692	154
52	1	477	807	933
360	942	125	367	957
864	311	123	184	666
624	210	62	952	635
153	843	953	515	464
166	377	564	263	212
327	271	380	18	793
636	17	400	682	358
389	541	260	994	82
638	663	407	393	376
658	175	739	229	618
760	790	759	363	342
586	26	748	701	77
921	705	604	333	802
583	723	37	943	309
721	754	401	157	941
869	452	424	347	833
19	281	237	918	793
851	958	405	323	865
265	76	915	58	92
87	906	275	7	801
851	856	491	209	878
616	387	375	540	709
182	640	390	265	187
903	548	827	953	544
345	299	603	844	219
242	502	685	84	53
388	317	251	332	506
760	265	242	403	362
780	672	363	913	684
583	513	226	115	312
760	226	247	684	962
791	188	857	382	336
789	828	538	123	751
147	611	364	690	148
65	268	689	323	41
953	0	533	280	545
388	112	973	900	65
870	900	789	817	620
27	964	153	838	815
43	278	496	411	705
47	741	340	312	64
601	944	138	209	632
280	310	496	245	846
835	394	958	872	369
359	649	327	580	886
814	570	624	310	957
994	745	648	86	627
523	942	685	553	988
86	191	451	139	618
316	675	88	433	366
64	179	457	747	293
954	635	822	170	378
254	403	718	870	246
827	100	231	199	190
209	670	494	39	441
268	933	926	357	742
35	455	682	271	860
161	368	231	973	108
141	51	490	475	505
805	594	288	69	136
674	17	99	334	872
872	536	952	587	36
612	736	328	849	325
809	371	867	435	143
147	818	136	542	362
909	164	385	82	317
224	13	839	446	544
866	70	242	716	346
419	7	214	370	586
497	550	227	885	531
466	432	489	13	258
782	150	621	745	827
296	217	905	377	804
823	739	887	788	982
861	384	781	315	408
282	972	827	876	670
274	832	791	28	585
740	56	331	747	703
766	787	23	691	76
443	435	443	230	977
548	745	872	441	698
455	28	541	788	915
128	410	208	843	921
19	577	961	947	774
615	746	810	789	420
409	768	450	172	921
255	713	755	989	263
512	947	614	181	282
23	549	127	882	230
617	613	642	635	902
834	348	853	644	549
69	179	928	131	528
757	125	387	870	174
303	180	421	731	98
532	703	957	468	951
354	614	77	520	118
103	735	435	440	239
173	717	283	936	879
693	155	443	601	13
673	627	580	188	405
888	45	470	51	637
426	582	18	901	648
299	803	651	890	947
548	353	588	535	814
975	238	523	802	829
176	342	60	318	933
953	120	919	731	696
381	68	740	740	477
594	189	965	370	162
745	889	198	42	947
726	452	285	887	506
999	659	22	283	440
458	264	459	911	994
576	630	592	826	906
837	707	620	277	0
46	263	133	847	5
705	710	277	761	542
811	4	51	556	764
439	368	198	121	565
944	831	917	261	594
928	841	51	501	439
342	462	28	639	260
867	619	291	563	542
687	345	986	249	19
313	961	137	777	978
723	649	744	181	855
210	250	16	653	893
147	621	212	520	890
879	663	491	781	734
324	875	364	580	34
389	363	823	979	527
265	333	878	432	143
818	185	515	948	435
590	774	904	115	374
768	455	492	132	916
253	604	600	543	888
864	137	860	314	571
262	96	722	357	341
985	508	189	850	371
438	940	540	493	694
808	271	245	385	588
701	240	144	570	811
189	540	611	36	145
110	87	32	80	281
724	240	676	130	624
480	499	932	955	551
630	719	470	383	603
679	324	785	223	24
57	949	257	354	473
975	198	547	724	995
690	138	362	792	654
582	587	246	410	872
192	608	927	711	498
681	180	916	387	134
263	270	501	990	882
784	385	682	217	198
796	342	419	295	249
930	203	565	97	377
825	423	352	587	835
42	59	503	454	223
226	805	534	183	944
58	681	229	620	359
883	644	317	436	839
636	724	595	895	700
645	431	81	521	400
159	238	895	484	758
957	837	641	296	596
991	921	793	260	746
317	120	943	266	430
648	543	171	869	749
27	92	530	916	555
939	423	96	848	97
405	953	586	420	359
201	263	870	537	103
330	484	443	102	888
741	313	125	494	912
855	787	587	645	45
403	678	309	276	868
167	749	824	240	145
276	758	385	229	641
947	207	847	849	331
92	632	95	45	23
959	112	637	866	601
173	399	788	440	373
427	95	624	862	227
207	762	822	485	239
994	650	737	192	778
785	903	167	603	162
631	913	999	423	94
745	134	621	866	333
929	443	653	325	922
847	704	82	664	39
560	58	491	980	972
495	965	504	58	961
539	24	996	971	350
994	124	582	782	643
842	785	545	486	595
523	736	547	496	760
686	142	186	379	300
640	567	477	284	399
779	939	745	693	990
856	458	975	206	824
907	311	321	750	275
801	37	255	206	511
30	707	880	810	79
205	497	606	853	400
546	160	247	162	79
358	195	958	534	213
161	324	721	784	835
42	459	663	432	966
809	793	806	995	693
22	875	313	372	396
367	921	15	995	991
714	1	855	375	742
811	703	283	398	647
146	68	783	32	199
709	868	830	244	955
653	8	695	22	276
519	138	175	354	231
862	516	746	343	314
971	967	251	883	877
616	636	236	969	161
177	829	791	763	404
84	355	605	712	519
170	756	770	598	73
875	850	701	101	804
766	763	833	872	268
400	377	576	392	812
652	334	469	159	772
915	642	620	446	451
332	280	251	299	125
165	773	506	452	685
539	269	365	924	31
724	766	227	697	220
227	659	120	128	857
747	626	22	961	432
647	683	338	910	135
801	933	204	546	443
316	697	654	833	568
71	953	414	438	28
547	815	467	163	725
753	230	135	907	566
372	477	598	82	988
619	391	552	67	264
268	280	9	453	970
824	5	972	225	432
303	460	251	662	506
753	89	328	153	358
408	888	629	358	883
180	613	366	715	23
8	896	573	215	170
591	483	730	637	831
531	641	742	268	228
707	795	911	437	900
222	596	486	656	364
861	33	130	317	859
809	491	462	712	100
880	195	11	538	427
770	293	306	191	407
599	906	116	850	617
918	958	318	192	190
888	239	619	392	443
434	560	467	770	37
133	303	114	431	177
965	252	868	38	832
246	182	686	440	142
322	821	912	21	594
336	712	487	590	619
43	997	644	564	78
117	517	956	605	123
994	889	882	924	383
255	634	25	543	406
561	365	188	698	475
274	662	508	474	763
616	920	308	292	352
775	599	866	136	664
216	649	635	784	210
732	251	957	234	345
249	581	812	58	713
290	407	448	24	783
32	602	271	475	950
306	709	708	328	806
48	19	717	543	61
318	117	404	468	886
145	150	787	546	849
739	181	659	470	206
299	134	741	184	350
926	450	370	931	500
729	801	801	946	798
971	824	407	43	234
150	93	817	496	15
532	378	334	300	810
870	726	548	513	562
5	874	361	538	621
470	638	206	785	297
896	503	313	489	563
95	39	55	617	801
457	819	469	15	699
300	598	202	496	655
972	914	382	707	234
595	928	623	417	515
624	347	515	275	805
288	811	432	116	628
940	801	766	116	375
558	793	730	351	248
388	219	696	911	734
177	581	223	96	326
332	487	919	333	435
593	369	621	406	276
279	235	110	796	282
69	73	970	243	277
56	531	701	714	91
638	319	647	90	551
669	719	506	14	51
28	222	451	984	952
574	601	165	149	583
861	596	285	957	151
569	779	984	980	248
316	365	787	130	349
895	355	95	373	981
701	842	340	92	771
588	944	308	167	386
163	877	943	40	764
583	620	15	616	898
362	162	863	558	91
483	104	454	462	702
699	304	71	26	342
160	586	773	924	724
478	347	955	500	999
203	947	895	657	910
205	708	194	464	749
566	46	388	624	799
488	548	872	6	72
23	148	222	156	206
185	796	970	138	323
657	738	141	105	171
230	764	583	912	613
96	265	191	265	893
422	743	388	105	318
573	407	706	259	757
824	704	374	590	890
624	117	504	749	304
714	209	246	542	806
919	833	873	9	962
229	824	798	785	537
57	541	770	380	406
563	665	172	125	796
272	336	261	150	965
137	850	412	226	982
297	859	210	268	720
108	152	743	638	840
375	538	987	238	835
405	620	420	756	177
151	245	851	740	572
544	520	500	275	968
236	50	71	184	867
686	457	466	380	977
819	421	721	187	325
940	337	778	231	70
29	64	62	76	844
221	325	866	869	203
938	946	26	358	888
346	1	314	671	397
782	985	261	979	968
571	5	809	398	210
206	753	195	473	728
901	373	359	567	597
771	770	896	700	734
400	876	537	242	425
655	176	486	277	3
365	885	716	199	348
419	532	109	165	66
751	522	371	532	450
73	546	730	787	163
100	107	380	88	678
201	603	701	393	347
597	851	577	707	895
545	63	91	425	974
319	689	915	638	424
180	141	86	962	122
116	245	483	944	868
960	470	350	303	998
807	808	465	614	94
310	664	402	663	585
749	811	11	623	19
934	252	928	941	942
108	517	597	880	984
744	789	53	373	636
720	524	743	55	954
83	275	540	315	94
882	620	741	212	624
498	513	997	679	462
238	250	567	895	743
700	518	400	80	238
369	390	372	187	353
513	355	362	747	16
556	72	283	429	154
798	982	485	746	102
30	996	759	931	995
220	396	648	78	337
437	665	229	281	954
459	540	820	80	213
418	894	929	514	392
194	764	526	71	953
68	837	810	593	141
370	874	435	147	968
113	590	580	561	215
855	524	607	120	192
754	422	498	187	821
460	411	252	495	819
918	189	734	816	433
566	987	96	512	754
107	153	291	832	670
856	648	783	711	433
803	192	426	690	530
551	92	946	206	721
20	476	267	644	871
908	985	918	178	896
652	894	189	844	605
990	693	618	237	129
731	147	436	769	751
972	153	629	57	16
841	162	710	901	113
717	538	643	185	570
586	571	834	278	812
539	137	412	967	285
389	367	204	36	834
700	550	424	253	368
989	794	861	559	556
161	149	841	251	846
655	423	24	207	947
688	8	725	530	882
72	300	847	810	7
262	588	470	304	491
662	920	815	289	444
73	468	661	586	841
142	257	458	926	633
795	252	920	293	648
444	199	264	555	977
630	151	815	45	460
148	394	457	840	69
682	769	42	242	325
109	57	149	927	423
424	71	733	163	915
654	601	52	726	860
469	360	469	585	612
16	628	316	90	920
23	96	153	380	105
124	410	100	482	225
634	320	822	609	55
331	428	752	592	965
972	977	982	391	57
567	781	31	614	594
563	382	166	144	74
161	747	958	867	427
293	151	418	592	462
16	299	537	35	712
642	616	944	878	572
351	767	486	387	405
895	462	552	66	304
422	322	161	127	577
287	422	984	547	982
674	641	379	862	713
226	893	116	892	515
543	491	497	485	802
984	310	542	41	732
969	918	894	750	52
144	438	845	150	530
227	498	721	727	83
976	327	705	5	88
227	714	847	41	995
211	90	185	231	58
784	368	183	359	967
249	574	594	66	485
287	65	407	663	238
379	645	452	831	840
461	259	175	78	810
660	758	619	390	105
942	401	96	647	34
544	137	795	565	128
804	89	497	814	814
652	17	748	210	162
329	516	532	791	580
456	995	424	585	331
304	425	338	998	59
282	330	996	463	431
135	238	117	279	759
558	106	116	5	731
309	147	596	343	645
947	722	283	102	246
877	698	380	862	79
418	816	964	347	404
87	306	153	17	862
799	576	119	775	552
526	178	354	54	805
601	935	952	727	788
755	149	415	542	191
7	228	907	212	272
82	611	540	339	973
153	106	988	252	156
507	967	542	704	874
383	393	943	225	974
147	389	104	228	296
803	731	709	917	325
118	173	835	323	686
857	937	759	99	452
965	283	476	770	596
794	227	302	569	509
461	548	163	269	886
297	398	288	782	502
416	476	438	498	450
831	233	864	513	578
80	272	907	104	215
657	830	496	543	468
429	349	683	162	548
100	350	439	600	134
807	90	350	850	214
793	288	736	416	635
767	866	276	811	915
606	419	725	131	874
879	544	753	587	282
780	824	290	981	403
975	444	593	77	514
437	481	713	945	357
929	171	739	98	632
956	428	857	688	601
27	142	215	634	965
332	17	339	910	55
171	67	798	329	999
223	119	422	667	43
609	333	368	41	841
974	869	995	946	345
181	406	533	689	285
772	995	401	913	752
270	214	973	750	997
747	405	971	226	225
924	787	848	948	722
277	410	716	427	460
224	864	314	496	194
484	555	372	330	583
485	474	973	183	724
476	585	650	74	577
133	22	517	206	448
780	502	568	172	743
69	788	638	40	305
726	40	293	397	330
391	582	787	155	24
375	774	322	818	446
524	801	740	686	782
67	654	908	315	609
11	745	559	387	557
159	782	163	98	921
856	429	490	786	566
119	777	480	439	855
487	521	858	809	988
275	983	672	526	833
548	0	275	533	213
156	517	352	226	860
487	956	205	144	869
999	932	264	549	504
286	345	108	845	895
468	231	97	146	842
486	658	156	721	782
56	380	132	630	175
177	793	380	614	203
985	321	815	332	410
429	632	874	795	469
362	513	730	833	62
103	611	285	804	736
770	136	713	572	280
736	912	471	483	832
461	824	455	723	471
248	196	985	90	699
519	339	619	895	270
860	797	5	476	690
130	998	931	279	372
284	273	433	328	521
704	120	570	884	412
704	228	816	186	513
960	469	556	657	844
646	462	727	544	943
483	602	869	392	172
378	851	498	488	581
524	540	979	321	34
135	977	389	936	911
626	984	434	523	302
360	605	122	949	568
54	667	629	488	441
499	180	225	614	158
641	89	505	3	65
864	140	432	189	566
218	30	759	551	326
267	21	633	705	293
764	475	249	607	581
509	490	882	943	790
20	810	329	898	84
106	504	32	490	542
329	528	809	80	197
896	406	863	861	633
635	128	560	222	658
467	351	935	597	941
933	847	672	416	576
667	202	328	754	701
836	974	119	968	950
524	824	696	805	572
345	785	874	478	378
744	979	421	665	767
921	922	763	992	663
108	556	918	152	557
984	422	450	522	99
245	237	85	337	899
161	757	330	31	682
905	68	926	127	725
52	799	799	46	199
95	744	925	140	709
712	751	429	350	361
901	113	20	740	545
944	537	955	532	331
827	436	863	740	923
631	521	305	243	45
2	436	515	19	336
787	126	652	828	198
573	219	22	637	78
348	662	307	797	758
151	252	126	693	470
750	887	94	355	483
483	799	586	666	730
273	596	973	94	602
585	733	5	486	561
569	518	441	983	484
57	186	1	567	281
152	947	425	592	462
20	333	240	761	359
592	647	289	229	912
76	250	222	5	393
349	458	745	908	291
454	892	800	15	732
176	355	792	552	873
688	261	858	616	729
429	285	604	915	680
976	313	78	404	531
154	468	800	582	211
570	546	924	490	546
192	30	447	478	641
555	601	849	526	915
886	402	436	430	577
277	917	543	68	773
502	936	410	61	209
160	925	663	759	457
132	946	567	776	172
813	192	707	828	458
941	832	750	62	942
24	197	863	543	657
616	305	571	756	379
613	879	961	739	419
412	838	275	291	361
730	473	541	418	558
340	422	954	781	496
216	613	980	624	311
931	310	507	528	513
849	704	324	252	614
263	741	113	948	737
63	358	639	465	939
491	190	807	206	255
104	638	882	899	245
572	372	48	774	828
737	307	430	946	363
51	91	610	917	470
942	742	463	334	319
660	863	801	471	37
825	935	739	922	122
357	474	63	23	266
558	392	817	172	12
793	112	483	527	310
698	623	567	981	819
613	293	888	21	363
218	19	89	768	902
635	223	674	427	137
803	573	773	309	526
436	186	402	275	73
358	523	51	262	505
647	791	6	578	855
188	54	343	109	697
967	312	243	596	212
594	857	659	416	7
393	753	64	751	937
945	614	587	284	196
368	62	232	931	981
709	835	70	541	308
575	432	545	513	278
649	643	212	88	3
856	207	791	546	305
562	228	932	642	968
647	491	540	116	52
811	701	352	588	700
729	950	564	411	417
974	605	978	942	37
746	286	352	864	538
910	950	77	273	348
439	691	655	923	88
856	639	993	23	193
661	778	725	363	491
552	354	810	338	938
594	324	241	738	205
239	540	742	681	438
249	960	854	102	362
38	250	486	421	571
445	644	474	429	389
719	196	71	479	826
730	320	470	871	227
379	440	131	892	415
376	844	154	295	533
165	10	538	425	853
527	841	768	880	668
453	715	510	957	287
21	757	639	683	156
833	504	534	716	982
262	523	111	7	3
35	616	556	465	218
294	333	780	348	627
291	842	94	727	620
134	711	719	290	945
257	676	126	898	361
945	323	193	103	605
457	862	24	544	347
101	797	82	99	205
890	148	967	913	795
134	323	177	63	208
820	846	929	742	283
656	144	951	447	365
826	810	239	215	61
457	200	80	255	419
700	121	455	337	223
633	279	359	203	74
265	70	370	894	757
542	820	375	73	441
424	283	283	95	942
748	905	801	299	61
936	460	593	702	285
473	725	319	276	149
496	325	928	694	738
466	774	533	517	48
782	636	70	44	965
234	789	916	864	67
409	730	314	836	903
697	546	581	301	568
191	301	170	6	216
916	260	77	836	332
463	710	81	417	550
898	175	289	883	466
220	255	40	123	443
877	903	463	973	602
35	401	223	949	615
587	243	301	993	612
91	669	285	589	647
736	199	974	813	391
751	919	991	568	395
967	224	158	349	559
46	84	352	25	124
523	368	347	964	824
244	236	604	676	480
397	46	1	177	654
562	410	956	524	961
736	47	510	792	335
870	389	487	567	601
660	877	517	795	291
78	796	300	949	966
667	687	967	360	972
809	327	93	382	316
383	614	823	688	764
676	984	337	612	597
217	723	561	30	433
217	90	975	12	609
713	919	378	8	314
659	46	833	492	960
304	933	224	288	94
760	856	416	152	185
185	901	190	359	131
994	465	691	741	479
740	991	586	772	814
396	458	430	373	218
827	51	618	585	243
393	832	96	267	576
750	94	830	359	257
422	121	333	762	630
359	54	938	61	793
986	147	892	437	68
368	537	144	734	742
461	512	356	367	443
133	701	569	181	73
106	766	235	684	469
541	746	152	907	839
165	203	360	191	311
850	830	155	505	734
585	293	402	408	65
491	862	487	645	830
449	792	692	948	602
850	396	141	526	567
50	248	981	719	168
175	361	25	514	71
143	272	606	595	630
227	935	862	409	381
721	960	774	657	356
772	75	499	135	48
309	921	7	278	440
702	817	22	824	262
920	858	190	219	995
643	107	859	549	89
167	417	266	150	492
266	174	400	585	845
821	815	433	978	76
298	831	108	263	691
754	72	268	188	827
631	402	726	42	273
127	505	610	744	934
403	673	362	530	665
515	403	134	946	931
751	55	823	19	497
694	417	978	237	408
931	727	300	13	914
391	796	855	366	306
213	226	165	143	626
611	106	567	380	200
725	984	932	517	245
905	203	994	699	847
316	778	923	299	230
180	868	277	550	750
887	121	412	342	102
306	132	371	479	155
360	423	811	210	480
853	247	730	803	935
735	682	686	306	706
676	0	291	669	632
164	420	577	28	556
830	433	843	529	598
736	681	808	148	185
965	91	682	171	933
202	258	606	43	121
899	789	829	790	121
263	580	725	726	192
936	982	336	483	764
924	343	622	370	675
711	831	637	660	348
38	807	211	530	312
94	113	216	956	918
422	548	500	562	306
137	911	488	684	9
922	501	289	665	502
960	854	684	807	923
666	883	562	885	704
902	957	311	488	674
157	5	503	14	420
706	428	108	735	174
283	611	135	904	966
97	998	58	992	121
246	579	922	238	681
30	4	852	411	767
786	141	449	219	634
975	665	503	962	367
655	862	870	924	579
558	657	921	785	880
234	988	747	562	223
338	389	680	669	152
493	168	911	564	156
249	915	828	280	326
886	674	108	114	965
933	555	935	891	850
784	231	352	683	201
574	692	496	858	286
978	8	893	932	393
356	328	282	603	938
858	943	401	305	742
761	994	245	275	365
800	125	946	177	773
978	788	233	776	300
725	70	761	48	819
810	615	726	486	207
454	661	494	93	324
43	254	796	325	32
777	552	985	832	380
122	551	910	504	394
625	430	175	283	672
460	776	733	422	441
255	117	92	481	677
596	745	127	328	604
94	402	860	757	179
609	497	767	672	978
276	135	596	776	911
77	432	515	409	893
405	828	939	869	609
504	775	971	210	163
165	823	94	253	883
990	514	538	21	268
399	195	699	477	521
19	453	579	851	85
927	629	421	990	845
886	661	510	102	194
63	696	275	337	847
74	906	939	172	782
731	549	448	605	16
757	281	679	526	30
326	685	836	740	753
31	41	857	930	214
274	116	464	850	216
281	742	727	218	4
957	85	478	307	336
867	45	676	967	22
918	690	240	584	320
899	555	690	700	349
958	99	927	318	906
666	614	912	719	425
897	266	985	724	863
832	613	26	683	788
72	391	835	58	249
528	248	942	801	676
977	359	833	948	472
410	633	83	702	162
17	595	622	235	62
131	133	750	179	31
861	99	752	728	892
563	905	977	495	683
646	689	523	602	287
934	811	399	973	920
960	508	621	892	883
201	515	628	738	394
662	724	146	258	160
434	322	955	160	248
959	410	448	303	246
546	536	954	612	916
458	225	390	238	25
851	190	193	336	174
986	124	262	551	964
609	985	84	490	546
383	433	632	485	231
313	464	392	151	132
344	674	875	313	873
582	795	209	452	328
729	352	924	323	854
343	31	234	306	906
530	674	38	845	675
228	578	329	518	482
324	69	580	890	886
42	598	631	898	679
877	522	387	533	420
361	70	643	266	960
252	256	649	7	719
946	476	513	69	676
176	846	41	874	707
293	413	712	43	759
372	794	820	34	935
694	193	304	602	815
492	560	482	923	841
95	501	60	642	959
360	324	870	792	240
977	662	482	402	708
186	328	569	788	951
103	672	392	969	243
575	526	304	419	867
22	911	845	7	316
802	292	847	65	411
764	757	88	13	456
259	684	62	758	628
2	85	379	599	677
402	723	879	470	225
246	409	800	735	966
700	709	449	56	803
539	676	149	710	18
160	369	157	668	843
63	912	541	984	697
895	497	70	947	666
346	964	654	585	330
18	345	631	744	40
206	583	968	401	262
639	334	455	764	693
878	308	490	512	86
548	191	894	845	969
518	128	421	307	920
690	752	696	550	751
669	677	340	589	563
482	785	515	342	304
401	863	7	274	12
998	679	98	438	647
320	658	238	311	499
855	150	223	382	289
777	979	258	671	22
211	366	728	267	144
702	901	517	219	148
833	72	760	476	564
163	660	898	971	213
386	48	660	209	633
871	689	515	272	919
489	169	39	506	988
829	464	968	529	672
134	21	393	50	205
462	559	382	622	287
52	419	445	335	695
743	707	402	709	429
29	340	812	482	603
645	306	50	635	73
881	407	273	956	225
999	291	421	586	959
415	551	42	381	556
604	166	314	990	59
417	492	933	431	430
41	186	205	379	963
766	543	485	967	310
674	205	321	630	706
756	244	839	636	242
757	978	109	317	86
221	29	259	581	273
308	446	604	34	495
407	890	246	35	957
807	691	370	615	100
664	383	428	156	729
701	853	203	382	270
501	156	479	975	81
967	713	146	165	740
297	647	239	324	194
970	209	413	504	891
125	950	179	750	667
600	443	989	781	982
520	113	422	675	718
275	203	462	685	775
686	773	835	743	687
905	832	673	240	449
567	79	350	368	860
514	533	801	988	252
671	254	884	789	993
510	96	6	21	833
310	938	850	592	73
403	94	805	252	590
863	646	299	126	479
352	392	76	115	714
630	512	463	622	309
524	230	225	751	333
522	29	33	723	70
350	45	750	120	936
892	457	477	373	229
258	737	840	906	770
529	705	838	842	166
779	111	173	338	808
917	21	667	576	413
162	237	301	123	341
607	403	73	754	173
75	963	690	898	922
346	339	436	708	420
200	586	964	829	499
139	849	816	969	453
794	575	300	479	944
237	2	511	854	967
816	425	334	569	637
469	581	276	372	563
562	900	729	545	855
690	765	588	337	863
80	284	255	204	297
37	805	497	360	243
286	367	874	220	960
24	784	420	644	627
948	880	119	351	887
726	33	710	491	465
262	210	809	674	960
627	966	364	695	364
897	952	345	951	99
30	635	444	838	868
418	930	979	371	397
508	892	256	645	174
560	734	20	910	302
892	35	468	818	820
828	984	945	376	20
230	38	823	584	461
119	74	885	744	180
606	615	263	917	551
567	466	461	521	808
453	576	954	240	120
266	584	256	679	498
56	268	221	96	717
689	72	618	215	741
253	220	301	677	806
208	178	972	714	326
351	221	21	101	696
420	271	398	303	33
384	90	662	913	249
444	544	607	114	276
363	32	267	470	626
667	743	798	310	155
202	966	640	19	48
27	478	295	401	138
107	754	65	415	331
701	505	92	413	648
979	238	180	677	445
270	946	598	53	69
117	710	825	213	222
511	422	631	343	102
283	124	66	204	778
688	120	403	838	178
372	222	669	169	288
336	324	728	788	370
43	216	627	128	740
668	21	468	234	653
520	420	152	902	340
548	114	5	193	633
687	464	139	101	167
270	303	910	47	985
695	253	800	166	139
126	257	437	626	807
110	368	944	66	833
881	557	945	980	511
192	120	412	746	100
334	910	87	660	122
509	289	932	640	677
895	106	115	28	640
507	167	297	876	17
369	888	725	902	750
108	811	762	304	190
290	101	21	492	240
536	42	124	69	162
342	554	50	311	192
719	927	121	120	627
617	163	495	995	979
849	79	840	537	719
379	242	162	484	808
58	971	828	422	721
616	633	531	986	980
603	114	371	418	432
174	512	333	315	378
596	449	708	83	570
907	563	942	192	729
88	779	684	987	939
879	500	715	4	730
897	59	642	764	388
315	66	875	801	579
751	140	519	293	962
563	34	436	886	158
495	467	339	621	332
881	669	144	514	414
738	722	490	417	732
567	815	517	285	4
833	112	601	997	834
920	621	29	327	988
398	372	787	787	599
103	451	493	708	827
18	294	316	324	346
727	434	503	59	510
512	659	858	940	924
970	253	940	701	879
604	767	104	158	337
830	263	829	887	591
583	887	112	611	805
877	453	413	993	347
871	752	12	155	530
798	201	439	86	884
166	933	684	810	912
55	795	855	863	523
657	311	947	164	659
18	305	911	185	44
638	84	655	32	624
699	218	713	169	75
353	312	844	637	732
624	908	615	193	593
186	451	573	536	137
332	479	10	408	887
413	726	439	193	694
196	35	162	929	243
188	419	172	646	684
64	344	268	135	670
126	639	901	474	695
338	463	283	633	609
191	120	3	599	186
434	455	747	404	516
79	44	235	806	266
115	389	643	174	829
838	539	356	956	298
99	166	959	133	902
543	759	266	763	146
655	856	243	611	170
407	424	954	939	858
939	78	979	424	534
293	240	565	430	723
479	840	110	960	333
92	873	49	105	234
439	681	518	359	474
500	81	61	163	665
13	985	427	713	474
920	620	260	369	189
59	856	574	783	941
66	510	709	584	17
702	491	683	224	354
33	885	428	438	353
14	760	543	412	848
408	586	502	375	70
688	277	489	99	147
123	367	370	448	764
974	313	490	891	977
593	241	636	551	47
825	39	74	750	506
21	590	913	288	303
264	50	310	122	635
228	132	587	914	210
769	124	30	895	157
536	249	273	431	3
200	364	199	965	896
183	565	539	115	515
50	688	622	623	704
971	404	287	327	133
207	731	70	791	329
713	977	351	126	277
405	981	870	462	13
833	108	602	474	277
418	447	216	252	642
846	434	586	570	794
331	650	551	421	774
276	377	559	892	383
621	90	558	823	265
920	640	79	953	866
230	327	85	168	563
293	247	338	542	88
211	602	341	9	666
100	288	89	5	672
614	6	800	429	81
501	743	84	174	519
908	860	463	791	175
824	312	390	339	649
868	272	942	499	866
429	219	634	322	715
146	379	294	682	709
332	721	57	834	825
508	987	985	468	829
803	643	591	651	575
432	549	276	921	545
642	719	395	881	199
299	784	154	514	411
395	296	19	740	283
827	459	823	324	877
417	33	259	582	750
889	965	355	911	561
320	43	343	150	23
713	247	719	318	319
227	627	837	354	57
550	115	588	990	640
836	798	162	568	246
440	15	522	862	940
653	672	47	470	987
696	81	394	495	209
997	89	525	794	767
144	498	117	629	53
38	16	70	538	515
856	94	512	960	274
769	704	598	912	620
137	761	10	986	616
462	882	407	652	31
858	273	93	325	307
763	234	983	920	289
940	813	713	152	391
270	653	332	323	444
427	905	564	859	863
512	926	790	107	177
841	65	366	956	373
393	14	232	16	390
969	76	90	146	302
155	790	555	558	922
714	632	532	890	513
103	531	755	813	64
602	352	525	32	104
7	539	477	478	414
554	366	722	777	41
202	184	723	448	116
890	791	400	712	146
72	40	473	572	595
262	150	359	376	935
361	824	235	824	964
581	623	810	567	653
255	718	94	364	637
705	204	274	705	935
59	638	694	342	293
686	677	463	823	982
163	562	595	877	176
587	636	781	197	132
4	213	248	956	77
340	252	287	213	262
495	633	393	917	945
537	683	370	680	852
109	584	522	983	476
325	934	95	945	657
927	897	867	404	703
557	683	208	211	854
771	153	311	674	267
596	680	175	749	623
32	704	99	34	453
122	995	707	379	444
700	246	693	580	909
493	604	108	921	120
110	283	467	147	202
335	496	877	487	991
133	968	162	280	756
244	678	653	743	391
682	324	738	418	277
20	148	697	20	503
321	144	179	134	213
211	950	719	348	469
271	119	801	362	415
655	621	937	114	203
702	789	152	12	54
706	365	829	845	531
505	273	805	409	306
961	246	756	321	159
895	11	69	507	681
451	442	96	117	769
196	870	239	872	393
201	177	281	908	151
367	355	191	700	688
85	452	336	148	361
340	380	747	110	598
879	916	951	681	573
699	175	977	529	234
834	11	400	391	422
518	114	64	804	672
763	835	735	353	669
248	100	900	191	782
885	23	140	81	661
11	319	459	102	739
155	128	864	862	360
993	745	298	525	344
156	928	636	21	76
172	748	248	676	98
944	638	190	17	457
581	228	693	164	314
947	649	753	427	593
181	677	770	553	629
528	52	980	593	997
556	739	946	130	85
300	621	744	473	372
74	591	61	750	296
305	487	562	344	732
550	766	355	269	476
43	3	12	383	471
132	800	714	146	946
452	138	421	194	993
831	944	729	771	628
281	902	337	66	853
410	901	104	285	829
98	404	505	159	720
870	615	662	275	645
874	735	756	358	455
186	389	909	192	158
580	134	569	740	737
61	795	288	222	990
825	90	738	803	746
558	936	393	619	629
476	677	505	635	97
930	802	763	504	830
850	457	564	527	905
351	389	804	586	821
272	91	13	907	859
461	347	929	677	97
38	404	799	433	853
947	24	383	405	62
664	674	555	76	153
833	861	882	946	711
686	920	213	687	330
5	669	301	905	463
874	834	368	283	772
117	728	45	535	622
731	877	314	64	557
660	950	330	79	131
279	521	468	945	10
556	674	448	437	847
614	328	939	305	969
640	220	73	227	992
545	58	534	145	712
242	697	306	887	502
197	236	603	189	788
29	145	968	556	652
762	890	974	887	462
219	426	336	316	855
885	541	191	811	57
831	995	256	398	354
27	118	48	951	772
299	484	442	783	591
76	481	419	48	91
503	741	679	600	727
739	128	858	16	272
769	218	619	316	956
378	437	949	317	718
321	969	874	777	187
712	153	498	248	988
184	311	595	812	572
785	270	479	437	700
765	367	842	935	63
17	623	96	525	710
771	421	826	579	998
483	432	646	374	601
761	326	619	779	199
155	624	578	217	38
511	675	147	951	503
660	307	324	940	877
840	572	188	385	480
787	842	95	513	120
518	865	238	575	573
79	709	629	722	821
903	806	340	887	451
423	120	532	172	743
292	36	916	532	594
167	797	462	421	468
245	735	338	832	519
172	440	90	730	859
774	548	752	807	389
953	239	811	508	749
749	544	297	728	285
793	814	287	343	510
543	885	738	885	640
524	171	172	314	43
627	742	542	106	273
479	506	717	611	400
200	267	266	408	766
974	716	487	313	385
155	520	781	537	505
985	68	620	785	858
399	957	350	708	978
7	150	790	593	246
252	530	385	147	970
614	2	285	932	222
300	162	999	120	83
765	241	609	650	596
748	50	987	598	949
136	430	672	779	163
663	40	336	305	373
639	784	118	481	534
589	213	291	357	24
326	492	288	436	35
323	382	678	472	327
904	81	564	298	347
900	182	455	431	56
136	539	211	496	632
243	907	182	958	365
559	719	775	284	185
891	837	160	771	475
336	356	238	479	39
887	339	254	720	12
246	337	991	194	417
460	422	17	577	890
133	711	324	305	711
867	474	104	209	760
590	716	123	193	564
753	728	824	134	348
121	963	386	82	409
155	564	449	527	781
364	817	211	626	882
814	431	199	174	895
834	345	496	643	237
641	293	178	62	968
362	422	31	259	244
451	902	216	696	662
782	379	344	569	120
657	373	28	372	986
604	166	776	461	601
249	89	983	984	515
861	670	437	769	838
887	538	651	414	939
973	187	47	519	589
322	583	128	122	962
56	110	667	611	15
912	844	365	247	92
282	540	420	788	702
92	789	352	288	321
733	442	625	34	330
896	935	791	784	506
763	718	478	59	814
283	598	931	691	205
436	878	663	877	9
472	27	773	954	404
250	512	715	854	4
718	412	458	986	236
709	307	643	560	867
489	826	904	448	272
89	495	38	287	865
447	423	716	576	362
719	172	231	815	112
152	329	383	232	706
410	531	729	416	505
264	401	599	632	591
136	146	208	469	866
285	627	215	663	605
539	473	661	647	530
867	316	188	778	172
620	877	785	82	137
135	978	644	449	517
174	355	134	489	194
362	995	226	773	760
688	620	188	66	165
425	824	371	556	495
689	353	48	180	342
351	291	198	359	859
297	927	818	866	447
954	121	989	740	501
550	650	931	47	886
853	35	870	414	89
856	642	709	136	813
405	183	144	135	340
79	868	439	84	399
638	144	25	662	865
388	849	678	452	108
582	398	590	308	298
539	446	278	625	666
388	745	529	138	141
546	25	141	847	204
155	666	994	320	336
369	599	726	29	936
959	856	488	905	3
763	826	735	581	731
328	254	45	707	740
188	702	879	317	855
685	210	628	141	879
835	93	388	971	567
114	840	166	948	748
93	854	713	366	736
325	799	956	26	486
414	818	768	204	102
73	266	487	482	393
312	382	756	701	319
50	47	85	103	783
732	358	751	208	6
232	396	390	194	543
636	969	112	435	85
860	359	71	797	427
361	77	500	800	221
254	315	546	60	109
532	209	319	204	921
95	972	827	956	601
493	530	25	140	594
641	255	0	714	90
337	868	165	135	437
972	896	574	650	974
631	445	648	361	820
802	382	919	408	503
742	764	838	157	744
180	904	172	25	428
963	778	247	69	675
905	858	416	289	288
333	280	376	150	547
433	860	428	519	882
9	524	638	39	219
689	104	235	212	958
399	257	870	187	905
272	958	812	82	103
531	798	936	338	789
433	372	179	222	275
319	301	727	280	987
942	313	252	790	694
761	270	17	111	527
42	583	292	871	436
829	24	181	528	301
288	186	455	454	925
733	875	527	159	491
567	498	306	648	334
983	102	794	860	956
488	642	806	277	676
273	624	92	982	983
67	458	747	142	733
311	631	301	948	453
864	289	566	731	81
812	693	201	536	789
818	800	955	41	871
649	955	500	133	637
844	849	128	240	757
51	845	753	200	118
584	623	999	747	293
654	831	455	74	970
8	483	299	835	953
952	121	339	112	501
609	604	28	168	649
452	482	237	789	675
989	156	614	198	731
224	274	193	256	582
457	970	12	681	110
901	788	496	313	41
251	798	538	369	190
962	702	960	4	648
589	284	465	616	298
654	650	142	331	431
555	376	53	371	994
619	756	165	36	627
77	39	89	735	591
450	981	877	585	638
875	657	251	750	925
40	209	52	269	856
319	804	826	977	200
459	638	539	867	697
548	764	982	262	937
759	828	276	232	962
387	99	844	562	633
2	517	564	206	957
576	1	812	776	534
115	173	9	122	685
168	449	408	567	247
895	215	557	841	53
741	40	561	605	34
504	581	937	508	52
89	540	707	987	417
439	389	370	634	983
823	990	639	72	132
602	167	338	276	741
868	175	464	25	916
68	382	893	519	946
265	724	418	307	758
544	842	742	119	144
469	796	154	910	6
610	525	930	702	524
638	406	853	702	599
782	104	424	410	235
131	50	438	274	163
480	418	875	520	714
117	436	584	13	173
947	671	654	617	742
598	718	987	18	136
576	155	486	474	538
531	935	612	641	129
36	951	183	37	442
932	550	350	2	391
43	820	447	300	56
397	642	84	124	275
880	11	718	231	325
19	335	828	871	715
79	765	784	413	282
805	345	906	283	992
933	580	415	843	836
631	208	159	327	806
450	290	378	773	822
836	691	529	800	743
660	618	850	394	534
385	334	124	947	29
348	742	441	326	846
259	611	157	518	539
920	271	274	204	805
496	422	642	946	241
760	91	729	643	904
27	533	203	376	929
110	683	355	391	757
111	586	789	371	329
352	354	751	390	424
3	298	535	743	212
352	367	747	246	818
280	338	861	525	587
382	80	135	636	274
65	735	622	326	615
744	226	429	275	490
409	863	2	242	213
13	24	231	920	609
746	356	202	989	989
506	581	589	749	394
825	719	821	749	637
270	427	388	354	960
774	758	203	250	134
50	430	353	680	94
980	225	894	671	510
903	308	558	333	450
728	306	78	732	466
965	446	604	134	58
415	775	767	420	769
568	779	830	41	135
855	877	40	132	171
947	709	56	977	305
511	520	346	958	491
71	640	287	844	672
110	574	963	88	626
315	517	938	164	14
722	240	345	708	993
590	817	820	113	468
227	32	36	442	288
225	218	937	698	797
758	854	965	138	961
510	196	949	281	400
936	2	163	53	1
880	12	349	505	148
51	581	924	337	541
488	307	949	663	804
223	141	155	595	492
220	897	233	206	736
267	35	910	457	78
350	656	701	462	912
396	434	293	658	757
567	202	765	495	64
916	20	926	482	139
426	368	255	442	562
814	41	300	45	694
890	61	274	507	499
389	457	929	580	829
634	600	899	888	451
606	899	871	268	433
600	738	492	415	714
489	753	242	623	884
956	860	210	290	696
559	619	34	660	616
580	252	730	690	660
983	173	193	637	171
256	78	896	891	253
647	576	251	650	324
199	147	597	720	781
135	919	692	883	950
896	209	27	944	975
189	79	830	897	8
20	858	645	771	420
518	357	693	567	108
619	836	658	545	413
189	442	56	792	434
630	646	597	402	131
700	886	475	259	805
757	354	712	985	419
427	843	909	823	563
382	96	838	834	897
305	765	549	938	573
445	427	255	587	577
195	608	60	573	890
578	683	377	438	290
966	380	302	756	278
632	167	598	789	465
728	310	242	843	963
948	429	935	186	109
838	815	604	102	284
652	112	815	522	309
971	321	546	434	702
963	766	73	868	621
704	281	201	286	246
484	281	184	730	624
890	671	275	294	943
457	578	170	195	981
946	644	485	389	684
462	318	460	220	537
308	2	824	46	947
329	58	875	798	509
971	196	392	210	702
433	680	69	65	379
474	836	829	442	742
562	312	352	430	115
981	497	893	117	331
306	960	428	880	939
74	912	729	333	253
387	165	311	596	159
214	297	737	266	233
534	328	323	572	130
546	867	12	669	76
247	191	468	266	565
358	542	176	37	330
193	48	7	97	307
320	82	914	106	149
398	217	887	85	35
578	893	385	309	718
475	70	952	599	811
981	303	558	140	597
223	217	887	151	142
96	946	990	409	959
558	397	746	572	323
689	654	439	513	47
718	59	394	187	199
787	660	864	609	905
479	272	704	164	284
211	781	291	522	282
489	14	870	855	683
28	441	989	574	347
924	476	369	395	798
719	668	741	880	23
307	460	37	510	285
378	714	705	623	382
588	115	950	752	667
256	736	553	131	697
911	271	325	343	111
239	867	813	933	647
937	938	109	533	83
752	958	815	271	372
559	368	123	48	200
825	612	206	229	331
15	444	345	691	967
220	418	499	997	532
525	923	232	334	67
632	149	763	212	736
49	750	275	17	814
287	963	640	612	915
188	712	299	584	438
132	58	874	110	235
902	644	971	845	120
613	519	977	927	217
141	641	190	106	418
551	879	501	3	61
764	284	397	187	494
714	257	210	626	184
697	212	108	138	43
372	957	320	649	994
557	89	774	680	297
492	381	177	439	598
23	871	740	100	792
118	422	426	801	316
517	267	455	137	750
856	222	746	54	731
604	466	607	888	367
456	789	541	983	566
386	368	61	972	802
207	567	53	627	480
413	476	316	87	313
796	137	686	306	977
462	805	730	351	357
904	853	269	813	72
689	855	980	809	257
959	705	749	233	914
435	817	69	70	969
481	319	56	700	440
635	671	982	322	944
653	844	362	863	331
428	858	751	868	642
829	37	74	313	440
560	887	961	123	789
585	108	345	168	822
883	150	761	123	310
332	91	373	328	311
806	722	334	588	776
554	524	335	165	81
517	600	254	39	577
34	396	554	975	305
205	915	222	213	775
278	789	739	263	746
277	323	993	702	637
117	550	45	297	206
840	947	759	748	459
20	634	44	121	839
686	184	885	459	14
21	986	667	67	974
616	398	219	716	670
693	334	460	782	186
608	432	974	196	328
219	115	74	884	877
442	118	940	495	973
464	878	984	136	140
326	460	668	192	578
361	954	777	962	813
61	774	48	263	182
767	883	544	654	470
840	611	726	596	796
911	438	252	649	453
416	29	327	582	487
372	272	692	205	414
239	163	158	136	382
195	59	405	638	404
669	693	896	613	986
58	10	975	554	23
500	669	350	562	965
292	504	803	419	468
208	431	555	341	292
242	941	330	504	315
164	48	51	434	981
954	986	210	40	142
644	961	947	549	302
569	23	770	174	614
280	928	737	649	218
96	536	666	504	263
429	449	193	578	329
787	277	664	609	870
143	181	676	635	697
930	356	543	441	148
247	334	280	467	842
423	790	389	646	564
431	33	789	950	114
459	493	255	523	613
994	398	544	941	278
860	31	836	610	283
147	986	72	841	416
727	868	309	451	597
323	283	254	90	293
864	501	273	56	188
21	993	786	572	645
851	627	395	440	114
84	193	787	534	112
321	899	245	139	737
118	0	5	208	753
409	680	827	654	89
280	574	442	902	938
349	496	7	246	908
285	343	127	334	412
207	805	194	551	44
777	369	518	529	491
221	20	271	774	543
466	321	136	807	801
261	459	691	103	174
98	598	918	719	769
295	696	274	309	911
515	799	814	347	839
298	15	286	662	727
286	348	224	724	654
242	860	372	451	529
539	229	505	322	294
702	631	252	882	63
483	634	462	692	19
152	100	405	204	353
483	723	906	222	396
207	382	806	29	631
169	957	393	984	846
860	560	954	781	908
311	512	677	713	636
112	43	150	662	908
579	195	990	196	49
32	796	714	0	28
158	500	505	620	916
692	682	69	183	584
553	648	463	679	11
942	205	915	955	87
25	293	381	471	453
362	379	49	780	842
518	280	794	450	385
719	420	952	718	135
687	425	470	210	56
926	537	673	570	825
462	384	889	125	286
532	352	963	972	40
554	245	727	943	296
58	290	146	467	717
216	507	201	935	455
945	608	105	725	761
157	166	792	144	931
447	47	94	802	312
743	55	968	786	309
945	459	930	32	914
347	594	229	474	792
116	433	771	165	571
118	676	578	211	335
597	707	105	809	507
107	776	370	136	343
21	491	684	896	68
412	900	245	135	382
864	172	878	316	614
310	39	248	427	894
515	289	449	255	813
424	285	58	564	115
626	504	775	973	174
850	43	454	622	139
9	403	659	123	514
672	254	632	600	953
842	812	458	227	581
610	190	402	83	936
496	508	882	196	100
696	17	253	635	246
997	933	602	417	798
16	566	172	850	375
373	584	255	369	330
543	558	418	453	744
495	527	118	319	807
795	989	128	438	747
626	996	883	803	148
308	171	194	92	405
313	596	487	642	742
869	219	389	999	931
171	376	69	406	101
31	432	51	685	693
248	863	659	915	32
729	211	37	368	545
34	497	426	476	887
597	99	288	204	549
685	105	280	694	492
226	871	815	889	604
609	688	882	813	499
552	844	306	359	67
633	30	536	963	221
773	826	649	222	128
645	785	306	162	584
369	735	841	618	120
675	71	275	606	730
182	79	22	29	490
12	220	683	889	481
769	515	649	888	267
718	12	943	236	366
838	647	449	325	16
486	480	151	974	33
192	694	362	259	164
881	433	251	187	172
986	546	645	632	542
476	187	485	995	741
443	147	410	42	346
415	974	827	972	380
102	768	478	265	151
349	679	930	987	179
27	603	369	580	638
431	609	957	173	496
707	256	439	360	881
252	903	265	813	639
324	341	44	405	900
273	453	351	710	550
415	504	978	809	944
191	30	90	840	441
137	256	245	908	794
787	622	498	193	600
896	588	896	540	128
672	133	217	492	525
994	65	527	965	823
690	963	534	632	567
444	118	232	963	109
791	847	897	676	608
254	183	312	992	699
165	419	517	625	108
794	913	390	21	771
55	814	774	720	570
310	621	737	653	23
790	760	8	64	45
44	518	857	448	84
778	223	348	817	667
216	984	461	763	885
274	427	731	67	318
809	531	636	760	971
730	140	616	490	593
164	260	557	257	968
484	780	679	299	351
723	810	343	774	456
311	573	316	660	613
19	513	361	215	319
803	267	344	564	272
967	896	944	858	762
551	251	569	251	562
568	466	938	638	734
745	864	743	905	356
669	868	566	715	148
677	491	816	802	320
642	603	853	373	782
813	764	582	600	61
61	156	463	599	848
272	136	289	43	820
881	6	872	913	109
34	930	771	141	225
335	917	449	967	344
100	425	465	557	549
352	827	585	584	239
659	247	560	540	169
219	892	311	60	459
819	829	836	356	287
613	110	776	889	872
568	217	750	869	809
677	553	788	614	983
938	983	884	924	111
725	792	414	240	60
161	542	889	61	872
848	363	990	49	984
9	375	203	949	194
956	809	475	122	536
274	77	737	749	623
432	985	442	276	744
741	633	640	730	722
773	356	565	260	122
364	852	643	507	217
873	12	809	161	634
588	15	76	872	261
534	532	107	791	141
181	50	234	360	397
638	590	361	647	581
958	282	481	675	785
615	574	611	167	425
838	511	54	353	714
346	34	977	911	361
424	810	889	534	847
158	124	982	993	119
650	559	213	808	782
920	832	624	26	355
660	170	829	123	786
495	912	357	94	959
152	71	585	21	325
837	447	218	576	497
178	23	896	834	477
634	497	755	647	931
373	165	510	964	948
511	609	688	81	877
905	403	785	401	936
660	870	932	404	524
952	111	824	208	240
335	207	753	176	249
306	804	165	708	69
466	558	874	810	444
641	273	184	912	989
47	526	912	530	717
201	134	618	420	85
826	620	779	203	142
431	247	613	568	847
650	296	468	674	587
748	583	85	306	2
844	448	351	312	476
147	841	856	78	714
610	128	636	575	712
772	500	745	517	693
661	631	851	269	376
350	736	231	100	185
41	715	618	863	984
871	258	1	8	163
696	782	364	431	907
518	41	806	586	811
95	594	789	107	937
370	244	138	902	564
594	676	278	567	54
756	610	220	115	265
350	767	155	398	44
675	877	456	762	930
284	338	466	773	3
589	719	508	262	739
550	660	152	318	739
703	780	360	961	219
376	628	335	925	602
121	301	373	972	227
547	257	865	269	998
997	115	396	861	249
539	78	191	598	698
329	820	658	64	362
576	595	98	148	62
511	491	203	190	124
372	910	636	465	894
833	840	798	446	922
651	169	648	497	98
116	526	932	569	14
874	39	713	13	3
852	570	481	573	446
688	426	18	188	278
197	382	812	839	974
517	278	106	110	655
104	454	150	800	33
939	659	584	769	386
556	189	337	589	923
310	49	888	310	608
919	874	649	334	440
273	415	91	127	891
120	611	357	466	881
912	634	869	374	733
882	618	659	790	55
694	790	569	711	433
915	976	952	613	133
590	807	969	708	501
686	241	526	688	944
569	656	614	646	188
921	543	90	729	46
244	283	39	248	154
449	399	325	427	779
329	402	238	81	424
434	311	808	837	626
819	708	729	997	168
279	125	283	705	66
997	549	389	304	892
795	313	480	110	861
852	492	451	958	443
242	2	666	246	472
356	812	787	190	317
315	823	469	610	80
261	651	953	828	526
624	195	244	795	273
952	998	993	259	986
268	756	965	743	173
971	123	555	18	641
42	351	162	702	92
488	310	757	477	252
883	653	568	255	526
335	347	650	794	526
708	389	311	16	713
893	815	344	795	521
416	581	992	150	399
204	650	290	148	652
509	13	164	819	12
161	405	345	660	585
87	899	271	251	236
468	40	493	544	91
979	388	328	817	950
710	166	11	669	239
1	481	744	36	698
234	222	664	71	930
826	999	141	190	159
667	161	474	553	671
227	966	157	287	733
762	531	521	808	907
852	847	412	343	348
46	229	722	491	126
789	676	612	968	261
516	52	709	799	883
351	188	446	769	672
274	443	20	524	711
630	632	845	162	694
386	951	676	598	836
75	968	24	456	421
509	266	368	93	912
744	47	650	579	193
925	242	310	743	546
682	940	633	544	948
962	297	37	919	205
822	244	873	528	83
785	273	707	912	203
584	695	111	277	619
307	143	236	216	609
353	135	302	91	609
949	286	16	150	182
909	647	502	791	957
92	578	945	142	986
719	601	508	556	53
656	883	564	36	691
207	281	36	735	326
682	588	611	581	999
621	858	885	771	647
161	267	590	351	13
639	527	915	226	844
66	636	58	89	868
952	931	427	925	701
965	278	389	461	281
457	430	660	515	694
639	86	253	992	674
787	44	294	628	871
802	947	41	397	901
161	445	69	81	975
738	374	589	453	10
708	624	498	260	194
577	878	223	89	613
784	382	321	364	351
800	257	169	341	972
104	102	335	43	621
805	294	601	886	685
127	587	383	833	795
672	134	251	809	629
976	894	575	991	902
974	890	185	801	680
415	882	780	985	212
947	444	946	740	672
737	377	0	622	18
168	528	216	853	940
222	392	127	576	52
41	791	563	322	315
376	72	994	632	942
513	436	681	666	722
566	461	163	940	367
515	649	324	583	476
124	892	895	253	20
840	949	12	745	231
172	646	829	647	877
53	945	729	372	665
872	538	813	556	396
317	366	856	973	999
890	100	308	491	980
234	59	535	392	548
796	218	809	401	728
242	815	585	704	180
779	466	404	258	777
53	251	568	348	638
430	843	731	171	26
967	783	658	96	956
310	446	599	835	609
565	646	355	379	949
88	87	506	353	936
654	582	793	861	288
574	807	377	120	754
374	973	271	31	233
108	74	324	618	702
630	971	14	54	154
942	474	985	182	509
671	180	222	846	719
587	635	249	335	484
991	352	279	33	874
0	95	951	899	116
639	954	934	611	78
226	239	605	700	409
197	400	546	691	190
876	704	30	13	614
344	256	911	376	764
287	60	426	27	164
681	788	203	446	688
116	888	810	419	733
439	856	540	154	925
793	113	800	482	357
763	956	769	647	425
109	533	493	14	9
667	134	199	855	89
668	156	997	67	301
333	120	760	658	865
601	720	912	174	291
121	139	302	170	124
121	787	960	222	860
346	723	349	732	998
774	346	558	536	974
700	283	365	113	223
301	480	897	748	718
99	295	435	266	509
76	748	471	326	756
304	208	149	926	412
738	955	781	71	10
922	956	244	950	250
77	472	525	122	904
816	833	94	527	544
528	37	141	385	524
480	953	130	171	485
203	842	247	235	56
364	500	293	593	959
211	742	248	63	720
319	753	611	120	463
5	423	885	388	260
308	52	770	543	147
672	479	318	973	320
636	911	104	590	365
358	298	228	271	720
909	356	673	293	833
527	999	351	213	870
732	664	310	368	498
524	663	845	890	700
682	620	720	65	312
353	166	118	295	18
143	26	86	565	560
27	253	485	516	19
281	949	119	528	370
529	885	682	246	149
481	953	443	181	846
893	93	775	290	831
771	395	456	707	949
408	558	787	542	513
198	374	320	276	761
745	733	563	73	895
359	386	791	52	287
254	151	843	309	312
563	42	102	257	924
460	426	766	424	711
869	652	247	15	617
924	727	536	987	134
654	619	215	308	233
129	469	636	329	784
291	988	445	194	978
580	358	704	890	522
546	158	733	629	133
618	706	655	142	379
688	186	497	576	427
672	382	994	88	23
829	496	117	171	74
802	197	698	262	556
536	643	250	343	506
810	620	504	923	519
606	285	568	911	330
998	916	125	18	99
403	851	211	873	752
274	604	556	260	67
331	406	193	362	979
526	838	822	378	109
880	832	429	356	845
167	480	840	319	355
925	708	225	12	803
433	637	272	871	851
13	40	341	732	550
302	919	150	510	791
372	823	816	102	967
161	457	890	310	803
123	781	142	293	121
763	768	301	568	573
697	110	200	505	552
509	608	871	856	374
62	917	684	118	3
285	282	140	900	596
440	484	754	38	857
996	324	261	922	143
634	61	715	514	54
413	981	694	728	546
252	116	363	87	905
36	989	351	836	404
847	811	280	424	466
682	275	821	316	607
636	662	620	339	777
281	962	797	681	463
519	642	845	811	367
470	610	273	535	601
338	301	527	413	179
954	489	530	428	122
220	90	326	125	57
982	496	820	419	184
259	297	31	845	77
352	922	901	325	222
28	258	59	116	599
518	741	755	996	219
318	695	181	629	439
217	847	773	365	386
981	96	605	922	533
450	632	865	211	473
195	403	597	101	508
465	354	632	925	26
679	114	190	140	355
831	395	422	957	408
74	803	801	502	650
698	160	328	899	51
922	430	933	476	45
578	794	766	18	778
790	423	977	240	887
76	317	285	76	354
709	182	911	998	58
122	473	977	758	372
896	16	770	333	579
283	254	422	481	483
683	676	246	390	359
204	514	816	475	791
285	695	563	264	81
899	160	749	53	258
106	250	37	113	681
17	233	698	105	723
793	986	925	410	719
392	204	916	702	309
328	47	582	614	660
71	526	553	196	16
833	286	993	759	937
794	676	431	81	402
505	956	596	169	860
138	654	73	153	925
414	267	488	627	957
933	140	783	301	541
210	291	665	28	741
722	68	893	724	615
67	284	492	233	811
284	572	666	5	629
964	398	94	873	316
838	914	552	427	27
410	208	905	947	964
786	26	322	887	144
964	681	516	142	841
995	292	112	728	452
866	731	33	233	708
660	110	222	269	502
887	233	221	462	773
636	535	449	472	639
883	481	824	681	923
259	19	481	422	277
641	44	946	806	73
910	392	283	253	724
583	342	801	413	594
848	490	489	793	31
160	601	255	262	25
987	22	302	979	591
255	717	433	673	530
810	466	835	604	716
128	187	682	450	763
598	357	916	234	605
938	763	228	519	575
109	144	215	831	787
115	194	526	546	77
918	680	125	988	468
86	498	352	118	812
957	363	307	242	236
427	636	487	651	651
543	95	11	884	764
716	656	981	676	558
797	2	524	760	980
479	268	343	429	680
132	592	84	887	457
40	890	900	815	792
187	951	386	597	257
455	704	766	372	602
191	726	794	622	990
479	505	420	499	613
989	631	420	298	673
969	540	413	989	431
819	112	791	42	135
398	725	822	620	101
287	628	119	614	664
891	123	615	400	428
404	603	895	405	50
805	328	73	263	666
987	857	169	736	518
253	977	655	693	409
390	176	669	361	197
479	199	916	946	0
823	337	565	497	996
834	46	556	631	565
441	364	435	992	989
236	761	975	524	191
267	420	205	531	740
209	345	710	837	846
618	243	173	367	265
774	245	678	671	802
282	444	127	436	395
383	409	876	889	372
6	238	647	466	324
229	324	59	970	815
243	474	531	377	168
617	121	969	549	725
545	117	68	902	71
822	296	853	543	993
796	611	335	534	904
612	207	618	524	894
976	278	360	842	751
603	994	571	859	112
623	649	636	658	31
539	273	263	53	217
525	591	525	707	227
816	908	354	482	677
376	183	585	50	9
501	684	525	129	305
115	238	322	289	997
894	393	492	578	646
776	51	991	81	616
176	362	868	936	952
609	908	42	358	840
503	876	195	616	111
144	666	951	405	71
2	517	462	952	647
67	488	900	361	195
535	238	599	523	144
546	323	129	279	68
617	232	694	755	100
832	69	238	951	845
68	440	251	597	635
911	891	781	611	593
77	546	820	541	378
133	343	491	306	441
431	178	743	85	265
983	421	499	295	543
514	845	954	753	5
821	684	3	312	529
251	107	861	989	807
705	110	318	773	580
509	876	819	755	452
922	695	402	509	277
468	258	215	70	279
234	779	266	462	30
579	480	57	986	546
750	17	395	424	682
822	889	593	164	723
926	31	472	650	379
235	965	892	324	91
10	701	920	710	385
453	426	930	365	210
796	554	890	586	357
267	490	124	763	107
185	747	2	10	306
24	950	658	915	764
906	969	679	418	867
860	450	198	642	877
832	606	122	218	443
373	179	113	834	44
256	350	609	975	905
934	738	812	339	830
536	77	398	231	283
286	332	898	488	901
892	990	581	474	561
106	1	216	318	243
315	109	754	996	125
723	123	283	162	120
660	158	379	572	284
422	24	720	43	210
351	408	740	946	607
755	272	275	434	231
511	599	870	488	153
219	686	219	604	871
566	439	269	877	60
117	219	528	334	893
869	987	214	658	522
369	342	429	406	378
941	236	866	672	26
677	656	877	593	858
579	613	33	19	626
771	943	235	631	258
725	405	6	79	577
554	454	848	404	67
672	210	901	733	880
601	276	500	73	87
958	880	270	410	616
955	51	197	582	130
274	313	952	312	612
132	458	696	710	320
930	919	994	749	525
817	552	657	878	394
404	941	114	195	415
926	905	70	426	798
480	696	316	727	886
866	8	832	970	883
351	27	374	379	524
49	318	191	25	990
863	276	545	61	660
833	927	442	917	4
468	977	158	899	505
281	21	906	988	640
386	753	339	707	7
854	282	618	512	944
577	898	42	759	482
545	734	385	721	632
951	39	102	970	181
471	663	767	35	29
950	303	763	366	370
378	106	735	477	560
591	901	501	793	915
236	664	211	118	215
897	8	683	340	654
17	656	330	737	634
542	690	739	100	830
935	917	722	415	462
160	747	236	563	443
774	301	202	847	495
817	273	530	175	417
889	555	308	321	68
355	301	611	369	167
291	550	887	57	771
941	731	427	28	511
251	757	104	631	215
314	577	646	519	310
110	935	527	476	903
23	12	533	728	491
359	325	357	264	784
102	143	470	433	555
737	364	25	126	813
947	229	677	736	277
121	13	364	955	690
903	931	504	268	964
701	596	139	308	685
563	254	274	56	609
774	168	693	818	962
487	946	27	730	219
927	10	998	542	295
521	446	728	103	276
293	370	957	836	991
862	680	627	259	885
53	400	394	111	302
860	953	964	628	356
284	830	107	561	949
652	772	992	836	839
3	102	812	280	912
757	290	580	593	904
802	526	385	398	517
337	143	491	2	463
75	75	722	722	545
993	515	321	136	769
320	89	418	926	141
685	913	771	49	942
732	710	56	241	665
541	22	410	745	905
68	788	931	498	519
718	757	321	751	179
803	218	708	956	240
252	427	659	856	932
690	45	474	454	557
229	978	687	482	974
352	881	471	755	619
124	565	765	401	787
997	310	436	757	190
92	866	249	235	446
865	197	633	404	272
454	218	670	328	173
358	383	951	784	710
402	315	225	723	977
652	810	736	20	341
676	332	305	485	605
664	909	519	611	572
911	693	619	244	84
535	259	287	942	726
731	656	92	202	331
696	334	44	937	573
413	133	744	592	224
990	689	192	249	873
512	516	380	696	370
275	645	640	266	447
965	238	676	675	627
395	402	769	52	464
353	37	265	490	175
407	749	890	892	618
871	816	690	14	622
186	838	695	318	321
413	595	434	930	176
456	179	945	927	942
694	500	77	643	359
626	441	658	273	393
79	304	840	546	214
181	534	77	305	501
818	378	232	27	41
108	219	25	578	720
758	389	475	633	214
669	464	504	155	390
932	990	687	774	105
107	738	500	71	413
20	810	303	514	782
970	129	395	55	676
909	162	436	149	126
854	183	576	905	137
611	565	979	158	68
984	513	722	979	435
619	220	502	376	232
626	190	866	150	455
429	108	556	889	218
975	725	408	10	255
391	423	326	119	971
903	331	76	356	185
701	643	881	492	381
342	84	876	470	507
899	378	418	359	819
803	474	765	223	293
783	579	131	426	753
84	21	593	546	371
181	713	595	875	494
275	604	987	944	495
134	623	306	821	582
106	194	646	141	532
719	448	675	813	906
542	735	314	585	975
57	940	619	533	211
467	862	527	93	796
791	797	440	38	717
912	113	786	449	398
881	564	399	787	737
575	180	212	68	382
929	172	915	416	593
913	932	442	439	282
244	959	271	799	293
579	182	260	19	847
7	314	445	623	392
470	268	907	346	568
72	201	131	82	626
508	52	375	524	410
858	390	730	57	195
65	733	696	59	89
603	587	719	899	78
438	187	130	801	175
465	183	521	364	575
804	758	253	249	348
773	304	628	958	377
800	426	846	202	585
487	643	889	534	116
815	200	302	858	365
662	860	909	464	928
275	603	730	915	12
976	214	882	151	877
227	331	184	308	442
766	168	643	974	925
469	841	692	644	660
245	189	464	119	186
761	741	947	966	546
305	169	972	759	94
699	513	681	303	230
788	127	735	12	909
148	197	481	473	293
924	173	936	98	865
485	541	80	646	167
864	741	877	971	464
363	391	19	26	284
804	797	313	328	407
366	183	461	471	770
459	173	18	500	960
101	330	932	410	554
213	586	137	893	106
570	444	435	263	657
227	398	344	220	349
220	82	502	778	701
827	902	229	310	59
704	400	171	504	223
918	443	691	26	612
388	234	785	983	489
592	370	129	186	305
898	347	367	966	255
457	530	350	790	292
559	3	123	417	260
551	917	698	157	321
623	383	806	871	666
104	906	890	502	458
600	247	312	17	518
147	608	854	937	656
925	935	937	728	504
726	253	239	596	562
738	597	399	362	470
511	404	427	454	703
605	391	724	131	791
38	6	989	94	315
610	60	97	317	755
142	822	49	519	774
459	789	334	133	307
692	25	849	823	149
73	781	684	785	114
376	383	140	322	393
845	858	335	980	336
472	814	370	442	297
428	275	814	79	833
270	891	86	710	116
704	367	744	743	988
272	963	791	141	73
33	129	667	462	983
230	194	546	663	880
966	24	762	245	663
245	914	376	414	63
568	896	613	827	712
986	479	710	377	206
874	737	489	141	607
525	211	156	801	112
469	919	353	585	241
610	286	930	34	306
274	507	868	405	302
649	589	544	883	538
586	80	221	122	521
283	200	60	727	953
353	37	919	783	18
983	13	793	941	748
618	367	527	581	873
756	649	121	81	804
627	151	869	838	185
938	405	606	692	517
460	801	770	236	803
917	597	241	830	469
784	807	444	414	985
55	222	721	363	708
970	835	908	633	875
753	144	649	590	732
800	27	496	446	703
434	407	413	907	414
364	918	422	808	727
478	588	226	694	349
636	234	193	561	854
338	554	386	3	325
238	333	507	939	370
922	855	740	76	630
347	620	922	667	606
422	937	912	448	710
881	932	897	506	580
790	390	117	751	797
170	240	663	700	170
806	639	692	34	656
377	71	68	286	595
783	676	944	517	670
577	178	254	515	501
801	569	300	687	254
197	68	193	341	486
958	256	396	93	344
751	663	655	209	41
968	128	537	561	852
742	37	745	92	160
843	896	526	177	112
173	975	805	562	692
368	63	490	336	745
111	5	452	555	372
868	938	289	576	304
559	851	332	512	690
51	568	524	73	132
683	382	823	904	501
926	945	275	705	307
871	67	850	926	733
615	192	566	564	763
406	171	737	926	885
774	333	597	573	107
888	309	582	986	12
824	478	322	217	795
927	772	755	702	23
405	795	319	612	983
38	56	669	867	310
469	579	812	189	80
453	300	692	958	529
338	917	874	956	489
498	848	229	989	729
523	809	119	905	665
997	120	285	79	940
529	505	323	825	568
43	126	269	79	685
406	935	392	987	354
807	352	843	784	730
188	652	437	574	51
201	303	148	889	369
320	685	630	992	916
523	833	368	5	697
754	939	44	616	334
560	308	610	880	505
210	778	533	796	87
640	200	921	984	593
240	893	340	801	898
352	80	631	661	517
951	458	346	846	964
853	464	721	463	588
900	340	195	345	835
180	916	152	857	78
593	603	949	595	358
269	403	214	224	896
279	688	649	728	215
636	321	446	669	499
685	944	658	167	504
680	127	915	308	371
402	720	591	634	645
106	585	342	355	945
586	916	956	671	695
921	490	467	319	567
553	15	112	676	868
77	202	645	894	147
81	558	280	747	932
548	558	749	638	761
99	457	504	914	617
205	118	787	448	78
86	500	755	22	714
997	555	599	294	623
501	888	908	417	749
569	277	936	821	413
358	150	825	56	14
286	472	795	558	48
642	468	825	985	969
520	900	864	763	571
932	243	559	986	923
903	323	464	284	11
588	2	664	957	512
716	96	397	453	20
600	278	680	319	108
664	549	337	93	550
161	35	544	887	706
883	709	65	569	446
525	553	609	540	879
370	277	186	471	979
128	247	102	683	405
716	757	486	297	709
528	919	674	475	762
516	723	377	33	632
522	503	603	521	675
478	997	867	754	192
571	141	379	130	0
422	586	278	805	365
743	142	185	103	690
416	154	612	440	595
22	497	52	266	859
587	519	734	305	634
753	126	340	208	641
216	971	116	67	872
886	122	863	719	146
476	995	616	816	646
274	85	999	961	396
257	878	746	125	567
579	364	848	568	805
444	326	912	982	682
659	273	674	729	297
406	894	130	754	382
749	953	239	621	354
846	412	295	736	83
929	498	788	640	781
768	102	218	132	890
950	723	334	695	377
592	304	613	297	772
252	440	534	891	891
275	721	166	628	974
574	422	846	110	471
896	469	104	141	869
403	824	471	6	549
685	5	192	483	827
390	295	447	534	22
479	45	683	149	942
783	457	388	700	907
787	172	355	6	290
657	567	404	584	31
644	99	974	992	259
726	218	504	773	615
677	253	912	721	172
478	431	209	621	85
802	925	389	359	604
683	810	18	243	255
929	689	65	948	508
838	918	639	570	160
360	466	642	304	28
524	660	988	841	905
504	974	821	432	531
287	637	352	722	158
127	995	935	255	610
808	460	229	654	387
8	851	200	360	759
391	992	742	933	754
531	202	408	739	438
526	848	735	697	339
540	914	245	199	462
148	807	98	567	917
982	843	991	404	567
396	308	33	231	440
457	375	59	893	661
951	838	495	310	865
891	191	34	984	431
261	658	736	768	734
333	112	970	819	337
196	177	985	994	227
696	415	404	999	299
335	592	479	698	466
757	42	208	416	45
831	368	57	968	254
524	821	642	747	598
829	161	61	557	152
932	373	386	451	417
285	848	419	116	904
72	348	614	894	200
481	145	407	2	987
100	736	212	151	49
754	285	407	62	610
143	855	336	400	390
54	150	819	122	632
343	77	480	662	972
741	79	862	313	904
98	821	800	905	484
88	767	280	498	347
355	58	572	786	513
462	972	82	884	458
372	373	125	316	770
809	709	165	788	333
93	542	165	408	480
718	321	557	212	182
482	423	662	75	872
948	162	160	400	91
145	478	555	734	961
396	76	908	363	773
821	708	337	627	640
29	61	174	310	739
161	227	209	524	952
383	635	551	689	535
909	23	759	820	696
323	184	808	409	866
588	145	690	756	982
20	435	182	287	790
427	531	94	480	566
814	86	998	892	183
382	786	755	445	65
699	720	231	48	479
571	951	357	545	205
110	684	558	6	515
720	337	579	126	593
368	963	30	11	475
407	620	1	286	918
278	532	544	802	186
816	937	529	94	841
705	739	280	685	640
712	17	748	356	754
755	291	932	55	310
239	322	148	366	926
99	173	499	800	148
200	661	468	881	927
543	437	627	763	658
904	685	584	820	119
672	630	663	739	24
379	378	653	685	255
167	183	272	994	275
403	132	87	569	253
990	717	583	143	271
965	247	171	74	383
379	769	321	209	583
436	802	38	298	17
928	992	398	463	324
267	342	255	570	66
626	577	441	759	532
280	141	609	403	34
176	195	152	349	333
899	714	235	492	919
709	282	473	38	939
816	2	813	416	210
164	82	237	188	91
64	408	120	793	867
684	63	743	96	648
430	528	357	782	130
908	530	669	898	667
673	554	172	37	295
295	755	482	590	694
893	525	108	913	759
557	343	997	527	72
303	36	272	637	340
823	46	770	791	713
577	403	284	966	958
985	279	750	902	684
37	64	294	419	790
140	229	699	184	685
524	659	447	750	46
107	981	379	819	436
903	237	552	647	185
937	559	681	607	369
639	641	297	275	13
545	385	283	593	709
867	260	132	276	329
563	642	581	327	802
285	833	826	601	131
600	677	911	209	560
369	642	195	327	972
368	409	390	130	110
858	586	261	878	197
115	344	234	280	525
305	136	125	468	999
825	415	610	727	830
752	836	335	798	332
58	244	346	847	442
330	777	921	643	768
135	124	840	264	27
583	705	959	240	170
33	391	690	764	223
257	652	847	939	552
866	891	792	874	803
628	923	507	15	497
317	684	502	31	352
188	976	440	313	1
350	717	329	71	791
292	81	832	422	487
26	342	825	252	336
104	146	687	567	341
417	198	715	679	279
507	742	614	559	126
188	675	163	988	704
887	554	54	969	522
999	66	512	290	184
884	934	460	305	270
139	627	148	978	478
34	769	680	310	626
599	866	730	267	425
342	124	168	189	596
850	895	290	488	895
893	98	442	82	407
548	578	410	166	187
745	458	864	337	213
833	841	259	933	193
128	25	37	12	147
368	370	730	358	47
345	338	669	774	751
411	131	473	831	177
682	955	925	255	917
6	239	922	271	895
925	373	298	560	46
314	201	461	452	68
173	711	830	135	792
218	511	52	742	298
542	385	348	854	42
514	505	723	883	259
475	303	754	758	934
507	209	517	879	180
680	262	108	875	627
651	804	286	732	114
399	387	167	898	405
708	440	807	748	824
605	843	12	249	530
352	547	450	426	272
293	919	315	169	949
536	489	562	734	437
869	183	671	866	881
608	0	873	371	574
116	150	471	99	362
380	68	859	560	202
941	449	184	446	545
924	415	706	50	85
69	395	322	775	558
807	358	90	343	927
568	466	831	808	615
73	601	957	608	710
393	693	535	961	437
170	359	704	87	41
789	967	436	272	566
206	970	289	860	202
56	730	443	98	107
992	263	994	997	549
998	605	877	986	3
118	93	884	657	649
812	667	896	508	877
245	641	991	978	688
488	362	772	281	571
704	162	402	37	546
960	270	194	27	343
910	263	12	709	421
957	298	764	271	677
178	651	292	122	698
917	988	987	108	704
469	322	412	443	149
457	212	53	717	191
960	842	391	262	101
781	81	847	189	508
80	257	166	683	663
999	146	80	76	219
659	446	424	45	718
179	654	339	127	725
375	535	975	299	84
159	860	982	520	592
305	486	148	982	773
522	750	756	10	445
64	675	709	306	168
179	315	968	322	635
101	322	341	264	384
608	519	619	850	66
751	521	868	712	292
601	823	358	496	915
987	811	210	574	851
432	864	832	713	523
115	739	229	160	982
63	80	100	56	642
109	286	961	890	759
543	987	637	567	49
824	442	885	454	62
107	158	4	419	562
891	524	997	60	19
800	92	31	111	717
382	405	528	533	791
181	827	76	416	690
794	49	29	525	969
385	748	810	583	917
370	393	608	215	169
453	925	308	380	693
522	992	264	173	860
946	537	15	832	957
534	440	302	510	932
321	288	92	99	322
485	534	520	638	112
674	252	277	288	14
988	5	58	407	92
261	861	561	387	545
447	862	466	661	277
365	481	242	387	751
379	662	896	48	587
450	968	803	212	951
605	362	730	643	145
382	643	212	785	798
769	223	974	702	289
761	660	717	372	697
69	570	636	686	572
889	139	659	462	315
905	175	263	557	365
199	197	62	703	600
757	829	576	398	851
563	89	502	148	349
354	738	534	771	301
848	838	94	892	523
450	925	741	455	365
746	522	602	544	528
465	909	705	573	267
490	483	89	761	167
636	688	40	991	724
711	872	690	562	704
757	823	545	485	481
432	436	468	839	854
711	447	139	262	725
978	958	472	810	831
488	780	36	3	495
12	138	992	14	701
608	391	605	729	110
446	838	137	806	549
405	817	682	636	655
800	41	667	708	87
507	26	404	63	554
674	578	668	21	128
394	503	37	603	580
48	258	846	173	338
936	208	627	147	210
262	931	762	110	974
918	936	692	670	59
531	886	667	202	775
618	546	539	276	426
874	646	78	214	942
873	911	467	905	908
547	521	988	100	317
680	653	893	215	609
37	524	700	959	702
906	541	33	656	334
235	738	258	351	933
451	125	580	140	82
113	228	619	611	790
194	347	195	325	70
69	291	892	688	863
528	985	135	802	840
860	524	822	774	231
111	974	700	440	93
944	472	553	456	75
44	424	846	457	612
426	389	105	704	923
200	874	205	566	892
972	636	836	429	582
970	925	761	844	771
857	202	507	476	490
940	258	17	499	162
966	61	298	168	780
738	60	325	512	405
905	886	966	782	123
372	770	930	200	157
744	204	790	579	759
902	894	782	271	827
940	632	388	541	802
908	952	111	264	831
588	161	134	828	503
469	562	654	603	929
155	859	361	573	820
304	398	300	260	204
168	480	438	886	719
60	917	634	517	582
239	873	191	372	327
257	240	258	695	686
667	491	12	440	796
639	762	349	397	372
103	377	206	481	394
943	567	108	752	161
538	336	149	777	400
70	672	911	747	986
333	747	883	965	765
562	348	114	469	380
63	751	711	91	597
910	99	788	994	938
871	902	758	76	740
119	256	439	738	6
515	0	283	425	937
233	999	978	524	199
142	632	410	931	507
850	812	976	160	286
465	320	289	33	789
946	485	817	222	529
445	918	646	607	980
212	344	878	143	671
701	753	156	366	50
177	703	789	674	732
319	764	655	877	120
442	88	624	931	599
9	671	180	274	249
785	772	474	52	661
616	239	726	894	485
965	662	151	834	141
405	710	306	93	737
908	91	659	493	300
295	570	282	160	348
624	434	85	206	739
441	252	124	533	161
248	708	423	271	258
351	750	965	408	683
743	480	900	90	925
684	122	163	799	806
878	172	462	779	364
781	987	91	25	516
327	837	577	285	240
343	64	898	353	654
855	9	730	868	961
750	827	817	841	934
844	25	997	516	70
369	304	403	550	58
207	58	626	905	262
585	154	555	831	356
793	674	446	643	38
459	271	747	699	626
292	440	619	803	78
234	913	175	494	240
668	652	962	402	754
162	342	797	794	751
1	239	876	259	81
348	884	236	821	826
376	127	829	129	765
972	999	502	141	721
286	926	921	668	631
418	415	108	327	940
728	772	910	462	410
913	172	866	829	589
193	271	479	669	114
952	31	851	344	393
779	128	384	338	84
112	785	555	663	775
940	828	487	574	532
622	887	843	678	326
43	663	174	819	632
733	205	806	195	889
292	250	418	386	749
288	870	299	986	364
256	204	797	348	782
854	83	916	352	801
487	396	938	863	254
982	81	888	191	692
965	413	659	367	895
17	18	196	24	768
643	665	465	458	987
691	23	549	482	164
783	124	598	242	553
492	413	86	678	345
268	494	310	876	822
743	500	823	164	184
262	112	942	265	379
250	23	608	742	973
701	764	276	604	41
488	275	801	803	638
113	356	10	854	549
887	994	745	113	629
574	669	931	916	847
43	963	277	485	563
40	880	516	576	943
330	781	385	947	71
543	601	931	682	50
546	62	918	708	907
502	990	63	178	810
778	879	89	271	729
82	737	307	442	349
269	846	710	33	180
565	727	364	37	275
712	319	420	273	952
192	582	45	724	950
396	468	31	72	782
140	884	283	837	496
602	884	304	819	703
483	233	327	955	417
267	83	923	372	428
579	817	544	793	185
353	679	683	38	874
620	278	73	859	756
638	156	944	833	138
24	609	537	758	792
388	154	381	971	702
483	836	813	965	471
825	480	501	146	836
702	375	118	739	956
213	579	122	501	923
964	569	253	144	235
276	790	751	489	352
279	652	152	685	154
872	688	710	42	879
620	175	934	333	141
324	154	675	572	590
674	523	668	988	151
522	383	348	861	607
368	354	534	200	48
275	824	631	256	449
21	919	107	69	884
239	129	295	205	29
196	336	332	49	906
541	353	788	664	58
974	951	403	494	754
162	907	978	133	896
694	297	453	378	397
344	10	985	201	102
756	871	975	173	492
923	435	504	712	987
201	579	84	786	815
477	560	422	4	880
22	996	108	382	504
922	136	889	591	7
174	581	938	315	687
866	160	5	15	713
511	733	715	819	210
117	345	850	310	922
136	324	962	508	123
350	400	14	651	598
943	477	963	152	531
892	407	805	567	870
257	531	480	639	474
737	543	511	949	702
263	692	782	413	676
760	731	817	976	125
893	153	245	473	908
275	524	363	607	749
146	415	551	283	143
792	87	767	650	479
52	705	702	567	425
615	629	103	98	302
488	109	884	719	608
210	968	186	837	472
972	117	196	686	926
233	585	330	828	105
893	800	713	860	166
239	939	234	713	675
89	292	919	292	447
175	33	381	61	130
79	678	573	69	863
689	152	597	8	516
659	501	996	577	349
154	685	594	749	966
236	516	972	548	521
990	968	331	465	83
518	891	135	478	589
542	884	121	140	882
8	323	555	553	410
660	754	132	735	834
821	393	677	409	166
602	766	447	781	185
294	256	889	298	414
480	33	139	754	767
728	991	144	166	282
501	316	567	516	721
57	649	910	237	13
569	119	790	434	821
968	686	621	782	656
244	232	79	726	931
178	291	378	652	37
227	844	108	583	556
688	820	385	558	482
701	977	198	837	454
987	752	67	271	516
648	970	88	463	414
589	431	501	416	461
786	245	722	160	891
669	914	63	202	280
564	862	794	671	981
364	45	166	740	841
532	90	489	795	100
729	140	752	567	588
253	717	719	693	989
867	386	191	498	868
144	720	780	921	94
224	568	884	178	725
316	304	715	291	725
609	49	412	903	96
420	496	444	894	436
790	285	448	259	854
920	678	359	324	887
535	4	480	24	497
568	923	650	830	569
235	229	146	114	771
500	677	657	671	314
759	310	818	116	508
691	370	206	301	709
191	305	842	383	469
643	773	831	257	835
294	818	617	441	79
686	483	734	350	176
420	626	414	649	73
73	576	154	668	595
236	361	994	107	10
290	919	991	69	304
737	864	92	669	402
379	443	319	175	28
613	213	240	375	478
256	920	58	264	316
288	138	775	150	268
196	696	380	331	609
416	114	29	864	92
206	911	274	397	679
155	749	76	270	628
242	528	501	131	841
864	904	65	226	970
382	62	94	274	227
800	71	232	855	158
129	986	592	888	321
710	972	16	142	970
400	59	282	460	642
527	964	137	131	634
756	928	879	429	94
150	987	518	311	619
370	183	403	151	687
369	32	498	411	445
449	151	370	911	435
962	687	496	597	192
247	975	484	835	514
543	199	705	702	340
435	654	417	275	380
221	711	969	123	906
307	12	514	73	791
911	561	303	941	334
40	556	879	605	176
913	101	938	32	675
909	88	593	642	300
177	360	349	411	273
476	221	873	589	448
791	900	747	184	64
99	18	693	636	476
23	829	233	795	437
112	893	457	66	492
411	815	24	866	659
262	29	242	927	709
428	343	814	289	735
779	782	891	593	653
723	646	201	354	162
231	273	434	408	136
706	866	647	728	781
613	284	1	165	56
134	16	517	319	416
187	546	575	565	916
399	784	739	68	785
220	676	966	899	819
37	467	773	152	264
47	17	888	598	102
156	974	183	372	599
896	975	624	138	415
436	168	153	642	638
460	755	599	294	57
268	758	985	900	338
495	210	554	973	659
993	381	600	3	299
929	13	438	889	249
446	303	953	661	63
606	802	754	613	442
354	741	596	233	541
867	948	902	895	181
350	885	266	15	454
496	667	208	187	500
98	620	487	916	345
293	967	842	541	264
60	732	943	472	677
178	258	602	609	625
650	590	50	76	760
927	249	358	106	677
623	653	654	959	513
4	782	222	773	560
89	364	415	843	247
215	331	566	696	216
587	86	478	30	325
10	885	529	203	227
387	482	958	502	656
492	127	832	578	862
42	992	637	123	313
548	552	538	18	326
507	294	851	281	235
296	609	556	746	989
862	327	923	760	207
511	873	704	627	67
461	789	878	2	251
880	134	194	431	373
341	460	360	474	645
967	164	219	935	181
510	308	177	265	515
236	535	569	190	481
15	183	117	709	809
691	44	686	713	338
238	417	350	529	447
487	451	231	511	806
367	352	26	211	673
520	844	827	252	408
107	22	710	37	348
603	54	516	16	563
22	97	319	288	828
471	225	919	369	497
462	322	743	414	543
683	540	734	171	471
487	232	483	418	294
471	329	521	52	614
940	58	264	711	182
171	908	259	712	941
784	367	544	147	2
730	672	384	771	275
672	337	744	777	152
775	878	363	460	699
904	723	130	215	460
270	157	314	59	872
696	912	865	484	695
228	577	810	987	198
562	50	806	383	194
530	44	842	117	551
622	508	978	192	859
52	909	457	863	482
78	651	881	503	473
303	160	433	680	1
649	700	38	786	566
293	818	929	966	971
581	852	420	786	486
440	552	501	490	739
903	936	497	935	354
656	359	245	670	477
26	333	69	442	306
372	543	470	695	148
24	559	708	547	264
5	516	160	832	635
715	575	315	938	999
63	466	51	577	603
483	261	748	308	126
559	995	598	396	586
342	420	674	281	681
912	648	778	476	717
441	134	664	394	121
177	925	391	686	122
600	240	2	415	552
534	282	554	881	583
459	207	748	663	710
533	798	630	394	22
889	789	462	531	479
502	327	738	498	797
5	790	984	882	198
958	350	785	618	496
186	204	564	875	548
195	592	310	501	138
337	704	74	283	834
782	158	201	933	266
659	239	613	521	560
57	252	26	49	632
255	126	644	667	560
354	325	800	638	352
236	946	495	28	458
104	54	866	679	645
638	60	731	854	577
431	639	242	342	798
799	601	511	243	600
367	0	427	995	2
718	241	634	637	584
923	540	889	717	33
856	911	758	912	723
800	940	795	655	535
790	299	746	922	362
952	808	219	982	726
149	859	739	80	125
472	102	736	758	713
320	105	556	753	308
390	900	535	860	752
723	989	211	846	95
978	62	130	872	286
203	318	882	923	711
232	5	2	960	419
116	299	971	167	825
618	565	966	467	345
729	441	225	277	303
513	567	792	20	492
382	997	705	183	347
563	149	560	217	664
812	272	95	938	89
293	811	772	914	202
67	483	352	214	383
806	747	235	554	42
679	957	397	603	385
423	401	586	999	80
761	649	16	629	921
194	540	743	915	250
997	326	820	203	435
777	160	715	157	977
424	306	831	244	947
583	450	120	402	747
959	358	174	125	561
320	777	725	852	174
159	214	971	506	897
774	413	679	259	789
863	210	2	49	488
33	267	916	848	518
758	587	463	121	832
85	346	708	309	254
738	48	564	161	287
605	685	868	946	917
658	441	889	108	451
687	906	687	784	987
269	443	888	681	374
58	880	678	776	95
201	555	661	590	464
323	167	61	881	668
120	813	521	785	792
311	0	716	846	988
429	115	756	496	856
887	804	50	417	472
142	941	411	961	567
74	293	840	25	611
679	482	42	613	91
210	144	530	441	201
324	955	271	386	760
124	132	117	214	500
673	545	158	309	800
370	464	631	487	491
490	578	357	859	233
854	271	101	868	910
24	158	873	546	733
797	753	164	396	987
801	773	608	271	608
904	714	618	431	232
51	357	232	294	449
21	655	978	585	365
891	545	421	743	221
561	773	299	60	113
925	539	103	700	748
780	955	96	215	336
359	423	788	225	977
311	502	629	756	678
977	276	174	487	98
527	317	845	928	223
934	307	913	809	327
881	107	170	168	643
511	877	233	432	290
510	518	224	318	704
486	492	932	785	983
908	504	921	530	548
78	478	975	401	265
317	223	738	569	504
804	625	873	652	999
81	693	759	879	253
921	202	100	219	267
100	684	508	385	936
177	645	622	594	100
804	565	409	796	42
921	365	903	334	690
501	496	801	986	722
559	430	892	182	438
802	851	359	590	277
320	578	646	466	38
627	658	182	684	692
474	222	655	773	514
127	531	372	427	355
292	793	166	719	822
605	728	940	651	187
59	809	800	9	305
95	272	333	769	482
70	501	160	265	183
50	571	95	347	51
131	208	134	293	419
454	127	487	735	662
492	590	366	171	826
148	760	63	886	423
981	277	485	320	216
329	541	895	607	953
894	123	431	266	581
408	519	768	7	768
142	934	794	453	56
818	155	168	726	115
967	400	192	339	905
8	957	146	2	665
681	532	150	941	86
78	57	76	35	557
925	52	768	911	70
128	319	345	100	466
697	642	952	824	341
827	455	554	635	908
317	580	164	901	983
817	249	24	226	933
661	870	620	491	898
903	482	368	692	741
968	19	330	37	655
354	700	933	162	406
651	555	932	983	204
638	578	740	820	931
753	460	661	182	470
382	902	704	888	429
108	355	162	786	499
671	767	919	337	532
854	856	833	928	125
919	980	633	736	596
518	128	942	910	397
991	475	960	329	77
125	673	368	345	392
944	732	539	444	401
30	632	152	239	495
110	470	72	403	613
647	835	318	790	666
635	147	565	844	823
550	291	707	151	789
646	875	741	670	777
505	816	886	716	45
255	3	102	294	306
887	913	132	495	167
273	495	133	404	30
436	900	779	361	622
188	970	871	500	611
548	332	590	457	855
472	821	344	401	578
527	344	538	115	882
115	228	491	792	8
596	134	519	658	684
72	335	988	780	799
800	588	293	81	176
213	249	177	915	93
254	637	755	538	324
634	668	355	670	819
274	678	166	320	912
376	195	87	490	299
145	6	447	201	352
367	808	796	730	83
547	331	473	298	769
405	377	420	846	443
558	328	564	358	769
319	426	497	152	119
918	507	522	821	168
23	354	805	489	774
682	218	3	176	930
58	484	7	211	390
586	296	871	356	47
691	253	648	109	40
430	451	946	151	316
527	171	487	966	698
802	18	314	244	896
250	583	57	874	899
804	590	651	265	812
316	672	803	484	823
889	951	61	473	976
475	655	284	19	134
826	631	940	288	886
943	68	345	159	955
146	755	765	423	378
607	234	558	368	686
301	228	35	610	729
485	172	587	727	474
338	834	19	886	850
892	802	251	292	481
470	163	95	557	363
286	576	96	691	653
994	61	670	725	952
276	607	314	986	261
20	489	890	285	461
444	509	86	510	764
47	890	802	322	840
483	460	15	929	960
835	294	289	904	781
469	963	156	133	44
386	179	306	698	895
599	644	756	423	865
948	812	701	168	338
301	763	228	536	235
819	764	711	386	910
929	381	244	89	500
143	534	357	779	977
195	897	825	964	742
294	266	156	581	232
887	816	995	149	773
7	341	170	945	510
4	645	795	735	917
85	877	153	116	361
553	142	206	312	178
812	685	207	188	304
812	143	824	660	651
284	29	851	662	257
431	549	169	305	120
514	842	416	633	963
815	922	232	75	449
815	197	761	338	796
648	369	537	758	42
375	709	66	639	379
738	957	105	985	608
703	238	99	653	941
955	992	786	600	469
884	280	527	120	202
276	334	157	709	161
250	370	508	975	764
952	446	617	666	96
265	774	829	130	88
361	118	182	270	91
753	27	307	423	121
80	405	47	570	234
364	577	979	306	796
765	456	751	808	312
799	212	589	276	198
378	778	210	593	700
801	11	40	35	92
649	454	508	792	764
738	58	688	447	949
975	876	464	425	367
839	526	952	699	937
615	653	202	969	736
734	81	368	306	512
726	459	720	238	896
674	223	622	662	74
121	231	494	426	312
398	808	970	924	548
456	911	860	177	288
384	593	346	889	960
140	600	31	797	981
288	812	583	674	142
241	783	630	643	977
762	413	383	254	976
52	651	843	479	241
15	64	357	434	186
257	801	889	55	652
948	477	845	928	980
388	329	546	699	950
890	53	685	967	178
121	677	245	765	522
260	930	404	146	89
318	980	430	461	267
416	385	921	796	213
826	970	928	120	981
42	147	392	832	130
732	822	161	678	22
303	191	631	136	30
415	591	778	3	288
31	878	259	693	201
989	109	483	697	769
676	77	203	58	163
273	362	743	183	965
943	485	832	885	5
299	776	723	678	104
884	393	890	329	665
19	388	786	425	715
409	898	351	870	884
647	696	978	456	207
382	6	771	214	794
317	914	813	612	608
42	899	433	606	75
703	277	509	458	664
193	978	390	642	538
773	499	691	588	607
602	308	731	900	703
682	238	101	556	497
657	176	704	191	343
582	494	451	750	111
415	24	143	804	656
769	897	24	369	476
698	925	367	768	748
755	196	29	166	854
174	475	860	11	134
256	76	996	845	889
163	245	314	979	150
158	256	927	9	372
844	378	994	349	81
124	171	714	684	910
661	219	77	995	468
291	71	983	110	77
994	877	55	435	426
41	807	561	410	623
758	378	607	938	255
103	109	562	441	974
498	417	929	108	761
82	247	19	11	204
926	169	540	394	510
805	907	40	653	97
958	18	417	116	490
995	425	349	912	50
706	299	226	99	163
451	570	542	173	960
838	616	203	651	854
762	404	37	429	212
844	992	639	766	118
376	141	117	393	607
671	335	291	774	616
978	145	982	156	729
639	878	217	905	191
139	364	543	653	718
831	478	610	675	380
490	601	121	642	377
361	636	9	75	253
895	540	729	571	30
482	356	250	508	300
833	662	312	368	915
613	470	812	702	526
556	363	457	264	345
281	346	727	464	447
857	75	137	697	713
627	576	307	202	343
739	190	195	91	702
270	3	950	356	487
180	292	477	135	338
684	441	940	962	998
334	457	421	638	443
991	986	637	284	256
597	11	381	543	921
754	214	250	736	476
410	40	851	348	782
928	718	6	265	123
697	667	42	350	680
339	454	3	55	904
644	962	830	640	354
441	845	228	660	595
779	242	255	155	65
991	702	434	152	776
500	967	339	812	995
636	745	201	414	242
165	415	206	567	232
708	287	546	489	946
666	296	243	258	184
909	602	311	812	646
709	515	87	504	912
385	804	829	450	346
268	865	127	7	813
56	832	631	22	614
107	377	227	976	194
775	246	762	673	77
291	437	121	6	158
207	643	469	747	214
488	733	838	535	730
853	956	683	195	854
518	482	739	61	771
813	323	347	195	654
824	161	141	485	993
449	684	69	173	73
422	830	590	608	677
16	2	546	845	262
724	277	187	394	158
824	963	667	180	857
879	330	299	878	563
500	814	914	451	510
383	925	43	94	476
556	876	666	941	444
10	671	814	839	452
964	149	341	772	958
417	189	370	114	771
809	162	194	168	73
26	564	846	48	829
489	666	285	685	583
115	316	769	658	202
717	500	304	920	497
89	80	146	708	270
503	191	258	336	616
157	732	609	818	262
313	163	769	187	529
967	901	966	596	592
483	739	605	921	794
720	562	53	469	738
408	60	34	489	788
115	308	230	847	716
418	708	650	46	103
429	717	316	96	680
366	349	295	932	288
128	201	121	843	807
53	897	611	639	575
877	275	838	910	470
254	930	15	995	336
949	270	916	980	57
514	225	675	658	734
215	871	951	77	876
953	598	830	112	646
690	274	474	669	766
735	947	629	998	740
372	227	768	81	665
568	536	222	89	246
318	209	259	443	383
620	780	916	548	365
978	642	794	227	907
667	423	918	236	544
943	932	998	84	467
377	525	481	935	170
476	613	756	777	161
480	246	968	297	607
897	201	200	473	368
333	482	380	368	659
712	801	405	472	351
133	214	579	824	843
165	390	858	317	205
312	646	404	98	761
217	289	227	970	935
449	221	577	471	364
207	465	509	680	49
809	407	9	699	71
161	48	796	744	629
503	386	473	783	652
851	591	799	17	580
761	660	341	499	948
687	906	961	649	49
317	854	46	970	611
426	840	971	432	449
859	493	983	864	777
456	276	290	985	123
983	936	66	77	3
447	771	969	311	58
727	890	258	89	206
490	868	444	703	925
14	672	913	106	787
556	779	43	637	761
55	296	523	112	801
713	613	730	299	680
538	661	341	898	612
288	959	944	667	636
541	206	634	163	603
642	786	355	820	811
543	865	127	184	855
547	260	339	663	50
362	297	295	445	446
382	107	506	757	111
996	22	941	645	572
528	957	290	787	121
480	569	539	385	459
379	9	260	375	565
490	81	622	841	466
114	785	275	135	997
356	928	857	426	304
761	765	496	819	564
382	333	350	502	78
690	301	54	178	700
366	897	485	872	272
999	491	127	394	511
266	233	794	447	973
866	259	66	69	925
985	426	559	616	106
390	777	140	336	372
956	908	667	556	900
125	528	420	495	512
898	978	365	660	848
57	809	357	840	346
903	727	380	700	972
60	827	402	883	32
723	73	492	191	862
540	816	817	995	438
343	951	205	698	258
201	149	840	896	138
160	808	652	914	676
225	89	202	161	436
934	636	790	128	316
182	703	510	363	315
283	819	228	664	186
491	928	952	700	48
972	877	997	437	954
362	339	464	843	392
36	892	605	867	853
976	128	666	641	920
988	138	546	846	984
439	527	881	931	880
760	498	897	726	639
388	74	885	448	990
704	762	390	724	646
80	878	65	472	856
799	664	531	874	204
370	359	754	923	598
112	352	33	709	515
354	930	934	964	856
358	458	364	951	252
367	514	417	297	488
558	408	755	209	286
374	45	506	819	831
51	11	686	11	433
724	46	61	635	40
989	87	839	785	22
374	584	779	166	150
107	386	118	465	182
717	432	256	69	626
403	221	776	997	667
779	92	165	813	922
55	196	615	983	334
215	211	603	329	456
440	303	401	538	109
367	524	295	70	465
322	539	310	995	444
740	488	787	552	219
327	814	947	912	187
709	27	794	610	953
839	539	37	603	796
707	236	41	263	507
542	971	900	409	180
35	316	360	880	765
92	183	898	542	736
203	901	599	782	703
683	455	781	36	528
306	768	30	700	215
68	710	941	91	636
224	880	60	340	373
803	168	113	783	900
881	533	987	605	403
352	426	944	86	134
884	234	340	5	406
172	242	92	559	143
949	765	390	407	974
185	255	430	950	240
80	75	918	696	936
765	760	846	223	488
565	333	201	35	992
369	305	993	972	698
75	186	605	96	456
69	939	611	529	869
528	377	808	946	151
945	550	808	69	375
71	23	846	92	410
692	568	463	561	663
439	675	558	417	450
806	591	606	71	685
995	479	514	502	636
173	85	769	269	918
357	892	184	135	24
64	984	808	158	757
847	751	335	184	680
31	20	558	47	964
572	807	1	342	238
317	474	674	717	517
294	136	922	646	267
461	990	210	261	489
54	456	493	203	929
444	270	560	106	798
211	170	480	618	20
450	470	51	418	431
359	932	802	670	278
332	598	647	486	630
706	536	585	928	131
327	496	30	484	554
593	567	825	800	286
256	950	48	600	703
800	968	549	142	124
515	959	780	126	199
728	860	842	870	680
418	218	269	190	792
757	972	495	386	700
519	616	945	128	688
713	75	678	312	236
549	984	887	379	925
421	350	7	652	339
16	469	603	77	160
740	451	759	553	227
673	588	208	844	93
365	158	491	436	660
879	241	912	879	390
290	472	796	107	396
346	148	16	898	848
638	687	246	25	295
963	53	736	725	510
72	97	598	135	467
545	911	959	261	971
888	299	85	672	546
19	480	487	503	474
838	808	391	939	598
184	748	729	664	29
335	351	423	986	342
909	544	72	122	510
882	245	503	757	643
878	808	158	288	689
269	11	998	34	400
424	329	405	703	765
603	15	839	602	993
402	410	233	914	604
261	157	403	836	643
119	926	75	106	152
79	647	733	695	793
200	475	146	970	105
35	655	983	295	947
297	824	757	97	36
337	318	321	294	754
635	947	471	537	46
240	472	583	150	859
414	90	122	737	880
347	725	961	194	580
392	700	664	843	326
143	242	452	658	938
746	909	973	115	842
377	296	308	162	164
489	330	318	66	41
880	37	451	698	763
200	471	212	136	825
344	614	936	182	330
603	964	293	434	738
133	603	472	673	508
506	336	136	935	288
245	437	715	854	669
411	962	595	973	49
711	414	509	637	342
955	191	642	169	77
293	693	251	11	866
938	729	517	265	31
99	263	82	481	993
360	523	946	616	739
170	397	319	4	483
68	103	521	340	57
730	992	838	372	569
906	559	235	716	509
125	159	382	313	65
47	435	975	179	58
476	981	306	691	631
384	955	104	543	847
176	552	318	711	252
686	553	233	643	572
716	358	374	318	159
49	862	317	81	856
24	340	479	702	974
763	267	460	804	168
496	29	221	422	923
718	133	579	538	762
920	189	181	710	11
756	888	53	751	524
480	261	303	737	577
778	593	65	429	658
571	640	220	920	606
332	267	378	657	621
54	857	489	27	718
865	257	562	995	54
775	196	93	224	212
143	843	245	383	59
436	949	22	764	668
208	796	182	412	798
143	423	189	634	250
904	453	294	387	426
355	151	180	882	507
416	68	953	894	70
508	762	609	772	225
238	932	705	983	984
608	967	18	926	161
964	425	708	171	341
341	230	130	20	250
662	611	243	992	990
188	768	455	70	172
252	60	218	995	508
344	282	8	910	562
241	57	564	337	880
553	898	93	619	905
797	310	502	277	911
869	457	715	334	161
896	785	213	519	260
634	697	681	275	300
505	690	453	827	169
414	224	794	694	919
436	850	33	562	619
831	414	85	688	12
9	339	870	907	519
997	927	827	518	463
172	337	131	977	954
612	466	413	138	734
983	257	911	758	159
548	331	447	107	917
114	162	889	12	375
711	43	334	399	335
38	214	139	809	161
412	206	513	906	935
289	485	749	310	787
564	747	438	44	198
385	186	718	266	503
355	424	847	153	557
444	136	931	177	3
237	794	25	862	209
229	116	711	551	802
174	797	598	931	850
960	828	931	267	616
67	291	889	330	0
562	389	730	98	938
752	334	993	54	25
638	171	149	518	589
467	593	320	493	251
0	223	689	193	247
906	731	298	626	155
493	218	348	406	24
561	216	367	30	285
172	994	374	420	712
364	861	822	737	323
316	871	597	79	177
824	142	947	530	520
170	143	516	498	7
125	850	989	763	579
477	776	863	487	226
716	154	82	53	446
244	850	40	160	393
460	674	30	427	431
785	430	695	781	276
302	969	432	706	229
411	465	20	992	17
8	261	468	786	568
478	853	264	872	880
184	180	38	317	393
453	670	322	732	350
472	603	465	836	130
582	386	540	191	269
148	713	397	205	655
516	710	702	525	35
965	977	100	771	714
844	878	322	206	440
522	639	845	828	426
900	48	836	674	264
603	66	815	505	720
199	79	199	135	542
345	884	679	399	494
20	688	933	526	498
287	537	342	398	309
775	942	806	617	685
543	926	299	778	515
398	314	226	800	435
888	898	815	523	611
422	76	954	318	491
62	192	569	453	841
371	819	129	593	420
766	980	813	330	224
609	485	525	78	828
775	78	675	517	285
363	870	712	494	899
637	854	595	970	644
799	297	543	405	636
633	179	288	538	493
709	400	481	21	567
872	273	257	67	578
473	796	118	965	742
545	700	358	24	185
84	807	702	523	299
311	857	77	869	894
793	306	156	341	234
470	404	651	777	66
490	307	886	639	219
439	348	967	86	505
735	294	155	879	961
705	607	261	468	504
534	359	391	513	908
43	77	865	588	674
845	673	293	398	120
795	426	119	447	787
627	37	419	869	505
329	300	304	752	642
657	440	94	314	599
55	931	732	263	877
181	359	994	345	871
17	693	656	958	38
932	791	447	78	8
240	625	682	448	682
982	629	114	875	197
749	794	768	387	447
186	244	714	320	446
269	83	57	208	649
869	988	130	463	690
418	601	851	576	797
981	127	668	350	497
232	812	919	486	730
601	217	997	521	566
546	497	185	436	714
106	37	547	77	356
310	98	732	460	738
528	226	894	438	156
60	81	348	326	722
944	159	885	210	5
589	292	958	201	429
790	1	410	359	240
726	382	456	529	932
439	226	554	927	33
403	883	17	714	404
181	665	333	771	343
423	913	338	292	478
228	696	332	669	396
434	217	501	309	325
126	576	61	605	672
664	209	223	268	32
922	280	699	982	529
217	535	877	397	366
752	237	349	695	554
539	35	682	179	618
875	394	618	813	986
667	886	798	522	744
448	792	945	620	544
192	535	164	509	238
300	229	94	79	337
863	386	961	646	881
245	103	217	207	536
151	380	921	206	208
161	210	912	555	636
997	385	977	379	563
408	37	572	461	690
26	317	255	379	731
430	807	100	260	815
189	523	197	914	901
464	355	609	631	839
802	975	656	975	484
321	282	377	372	966
549	925	858	368	367
111	89	236	165	74
961	318	71	488	394
195	927	760	6	187
533	967	81	372	17
70	296	889	771	247
475	770	936	158	130
914	844	84	773	194
985	59	819	716	529
658	242	238	216	748
443	450	370	733	908
466	854	607	467	89
364	232	699	185	729
461	927	112	134	619
73	209	576	782	229
824	419	341	836	395
674	66	394	432	595
912	66	767	226	503
552	434	55	611	569
974	659	861	667	463
794	536	878	477	547
514	180	102	637	117
344	967	655	41	472
782	616	470	234	392
219	853	624	373	666
216	125	356	755	484
343	758	7	26	768
434	14	509	589	464
881	774	285	244	444
562	271	918	380	108
16	278	853	970	930
218	905	266	472	489
444	414	271	889	70
814	129	936	188	463
74	441	748	986	343
371	400	2	923	923
67	250	873	390	991
776	538	382	465	400
966	427	910	118	626
827	475	610	559	471
82	339	973	850	968
195	443	722	527	463
495	181	311	858	376
863	718	79	146	6
187	381	217	526	149
986	180	112	80	280
259	371	147	988	182
688	514	121	330	63
149	953	718	92	610
17	913	666	617	835
176	935	655	971	501
739	49	852	803	400
556	264	443	477	154
693	523	588	984	610
447	625	598	499	241
221	958	647	83	329
224	22	397	991	958
862	70	327	17	592
861	657	32	158	471
415	791	102	298	252
877	45	387	950	969
256	985	658	625	53
361	937	801	877	225
691	90	932	793	366
402	347	614	958	139
943	547	367	864	527
401	528	259	87	328
415	17	966	502	724
18	446	80	364	56
233	89	979	420	275
188	561	664	976	976
452	587	3	36	925
779	295	40	112	356
138	925	297	509	818
245	329	701	383	703
656	933	860	15	826
140	223	392	723	154
398	775	580	283	430
56	549	712	468	958
438	896	232	683	650
896	910	461	99	450
887	205	648	369	209
235	44	461	605	453
774	418	488	611	478
807	941	649	919	237
320	254	530	929	745
868	914	242	791	289
635	679	769	130	538
752	820	575	341	397
399	97	931	542	29
770	46	896	343	720
410	338	172	671	697
126	295	725	202	950
779	989	460	764	145
867	317	588	364	480
25	635	985	535	622
444	391	427	48	535
760	907	764	920	990
155	666	860	586	899
645	924	932	274	993
410	182	608	814	650
422	979	910	382	435
706	135	477	114	593
705	837	756	686	55
114	314	27	240	635
933	348	566	541	435
225	886	996	730	486
73	329	585	153	208
797	371	76	602	70
573	137	374	871	508
665	158	118	940	859
359	861	775	304	463
980	192	291	317	284
897	644	635	596	677
312	70	670	327	926
85	232	259	324	98
93	148	179	415	298
512	96	276	518	288
523	3	787	336	157
713	263	489	509	154
985	130	690	844	812
743	734	984	179	603
279	239	927	316	462
706	817	169	20	904
349	274	147	849	207
886	665	579	267	187
48	937	838	685	605
986	693	786	338	947
773	595	864	695	138
625	289	120	290	938
117	296	91	905	724
351	464	358	171	826
297	485	246	227	69
673	967	636	314	125
471	527	890	50	208
909	859	39	732	886
321	815	850	816	388
292	336	230	414	520
488	452	277	574	844
787	812	564	199	171
858	549	711	320	892
376	561	983	243	895
54	741	611	958	316
967	803	2	679	598
240	706	481	370	550
671	441	739	983	962
38	156	331	625	565
608	595	106	691	808
100	340	446	987	898
951	180	81	38	674
770	253	403	301	507
615	533	849	259	173
439	112	81	541	266
766	500	411	63	119
328	276	281	385	143
552	161	962	861	820
197	431	765	178	8
516	202	911	804	780
456	434	270	586	850
652	97	857	168	61
3	679	388	261	958
878	571	896	815	278
469	342	876	368	45
358	703	567	414	413
386	785	114	629	391
5	524	354	96	495
544	60	326	30	625
532	880	712	359	852
459	75	70	130	942
764	766	749	747	655
283	929	66	5	751
77	552	775	34	528
448	324	319	234	37
716	511	843	843	980
234	675	297	293	88
377	555	512	553	322
815	230	934	853	232
878	520	692	240	57
386	590	590	441	949
677	229	997	470	696
560	495	954	24	383
776	325	715	449	904
187	988	485	409	837
523	204	758	534	656
309	893	610	341	983
23	685	0	942	851
99	317	498	957	2
708	784	193	640	204
894	426	426	930	395
125	938	13	696	224
463	483	357	450	913
305	767	888	215	903
457	893	385	204	625
790	103	295	18	527
458	761	909	937	869
184	167	752	661	172
316	171	586	616	675
986	626	366	404	536
851	931	726	300	478
148	304	546	100	945
541	436	546	344	72
796	88	982	888	808
392	563	292	139	118
724	806	898	131	897
415	339	239	106	898
421	962	227	813	145
286	532	88	168	337
242	507	818	704	2
609	941	157	828	73
900	90	839	66	770
484	443	188	284	396
692	546	18	632	770
273	958	678	645	197
924	376	598	762	701
875	372	632	701	364
32	22	754	55	33
592	859	605	224	490
626	577	668	291	634
121	42	184	632	82
928	295	138	367	769
163	557	209	945	838
941	906	164	582	483
112	406	934	71	481
847	605	63	863	819
569	900	553	42	847
889	54	155	217	143
144	257	40	94	914
739	593	569	766	324
446	765	722	709	746
66	57	518	167	273
225	846	13	570	112
637	600	385	337	47
44	360	644	669	845
593	360	360	32	387
702	861	367	855	121
905	810	716	929	777
293	124	189	8	352
326	274	649	610	638
616	328	479	883	474
193	372	966	77	315
907	988	154	834	32
438	581	502	198	549
829	178	874	520	271
184	206	302	97	82
925	83	376	522	606
333	263	111	921	324
693	999	963	192	765
84	747	688	725	837
888	179	491	225	422
353	182	935	334	332
424	808	67	481	19
131	598	650	921	325
199	564	474	38	812
968	576	24	321	199
911	534	170	594	892
177	252	147	401	260
574	91	491	178	208
557	317	338	846	840
416	479	767	682	329
471	776	119	176	622
823	361	405	582	265
489	295	305	927	837
262	181	400	988	34
575	200	468	236	987
482	99	714	955	362
209	423	82	836	34
272	652	842	931	901
622	39	544	323	735
601	555	690	173	54
327	466	70	710	338
681	82	102	676	877
954	445	260	838	416
359	821	887	349	680
244	931	927	637	639
453	287	775	737	289
741	350	185	232	226
956	377	495	788	90
652	130	848	465	482
313	323	579	380	859
921	54	111	264	763
87	63	439	664	394
13	381	328	341	157
651	598	169	883	8
961	793	929	250	165
308	30	888	628	631
682	429	49	156	980
977	216	636	155	219
471	674	962	469	740
355	779	832	674	364
792	787	273	486	9
924	926	861	224	159
692	441	81	379	186
175	343	949	145	744
608	508	563	690	457
998	97	130	117	700
623	731	131	554	131
752	987	209	854	455
834	926	947	79	444
357	557	224	386	131
12	478	965	332	703
365	22	152	798	105
288	481	307	222	129
269	233	39	968	563
206	117	632	239	596
837	210	925	520	678
515	786	828	563	816
445	537	212	953	453
487	129	825	558	605
620	314	664	5	328
752	584	854	927	707
680	25	594	784	191
119	638	925	593	373
143	323	636	130	402
601	708	299	374	947
701	104	575	516	141
151	15	471	398	697
483	973	747	540	938
78	70	223	445	371
689	764	763	608	75
328	596	225	217	429
448	800	283	120	737
936	179	42	730	173
925	820	8	669	786
677	42	756	115	937
431	771	685	92	395
192	877	445	279	646
116	786	979	352	173
96	481	33	670	881
807	83	213	352	274
216	3	819	630	515
327	490	961	371	747
893	81	162	380	126
349	45	545	989	7
590	618	387	342	479
866	619	279	240	808
804	56	761	77	9
1	346	75	973	541
139	179	875	837	488
841	803	392	236	422
844	805	520	289	220
170	991	678	893	980
472	999	929	905	542
377	954	703	995	875
160	932	515	13	713
173	9	508	763	154
518	495	525	987	315
564	618	571	715	686
321	279	58	769	919
700	375	890	537	641
567	436	897	712	433
130	982	140	987	776
643	227	60	220	394
709	451	841	988	351
226	522	216	50	243
894	900	96	170	893
50	637	889	481	306
752	970	460	885	564
443	217	275	651	253
993	246	365	311	548
238	454	608	688	261
311	969	697	149	385
378	957	414	380	189
952	88	176	520	362
209	905	669	852	114
153	213	230	975	904
87	235	980	373	800
690	911	664	7	789
905	21	666	257	484
267	387	670	561	644
396	348	107	852	43
457	400	845	983	576
282	420	327	669	587
929	473	62	42	173
425	33	934	600	650
186	332	587	175	85
610	988	921	994	672
837	608	348	791	960
603	76	396	115	880
872	409	542	452	847
128	220	458	751	432
145	562	832	78	807
602	769	272	110	359
316	668	589	553	4
713	700	429	599	860
294	447	878	429	256
415	311	195	928	689
108	18	190	740	463
839	415	975	767	641
364	166	265	671	173
843	9	944	850	235
642	338	143	877	501
596	224	713	465	881
699	965	539	618	72
317	75	487	202	763
905	219	321	394	115
684	261	608	454	952
545	947	221	411	860
613	446	493	452	964
716	288	711	125	72
33	559	917	26	974
502	755	283	656	121
877	601	709	311	992
197	701	733	952	331
226	953	540	159	919
544	875	662	71	373
974	613	708	651	426
422	610	655	372	89
875	699	818	612	697
165	618	185	99	859
110	377	535	408	453
932	491	659	155	779
435	304	456	727	572
959	168	214	603	648
638	930	416	505	809
428	232	941	358	414
754	936	803	858	175
547	850	458	776	911
863	486	73	654	916
639	141	429	369	992
647	357	686	716	860
7	468	265	48	422
252	270	433	519	10
489	481	521	247	703
543	24	569	860	558
902	380	524	336	592
742	883	608	731	233
418	364	293	552	741
654	946	984	193	788
436	190	702	185	142
289	104	452	943	690
193	308	208	769	670
754	346	641	235	856
459	430	592	19	774
94	381	846	335	268
783	236	243	199	496
899	855	515	238	957
11	331	31	843	936
916	962	626	88	647
544	191	615	746	487
37	4	411	16	795
529	968	14	744	607
5	159	354	33	128
106	880	259	510	372
206	686	291	62	82
345	289	467	501	661
145	301	721	355	457
947	931	111	746	497
137	366	611	47	51
688	492	104	111	773
148	23	426	150	173
775	308	10	779	470
535	387	564	71	578
605	644	52	261	996
575	500	556	450	703
736	253	787	757	986
560	616	211	699	379
617	514	413	359	884
812	757	883	110	93
233	839	243	154	416
818	279	32	604	781
290	294	599	434	176
776	836	603	220	595
129	200	601	917	136
792	295	978	550	848
515	418	678	50	170
527	680	937	832	418
224	926	703	509	285
840	807	401	410	667
736	572	687	705	953
806	263	393	540	175
531	786	896	121	64
96	270	97	80	166
143	109	245	835	48
560	872	341	964	350
189	867	221	444	599
530	352	74	148	89
278	808	670	285	164
30	45	410	74	299
654	473	372	793	604
941	883	899	642	725
149	132	523	508	340
712	601	750	290	50
211	383	191	775	0
609	621	706	325	894
419	718	916	732	195
926	616	206	931	244
361	382	696	721	48
831	129	598	242	114
729	709	663	353	978
337	240	49	548	562
156	493	371	84	912
711	264	965	994	400
614	746	656	179	686
397	478	946	900	32
165	476	70	581	421
533	373	867	259	839
342	818	469	256	805
531	202	487	518	654
414	964	679	946	498
412	595	727	224	149
769	3	631	598	242
499	704	368	863	990
36	99	414	280	619
52	285	363	822	757
283	999	878	386	89
950	451	802	275	810
655	463	54	639	281
79	377	295	361	849
468	683	961	793	727
290	956	47	491	706
256	96	859	712	124
475	760	821	253	646
557	960	876	588	154
972	927	837	835	903
377	409	184	354	453
693	877	573	759	168
883	438	947	496	984
530	802	436	47	233
344	104	890	381	141
60	223	429	548	503
469	8	678	766	86
417	317	786	277	328
957	636	869	598	384
700	719	51	386	386
674	36	275	605	598
275	870	495	742	999
938	643	78	984	784
967	325	447	295	107
593	34	249	783	42
168	544	855	8	761
480	349	863	574	605
727	759	216	825	388
380	509	716	938	935
618	944	682	213	768
512	458	309	90	778
849	395	705	363	29
979	990	15	297	598
924	990	96	544	747
124	483	977	325	455
711	871	19	995	517
758	493	134	412	437
415	196	188	605	891
173	1	26	649	536
620	493	10	855	163
939	497	318	921	827
274	666	57	825	913
207	470	514	974	424
354	745	348	759	155
140	219	186	41	896
384	809	688	749	979
290	586	410	187	175
212	958	75	40	335
177	506	621	232	705
464	127	490	941	624
196	83	226	727	605
893	686	245	690	272
437	580	24	386	920
531	358	966	654	239
730	288	911	504	331
294	510	150	232	818
206	135	170	807	364
531	146	169	410	485
487	910	51	411	69
970	247	63	586	13
332	470	60	422	406
682	933	417	544	453
26	906	88	478	848
277	563	206	127	724
762	340	944	862	839
41	504	316	300	703
101	261	638	114	82
551	492	667	532	646
465	928	12	707	685
437	250	720	275	587
115	833	411	191	132
240	908	138	407	41
130	181	196	153	597
323	387	168	920	129
472	453	279	358	600
849	381	267	150	458
265	389	444	389	917
977	303	454	848	130
728	991	231	764	274
395	195	362	720	249
400	362	27	127	962
505	874	713	705	909
194	200	771	968	404
227	509	138	683	725
787	305	219	3	201
423	162	344	928	738
643	340	133	564	140
568	951	121	439	434
500	808	8	32	545
981	625	106	732	153
729	131	700	215	250
95	479	384	725	485
384	75	849	211	30
654	273	589	477	31
415	887	602	646	502
489	833	838	546	377
213	73	110	707	341
471	243	874	759	618
330	792	261	374	161
258	360	159	383	924
967	328	103	210	987
16	575	879	672	456
981	740	405	952	31
717	30	729	420	147
532	429	263	228	527
944	114	716	429	607
954	225	799	234	183
801	815	951	708	962
495	237	740	135	272
533	126	121	154	606
906	904	809	245	50
302	325	383	346	910
514	254	857	950	460
348	199	532	485	575
100	581	152	94	659
750	54	949	592	198
645	574	788	216	308
874	720	249	198	824
749	593	38	116	469
233	7	720	951	432
978	705	39	954	904
737	731	274	572	706
290	371	341	546	750
708	948	475	487	473
476	942	913	644	81
843	657	954	416	656
391	421	845	258	689
317	709	533	696	103
743	130	780	358	488
968	451	693	425	454
337	957	730	538	663
34	190	858	435	143
600	366	798	565	683
594	182	510	136	178
831	224	152	643	582
87	335	981	975	126
113	721	186	898	927
32	414	70	130	923
471	22	592	552	102
432	395	730	580	571
152	43	275	958	721
932	712	506	421	420
682	192	978	559	639
58	153	661	716	626
601	687	367	679	50
999	607	256	425	219
963	739	505	509	185
518	896	241	557	501
154	168	815	458	359
187	171	821	310	420
243	507	583	492	865
866	919	405	473	446
754	843	561	811	774
257	181	403	263	914
677	712	237	252	995
713	414	654	136	968
828	988	670	321	197
28	774	175	255	912
313	576	52	40	620
277	420	540	788	884
849	131	805	766	175
352	345	933	687	813
67	959	658	91	511
802	487	335	514	130
387	608	596	224	437
440	782	500	182	384
161	525	49	366	427
980	552	957	268	188
943	351	428	296	885
21	509	464	781	283
413	257	666	721	537
72	540	186	852	770
947	757	343	112	74
349	821	854	646	176
819	899	634	800	891
173	659	316	677	805
784	169	2	948	619
938	229	318	282	472
150	597	924	430	95
945	456	617	626	820
772	813	635	687	426
409	978	409	120	523
518	67	117	116	298
122	772	805	115	460
458	544	117	582	907
906	797	121	143	17
292	761	50	243	380
536	27	255	704	928
288	439	426	231	732
829	629	108	997	45
334	761	291	236	703
563	629	177	873	9
200	43	321	404	999
621	440	723	642	211
112	12	402	92	808
214	795	40	939	719
469	840	662	869	256
596	260	132	324	600
213	156	537	484	909
544	504	832	525	783
191	160	152	895	536
261	355	474	616	74
269	365	217	708	149
646	256	817	300	797
450	258	635	106	464
129	532	501	132	574
472	85	652	168	733
231	744	146	150	653
54	901	537	319	290
550	768	656	779	55
928	389	63	842	811
441	1	695	257	44
97	125	900	918	493
17	161	924	277	350
133	240	309	986	303
201	943	521	269	900
451	396	12	408	379
922	513	185	534	284
574	463	223	949	841
221	733	782	848	552
664	660	807	419	3
95	690	40	152	850
326	324	535	616	908
517	187	709	407	462
984	608	84	423	939
275	247	219	132	23
975	788	605	263	706
893	627	822	256	918
89	520	593	440	908
905	489	613	764	828
215	4	535	359	926
490	795	78	333	956
626	418	999	130	653
39	295	931	778	181
597	35	207	419	397
341	885	208	554	421
321	993	511	276	449
342	185	708	613	724
204	105	764	612	453
655	63	356	989	745
408	703	177	642	859
474	714	616	974	527
885	977	666	795	191
28	578	173	665	626
975	866	60	540	8
897	368	249	989	430
520	766	356	874	174
324	844	798	793	802
220	217	669	296	198
215	348	684	809	391
925	858	840	856	331
961	769	85	746	111
47	86	522	921	800
913	375	432	241	455
374	23	841	687	530
534	235	551	505	430
626	674	77	974	274
791	932	805	262	887
7	198	597	766	888
840	921	512	81	720
292	384	94	927	894
897	729	88	207	696
527	277	531	499	380
616	579	981	106	296
30	213	412	118	86
737	729	93	818	745
9	494	761	793	562
715	318	754	122	763
303	339	950	523	333
976	567	865	479	334
237	314	335	359	370
883	687	104	421	927
378	904	934	294	776
806	359	735	683	964
488	582	303	800	519
614	809	495	976	706
484	842	159	724	704
405	532	625	157	411
822	266	597	207	232
468	156	586	678	399
868	358	63	892	406
348	486	36	780	229
739	496	925	387	235
336	162	390	841	253
487	688	58	994	871
239	67	609	835	7
396	779	964	823	614
99	222	936	131	244
618	987	987	109	855
39	925	2	616	672
340	983	189	808	431
924	539	272	733	617
162	39	762	835	141
370	846	708	434	439
740	300	508	810	100
749	164	297	523	671
688	410	637	577	209
922	501	992	261	519
271	67	967	20	414
533	704	970	760	206
59	468	201	131	52
987	25	150	178	360
802	303	772	731	840
35	472	557	743	109
50	312	826	529	556
231	128	386	795	915
835	330	109	200	331
21	895	605	261	328
85	119	39	979	639
377	565	478	660	29
41	326	28	67	450
122	341	786	852	233
519	775	528	151	63
622	776	354	831	968
502	374	682	818	521
535	34	723	728	471
986	639	560	447	632
27	247	437	459	579
668	363	51	858	730
613	116	971	641	870
770	198	905	608	966
603	981	319	289	395
499	113	975	519	115
173	376	220	261	572
553	662	790	509	199
896	172	968	468	901
124	324	191	990	386
572	314	312	972	843
689	249	483	303	891
393	763	845	50	311
97	898	373	303	721
343	419	160	612	656
599	823	163	761	953
252	348	202	586	85
108	897	566	440	216
916	396	954	301	364
232	813	337	898	564
562	584	149	436	413
19	932	525	322	445
873	632	279	357	81
707	66	237	55	673
889	853	157	778	702
752	265	790	53	312
236	538	758	871	867
253	79	663	50	972
72	803	448	62	353
417	331	831	670	746
235	892	407	130	736
592	922	179	150	487
962	683	111	250	46
693	962	929	363	997
193	509	991	139	565
732	372	727	524	879
610	281	350	569	448
54	183	530	170	742
301	712	803	100	895
216	612	126	979	996
323	528	240	417	676
995	691	806	906	536
145	487	100	456	640
665	888	110	899	794
392	315	627	135	367
436	336	667	245	539
610	587	193	819	416
66	555	395	915	681
747	959	54	360	545
355	526	981	298	480
275	649	596	564	284
696	434	281	959	429
713	58	541	640	940
855	212	177	119	850
450	282	690	136	843
373	641	346	314	713
712	625	996	591	453
26	860	100	467	439
607	766	913	718	949
517	759	714	581	720
206	588	494	101	532
444	246	71	648	53
127	497	867	863	44
728	232	827	677	877
89	698	224	479	590
385	29	615	352	459
583	768	385	990	159
684	121	494	65	381
445	752	792	836	400
274	152	915	143	769
191	64	482	113	791
543	342	981	229	470
503	229	637	687	238
5	288	475	261	428
551	800	423	585	666
404	873	703	817	994
382	43	845	969	563
963	887	39	19	376
646	690	486	952	607
397	250	840	217	671
101	189	186	553	947
625	59	2	674	78
540	439	878	955	694
212	425	138	374	327
757	942	852	161	905
994	339	223	55	129
758	169	238	368	647
591	608	123	6	22
727	767	945	858	830
642	167	793	945	475
81	7	846	426	941
259	302	172	139	28
2	267	104	397	468
536	688	585	93	622
304	695	737	658	248
498	599	968	328	996
928	16	104	804	898
90	589	826	272	129
520	508	543	554	157
949	19	155	410	327
257	799	166	885	50
0	550	368	266	507
190	363	402	979	893
967	306	439	909	221
820	371	11	261	762
94	440	432	531	133
69	816	671	442	943
479	659	715	37	704
970	392	354	347	268
629	150	183	437	560
243	894	728	810	692
586	354	960	759	947
815	643	192	884	306
773	491	69	104	524
632	391	801	159	367
734	377	937	880	972
380	594	816	961	879
317	510	986	979	339
131	616	935	86	689
463	317	899	15	990
696	484	294	960	45
974	897	589	445	483
951	854	458	315	981
472	346	438	35	134
528	272	952	468	646
331	455	898	966	907
373	272	528	566	954
273	850	298	417	134
627	913	677	260	276
445	617	774	402	200
513	321	316	474	334
743	161	812	165	691
228	210	694	344	345
711	295	387	537	375
904	658	751	290	31
796	387	851	102	917
957	133	626	464	577
887	33	528	708	563
292	94	228	346	48
787	382	402	335	509
819	192	794	785	906
389	624	66	794	995
436	322	781	238	464
255	915	813	306	849
574	926	369	522	753
77	490	535	336	351
749	232	825	69	887
190	751	25	782	280
254	370	701	798	935
618	746	920	685	750
645	620	453	27	785
377	861	29	853	801
731	952	833	604	270
193	323	33	53	880
671	354	41	64	994
67	46	551	818	264
372	694	491	296	60
219	758	842	306	306
523	991	538	674	557
49	154	140	509	571
124	463	575	655	565
372	729	115	671	687
151	12	922	875	892
437	986	835	260	174
159	637	742	943	806
306	297	601	569	980
232	716	887	236	19
398	370	985	883	646
744	836	67	502	247
914	854	404	161	825
68	867	276	419	683
159	335	924	976	215
191	555	220	966	163
172	534	757	18	205
212	768	54	224	553
894	989	111	332	62
986	58	838	565	620
512	634	685	527	963
825	226	924	401	680
490	664	65	118	366
950	29	436	845	199
257	283	473	979	804
709	729	944	22	267
522	735	401	138	606
774	454	37	527	383
945	188	324	415	985
293	641	376	71	445
94	32	531	639	475
332	186	390	492	586
522	859	533	562	177
58	573	232	205	65
216	932	964	177	172
47	637	63	25	584
569	243	350	584	447
939	469	259	786	270
45	805	419	476	894
993	788	88	98	232
490	127	126	283	985
899	199	420	968	41
473	53	585	569	93
955	7	801	202	834
892	640	761	838	13
695	435	360	678	182
549	339	897	541	749
872	614	681	354	110
275	812	9	213	615
868	151	86	236	481
841	632	291	10	965
919	717	425	456	834
48	209	937	712	789
729	981	34	292	505
890	181	943	508	694
405	340	7	293	300
134	550	364	257	519
404	167	161	6	779
827	138	741	620	626
689	660	44	628	916
354	511	614	804	502
872	683	313	47	137
125	454	388	903	199
213	732	690	997	926
621	394	854	706	313
980	118	708	205	71
557	65	926	70	774
353	490	878	645	704
132	51	629	697	983
208	615	940	351	726
886	517	686	37	761
319	389	257	649	248
297	184	272	798	884
545	633	875	858	31
629	829	101	759	178
440	196	967	22	964
250	498	724	45	123
264	949	109	665	330
428	349	537	928	995
320	519	438	190	532
507	666	467	267	612
118	374	866	445	611
915	940	813	343	100
389	223	538	88	424
987	678	469	298	198
938	737	494	595	829
669	728	485	34	644
518	654	518	78	693
339	613	12	946	206
777	26	187	766	488
421	279	946	950	463
50	551	214	995	242
882	359	395	547	435
814	104	372	580	239
469	303	274	468	123
889	393	614	867	203
642	789	485	903	493
563	819	839	22	195
856	289	903	564	749
354	219	515	642	39
537	357	850	479	153
599	870	899	378	47
104	175	243	590	192
446	737	506	971	627
234	297	960	241	11
602	626	976	490	302
86	363	360	943	464
19	258	597	241	639
858	157	948	363	575
639	369	274	301	315
866	314	637	292	399
163	993	448	388	993
674	624	931	389	618
238	696	707	696	972
653	896	193	282	883
632	826	258	36	438
24	569	923	5	716
537	582	541	654	644
107	211	916	416	389
551	758	660	658	773
600	52	675	892	763
335	840	957	792	506
108	247	50	805	283
747	443	189	450	697
559	576	693	353	729
394	57	306	106	153
277	46	294	782	151
744	12	709	979	693
505	179	446	19	290
357	509	783	409	903
410	356	508	722	980
60	357	699	312	635
883	972	368	873	792
135	36	610	480	189
249	795	409	605	824
576	317	306	443	995
440	200	580	87	865
515	432	244	933	684
400	345	23	141	97
904	901	931	760	538
942	303	71	448	243
46	199	267	433	394
573	767	700	799	342
610	344	593	376	269
712	579	353	416	687
539	415	219	671	728
365	628	733	812	994
290	173	314	124	290
889	445	825	250	417
55	674	987	508	531
968	331	736	36	310
38	575	198	356	957
717	716	801	588	645
489	641	647	43	802
437	278	932	262	532
8	827	773	797	547
369	669	783	9	426
107	341	122	899	27
423	480	814	413	28
213	861	122	139	509
249	339	764	967	527
51	280	164	479	755
592	663	299	177	476
226	732	332	88	828
537	633	76	237	970
867	787	625	383	387
977	861	622	728	83
311	180	109	770	586
419	152	172	708	197
704	230	615	886	89
581	103	17	872	695
479	445	863	40	989
712	525	458	326	531
449	740	873	899	948
864	756	304	941	524
899	661	204	594	314
703	630	188	37	786
202	119	191	340	308
141	654	234	391	220
816	365	744	464	667
349	780	477	81	386
874	556	254	630	941
283	255	789	230	744
754	419	236	26	651
885	413	988	845	994
958	450	35	169	211
613	78	724	220	608
484	371	847	218	306
237	904	854	111	864
664	491	702	933	966
611	13	544	985	306
186	481	439	787	614
406	753	657	80	400
306	506	244	941	123
625	601	439	160	955
359	602	418	341	212
186	336	610	848	834
55	711	851	443	304
41	376	765	458	439
52	490	363	524	611
445	324	401	854	516
221	885	426	193	97
547	46	317	683	285
724	584	407	412	623
121	45	626	838	103
194	437	160	760	197
20	367	659	986	798
842	128	718	282	523
118	903	5	590	806
829	433	795	552	280
789	514	676	436	601
585	592	120	29	357
531	819	564	87	801
949	968	958	97	327
599	571	662	752	970
26	435	607	667	21
757	890	133	535	563
181	1	684	595	21
175	739	900	913	612
682	958	65	558	673
553	540	576	870	229
812	326	400	450	113
899	293	674	273	221
44	861	218	664	264
417	176	635	586	662
709	753	919	318	256
415	873	484	477	639
332	285	813	630	945
744	323	865	378	776
40	71	285	331	233
784	569	575	185	587
403	941	275	215	230
177	48	100	890	404
98	603	764	630	908
391	45	339	61	120
727	553	969	384	524
473	313	28	900	558
90	428	666	343	616
669	567	653	839	757
465	765	185	665	642
109	945	130	490	274
249	169	924	539	342
72	994	480	326	615
132	618	118	360	585
501	908	92	747	466
700	853	704	437	230
96	166	69	454	565
12	714	492	584	113
613	601	73	361	27
512	535	332	359	770
256	859	635	897	177
400	865	845	589	514
87	64	842	759	13
200	343	675	454	490
215	153	181	733	821
448	403	580	511	8
324	421	193	234	606
65	948	271	688	552
574	384	376	22	815
513	505	813	300	218
25	914	78	773	294
636	509	720	536	502
644	164	121	662	587
347	512	849	968	232
587	57	488	667	239
96	661	359	336	361
306	632	440	113	434
984	810	691	239	270
815	832	383	191	934
265	49	633	525	231
827	302	600	827	202
998	454	776	536	574
647	760	960	380	107
968	803	485	291	793
173	292	612	994	348
397	114	19	210	328
758	986	453	456	502
297	183	918	331	265
567	119	70	546	154
872	70	460	158	181
580	446	207	482	229
406	484	220	191	669
868	733	619	359	136
935	761	321	117	106
515	145	404	916	387
371	106	906	700	303
184	140	840	151	158
675	898	62	269	148
618	357	264	284	465
632	283	209	769	496
950	31	653	895	851
134	739	235	681	661
963	261	464	582	245
836	93	677	886	798
667	121	451	598	947
700	574	192	172	523
756	665	982	620	793
940	579	737	345	104
233	869	172	733	653
565	770	653	718	301
550	808	232	658	947
816	200	18	664	100
265	811	156	829	668
198	994	998	777	673
304	801	267	907	453
489	599	791	369	248
808	446	730	515	189
470	161	550	432	658
793	93	121	394	39
350	564	225	957	467
340	868	672	388	657
891	163	371	262	939
917	120	226	43	947
591	914	775	354	621
329	459	353	987	212
699	569	186	264	376
953	157	963	900	768
806	24	539	556	4
800	550	469	21	52
562	465	752	975	561
442	719	338	896	480
779	888	443	403	255
574	902	952	722	401
503	311	233	492	773
442	58	212	993	755
288	699	5	960	435
820	943	727	507	88
411	380	256	599	434
485	297	343	859	700
950	120	942	809	923
146	94	84	32	791
938	807	324	201	629
222	343	204	410	530
109	315	130	909	366
249	284	36	9	693
98	375	875	897	573
477	998	870	681	887
208	321	707	457	800
121	174	925	261	902
602	903	512	78	85
919	562	346	688	865
992	149	792	328	446
523	636	174	719	439
763	665	910	20	88
136	866	887	107	597
92	725	550	726	655
268	989	514	624	23
554	14	162	198	22
317	259	344	393	959
14	457	926	617	722
731	283	361	406	285
142	86	918	454	152
604	822	199	315	941
348	79	164	580	176
606	92	341	597	257
715	685	320	86	915
249	147	173	7	626
350	466	846	253	246
547	698	865	112	153
215	75	998	694	517
884	977	599	127	266
745	570	698	907	444
169	492	691	717	514
387	599	503	210	227
246	174	898	889	959
870	65	111	69	833
0	383	274	880	548
223	513	634	469	707
34	173	217	144	281
203	861	198	3	667
955	571	412	363	285
640	708	457	2	438
888	755	763	191	403
357	684	324	447	414
865	445	74	537	278
644	172	806	870	559
234	813	608	889	64
599	542	803	912	601
991	509	616	997	108
302	649	641	308	456
627	760	260	202	624
778	270	681	685	929
630	264	965	410	506
87	174	970	424	282
228	178	983	272	642
680	474	658	106	987
463	661	362	483	956
939	237	499	712	173
335	35	10	355	717
570	351	532	399	31
186	235	112	461	524
568	582	734	128	494
258	282	235	612	336
806	166	371	269	951
812	637	382	643	497
99	928	449	745	461
980	261	72	88	23
843	504	676	963	919
93	942	335	870	583
932	201	364	297	650
354	744	689	945	441
771	180	454	851	931
120	705	615	960	52
553	307	463	818	800
882	155	32	257	65
439	949	520	559	456
760	545	824	779	923
152	446	227	270	753
299	825	610	263	787
337	152	158	182	697
112	261	655	267	732
659	781	531	652	459
39	71	646	886	726
500	202	921	39	914
46	500	814	225	798
922	831	148	65	850
653	387	384	542	635
8	769	276	957	950
697	701	965	242	615
675	130	616	843	50
748	801	126	190	849
161	631	621	106	356
249	710	317	392	590
684	59	193	321	420
41	32	797	140	586
118	909	595	627	125
734	140	909	390	663
422	683	414	483	771
36	563	979	454	49
598	613	740	639	699
669	623	404	731	31
456	740	412	552	237
638	848	964	532	837
803	928	828	130	215
363	775	664	723	609
95	482	400	636	506
56	630	677	66	686
61	885	598	992	703
248	729	971	760	717
864	826	960	846	722
515	109	461	790	558
741	734	923	452	593
662	960	840	848	242
352	208	278	343	765
149	72	828	707	178
189	431	176	447	872
635	997	921	800	722
845	984	499	713	773
963	91	359	531	246
170	523	56	287	928
898	109	543	717	839
969	452	114	52	913
971	693	804	731	334
310	833	281	496	179
815	337	123	271	29
200	597	871	3	708
519	597	504	521	69
231	159	309	427	547
942	968	943	809	44
340	573	563	1	342
507	94	456	868	666
180	388	999	826	225
687	106	732	399	452
267	994	969	857	285
794	143	467	768	620
208	697	851	957	118
354	826	361	222	321
